mkdir -p failed for path /.config/matplotlib: [Errno 13] Permission denied: '/.config'
Matplotlib created a temporary cache directory at /tmp/matplotlib-_x6xmofc because there was an issue with the default path (/.config/matplotlib); it is highly recommended to set the MPLCONFIGDIR environment variable to a writable directory, in particular to speed up the import of Matplotlib and to better support multiprocessing.
2026-07-25 05:30:38.881 | INFO     | sc2.protocol:_execute:72 - Client status changed to Status.in_game (was None)
2026-07-25 05:30:38.881 | INFO     | sc2.main:_play_game:221 - Player 2 - Bot T2(Terran)
00:00    0    0ms     0M    0G  12/ 15U INFO sharpy.managers.core.log_manager:80 [Version] 4.10.0.75689
00:00    0    0ms     0M    0G  12/ 15U INFO sharpy.managers.core.log_manager:80 [Version] 5.0.6 Balance mod recognized.
00:00    0    0ms     0M    0G  12/ 15U INFO sharpy.managers.core.log_manager:80 [TZoneManager] Map set to: MapName.Unknown from name: UltraloveAIE and hash: 3875274.
00:00    0    0ms     0M    0G  12/ 15U INFO sharpy.managers.core.log_manager:80 [TZoneManager] Map path: UltraloveAIE_v2
00:00    0    0ms     0M    0G  12/ 15U WARNING sharpy.managers.core.log_manager:80 [DataManager] No BuildDetector found, enemy build data cannot be saved
00:00    0    0ms     0M    0G  12/ 15U INFO terranbot.managers.map_analysis_manager:57 Setting ZONE map
00:00    0    0ms     0M    0G  12/ 15U INFO terranbot.managers.reaper_jump_point_manager:241 Reaper jumppoints loaded from file: data/reaper_jumps-UltraloveAIE.json, number jump points: 3
00:00    0    0ms     0M    0G  12/ 15U INFO terranbot.managers.encounter_tracker:169 EncounterTrackerManager: writing to /bot/data/encounters/encounters_UltraloveAIE_20260725T053039Z.jsonl
00:00    0    0ms     0M    0G  12/ 15U INFO terranbot.builds.plans.acts.reaper_harass:579 Reaper harass started, self.debug=False
00:00    0    0ms     0M    0G  12/ 15U INFO terranbot.builds.plans.acts.reaper_harass:579 Reaper harass started, self.debug=False
00:00    0    0ms     0M    0G  12/ 15U INFO terranbot.builds.plans.acts.reaper_harass:579 Reaper harass started, self.debug=False
00:00    0    0ms     0M    0G  12/ 15U INFO sharpy.managers.core.log_manager:80 [Start] My race: Terran
00:00    0    0ms     0M    0G  12/ 15U INFO sharpy.managers.core.log_manager:80 [Start] Opponent race: Terran
00:00    0    0ms     0M    0G  12/ 15U INFO sharpy.managers.core.log_manager:80 [Start] OpponentId: 1ae91f94-2b0a-42ec-9057-56ca32217de4
00:00    0    0ms    50M    0G  12/ 15U INFO sharpy.managers.core.log_manager:80 [GameAnalyzer] Income advantage is now SmallDisadvantage
00:00    0    0ms    50M    0G  12/ 15U INFO sharpy.managers.core.log_manager:80 [GameAnalyzer] Known army advantage is now SlightAdvantage
00:00    0    0ms    50M    0G  12/ 15U INFO sharpy.managers.core.log_manager:80 [GameAnalyzer] Predicted army advantage is now SlightAdvantage
00:00    0    0ms    50M    0G  12/ 15U INFO terranbot.builds.build_selector:41 Build chosen: 111
00:00    0    0ms    50M    0G  12/ 15U INFO sharpy.managers.core.log_manager:80 [ChatManager] Tag:f31d46f
00:00    0    0ms    50M    0G  12/ 15U INFO sharpy.managers.core.log_manager:80 [ChatManager] Tag:111
00:06  144   30ms    45M    0G  13/ 15U INFO sharpy.managers.core.log_manager:80 [GameAnalyzer] Income advantage is now Even
00:10  240   22ms   100M    0G  13/ 15U INFO sharpy.managers.core.log_manager:80 [GameAnalyzer] Income advantage is now SlightAdvantage
00:15  340   28ms     5M    0G  13/ 15U INFO sharpy.managers.core.log_manager:80 [TrainSCV] SCV from COMMANDCENTER at (42.5, 46.5)
00:21  480   30ms    65M    0G  14/ 15U INFO sharpy.managers.core.log_manager:80 [GameAnalyzer] Income advantage is now Even
00:23  528   22ms   100M    0G  14/ 15U INFO sharpy.managers.core.log_manager:80 [GameAnalyzer] Income advantage is now SlightAdvantage
00:27  616   33ms   110M    0G  14/ 15U INFO sharpy.managers.core.log_manager:80 [TrainSCV] SCV from COMMANDCENTER at (42.5, 46.5)
00:30  672   23ms   135M    0G  15/ 15U INFO sharpy.managers.core.log_manager:80 [GameAnalyzer] Income advantage is now Even
00:36  820   39ms   220M    0G  15/ 23U INFO sharpy.managers.core.log_manager:80 [BuildPosition] Building BARRACKS to (53.5, 52.5)
00:38  860   23ms    15M    0G  15/ 23U INFO sharpy.managers.core.log_manager:80 [BuildGas] Building REFINERY to (35.5, 49.5)
00:41  928   23ms    10M    0G  15/ 23U INFO sharpy.managers.core.log_manager:80 [TrainSCV] SCV from COMMANDCENTER at (42.5, 46.5)
00:53 1204   42ms   120M    0G  16/ 23U INFO sharpy.managers.core.log_manager:80 [TrainSCV] SCV from COMMANDCENTER at (42.5, 46.5)
01:00 1344   32ms   205M    0G  17/ 23U INFO sharpy.managers.core.log_manager:80 [GameAnalyzer] Income advantage is now SlightAdvantage
01:04 1440   30ms   245M    0G  17/ 23U INFO sharpy.managers.core.log_manager:80 [GameAnalyzer] Income advantage is now Even
01:06 1480   35ms   225M    0G  17/ 23U INFO sharpy.managers.core.log_manager:80 [TrainSCV] SCV from COMMANDCENTER at (42.5, 46.5)
01:06 1488   34ms   225M    8G  18/ 23U INFO sharpy.managers.core.log_manager:80 [GameAnalyzer] Income advantage is now SlightAdvantage
01:08 1536   25ms   245M    8G  18/ 23U INFO sharpy.managers.core.log_manager:80 [GameAnalyzer] Income advantage is now Even
01:10 1584   33ms   275M   12G  18/ 23U INFO sharpy.managers.core.log_manager:80 [GameAnalyzer] Income advantage is now SlightAdvantage
01:18 1756   29ms   325M   32G  18/ 23U INFO sharpy.managers.core.log_manager:80 [TrainSCV] SCV from COMMANDCENTER at (42.5, 46.5)
01:21 1824   25ms   355M   40G  19/ 23U INFO sharpy.managers.core.log_manager:80 [GameAnalyzer] Income advantage is now Even
01:25 1920   35ms   410M   48G  19/ 23U INFO sharpy.managers.core.log_manager:80 [GameAnalyzer] Income advantage is now SlightAdvantage
01:25 1924   40ms   260M   52G  19/ 23U INFO sharpy.managers.core.log_manager:80 [BuildAddon] UnitTypeId.BARRACKSREACTOR to (56.0, 52.0)
01:32 2068   44ms   295M   18G  19/ 23U INFO sharpy.managers.core.log_manager:80 [GameAnalyzer] Income advantage is now Even
01:33 2084   47ms   305M   18G  19/ 23U INFO sharpy.managers.core.log_manager:80 [GameAnalyzer] Predicted army advantage is now SmallDisadvantage
01:34 2120   43ms   320M   22G  19/ 23U WARNING terranbot.tactics.safer_worker_scout:342 target (133.4098300562505, 131.62214747707526) unreachable!
01:34 2124   34ms   325M   26G  19/ 23U WARNING terranbot.tactics.safer_worker_scout:342 target (134.80869393641143, 130.06855174522605) unreachable!
01:35 2128   42ms   325M   26G  19/ 23U WARNING terranbot.tactics.safer_worker_scout:342 target (136.5, 128.8397459621556) unreachable!
01:35 2132   44ms   335M   26G  19/ 23U WARNING terranbot.tactics.safer_worker_scout:342 target (138.4098300562505, 127.98943483704846) unreachable!
01:35 2136   40ms   340M   26G  19/ 23U WARNING terranbot.tactics.safer_worker_scout:342 target (140.45471536732344, 127.55478104631726) unreachable!
01:35 2140   42ms   340M   26G  19/ 23U WARNING terranbot.tactics.safer_worker_scout:342 target (142.54528463267653, 127.55478104631726) unreachable!
01:35 2144   43ms   340M   26G  19/ 23U WARNING terranbot.tactics.safer_worker_scout:342 target (144.59016994374946, 127.98943483704846) unreachable!
01:35 2148   48ms   345M   26G  19/ 23U WARNING terranbot.tactics.safer_worker_scout:342 target (146.5, 128.8397459621556) unreachable!
01:36 2152   45ms   350M   26G  19/ 23U WARNING terranbot.tactics.safer_worker_scout:342 target (148.19130606358857, 130.06855174522605) unreachable!
01:36 2156   42ms   350M   30G  19/ 23U WARNING terranbot.tactics.safer_worker_scout:342 target (149.59016994374946, 131.62214747707526) unreachable!
01:36 2160   40ms   350M   30G  19/ 23U INFO sharpy.managers.core.log_manager:80 [GameAnalyzer] Income advantage is now SlightAdvantage
01:36 2160   40ms   350M   30G  19/ 23U WARNING terranbot.tactics.safer_worker_scout:342 target (150.635454576426, 133.432633569242) unreachable!
01:36 2164   47ms   350M   30G  19/ 23U WARNING terranbot.tactics.safer_worker_scout:342 target (151.28147600733806, 135.4208830918224) unreachable!
01:39 2232   36ms   400M   38G  19/ 23U INFO sharpy.managers.core.log_manager:80 [Expand] Expanding to (68.5, 42.5)
01:41 2264   39ms    20M   42G  19/ 23U WARNING terranbot.tactics.safer_worker_scout:342 target (151.5, 137.5) unreachable!
01:41 2268   45ms    20M   42G  19/ 23U WARNING terranbot.tactics.safer_worker_scout:342 target (151.28147600733806, 139.57911690817758) unreachable!
01:41 2272   40ms    25M   42G  19/ 23U WARNING terranbot.tactics.safer_worker_scout:342 target (150.635454576426, 141.567366430758) unreachable!
01:41 2276   52ms    25M   42G  19/ 23U WARNING terranbot.tactics.safer_worker_scout:342 target (149.5901699437495, 143.37785252292474) unreachable!
01:41 2280   31ms    35M   42G  19/ 23U WARNING terranbot.tactics.safer_worker_scout:342 target (148.19130606358857, 144.93144825477395) unreachable!
01:41 2284   34ms    40M   42G  19/ 23U WARNING terranbot.tactics.safer_worker_scout:342 target (146.5, 146.1602540378444) unreachable!
01:42 2288   43ms    45M   46G  19/ 23U WARNING terranbot.tactics.safer_worker_scout:342 target (144.5901699437495, 147.01056516295154) unreachable!
01:42 2292   43ms    45M   46G  19/ 23U WARNING terranbot.tactics.safer_worker_scout:342 target (142.54528463267653, 147.44521895368274) unreachable!
01:42 2296   36ms    45M   46G  19/ 23U WARNING terranbot.tactics.safer_worker_scout:342 target (140.45471536732347, 147.44521895368274) unreachable!
01:43 2328   30ms    60M   50G  19/ 23U INFO sharpy.managers.core.log_manager:80 [GameAnalyzer] Income advantage is now SmallAdvantage
01:55 2592   37ms   135M   82G  19/ 23U INFO sharpy.managers.core.log_manager:80 [Building continue] UnitTypeId.ORBITALCOMMAND (42.5, 46.5)
01:55 2596   57ms    85M   82G  19/ 23U INFO sharpy.managers.core.log_manager:80 [TrainSCV] SCV from COMMANDCENTER at (42.5, 46.5)
02:01 2728   45ms   115M   94G  20/ 23U INFO sharpy.managers.core.log_manager:80 [TerranUnit] MARINE from BARRACKS at (53.5, 52.5)
02:01 2732   45ms    70M   98G  21/ 23U INFO sharpy.managers.core.log_manager:80 [TerranUnit] MARINE from BARRACKS at (53.5, 52.5)
02:08 2880   43ms    35M   14G  21/ 23U INFO sharpy.managers.core.log_manager:80 [GameAnalyzer] Income advantage is now ClearAdvantage
02:10 2928   33ms    50M   18G  21/ 23U INFO sharpy.managers.core.log_manager:80 [GameAnalyzer] Income advantage is now SmallAdvantage
02:10 2928   33ms     0M   18G  21/ 23U INFO sharpy.managers.core.log_manager:80 [TrainSCV] SCV from COMMANDCENTER at (42.5, 46.5)
02:12 2976   37ms    60M   26G  22/ 31U INFO sharpy.managers.core.log_manager:80 [GameAnalyzer] Income advantage is now ClearAdvantage
02:14 3020   36ms     5M   30G  22/ 31U INFO sharpy.managers.core.log_manager:80 [BuildGas] Building REFINERY to (46.5, 39.5)
02:15 3024   36ms     5M   30G  22/ 31U INFO sharpy.managers.core.log_manager:80 [GameAnalyzer] Income advantage is now SmallAdvantage
02:19 3120   29ms    80M   42G  22/ 31U INFO sharpy.managers.core.log_manager:80 [GameAnalyzer] Income advantage is now ClearAdvantage
02:19 3132   40ms    35M   46G  22/ 31U INFO sharpy.managers.core.log_manager:80 [TerranUnit] MARINE from BARRACKS at (53.5, 52.5)
02:21 3168   39ms    45M   50G  23/ 31U INFO sharpy.managers.core.log_manager:80 [GameAnalyzer] Income advantage is now SmallAdvantage
02:21 3172   61ms     5M   50G  23/ 31U INFO sharpy.managers.core.log_manager:80 [TerranUnit] MARINE from BARRACKS at (53.5, 52.5)
02:24 3240   43ms     0M   58G  24/ 31U INFO sharpy.managers.core.log_manager:80 [TrainSCV] SCV from COMMANDCENTER at (42.5, 46.5)
02:25 3264   51ms    25M   62G  25/ 31U INFO sharpy.managers.core.log_manager:80 [GameAnalyzer] Income advantage is now ClearAdvantage
02:27 3312   62ms    55M   66G  25/ 31U INFO sharpy.managers.core.log_manager:80 [GameAnalyzer] Income advantage is now SmallAdvantage
02:28 3336   52ms    80M   70G  25/ 31U WARNING terranbot.terry2:139 Action error: ActionError(ability_id=558, unit_tag=4357095425, result=44)- MORPH_SUPPLYDEPOT_RAISE
02:29 3340   51ms    85M   70G  25/ 31U WARNING terranbot.terry2:139 Action error: ActionError(ability_id=558, unit_tag=4357095425, result=44)- MORPH_SUPPLYDEPOT_RAISE
02:29 3344   53ms    85M   70G  25/ 31U WARNING terranbot.terry2:139 Action error: ActionError(ability_id=558, unit_tag=4357095425, result=44)- MORPH_SUPPLYDEPOT_RAISE
02:29 3356   51ms    90M   70G  25/ 31U WARNING terranbot.terry2:139 Action error: ActionError(ability_id=558, unit_tag=4357095425, result=44)- MORPH_SUPPLYDEPOT_RAISE
02:29 3356   51ms    90M   70G  25/ 31U WARNING terranbot.terry2:139 Action error: ActionError(ability_id=558, unit_tag=4357095425, result=44)- MORPH_SUPPLYDEPOT_RAISE
02:30 3360   52ms    90M   74G  25/ 31U WARNING terranbot.terry2:139 Action error: ActionError(ability_id=558, unit_tag=4357095425, result=44)- MORPH_SUPPLYDEPOT_RAISE
02:34 3456   43ms   180M   82G  25/ 31U INFO sharpy.managers.core.log_manager:80 [GameAnalyzer] Income advantage is now ClearAdvantage
02:36 3504   46ms   200M   90G  25/ 31U INFO sharpy.managers.core.log_manager:80 [GameAnalyzer] Income advantage is now SmallAdvantage
02:36 3516   45ms   170M   90G  25/ 31U INFO sharpy.managers.core.log_manager:80 [TrainSCV] SCV from COMMANDCENTER at (42.5, 46.5)
02:37 3536   39ms   130M   94G  26/ 31U INFO sharpy.managers.core.log_manager:80 [TerranUnit] MARINE from BARRACKS at (53.5, 52.5)
02:39 3576   49ms   130M   98G  27/ 31U INFO sharpy.managers.core.log_manager:80 [TerranUnit] MARINE from BARRACKS at (53.5, 52.5)
02:40 3600   40ms   135M  102G  28/ 31U INFO sharpy.managers.core.log_manager:80 [GameAnalyzer] Income advantage is now ClearAdvantage
02:45 3696   38ms   190M  118G  28/ 31U INFO sharpy.managers.core.log_manager:80 [GameAnalyzer] Income advantage is now SmallAdvantage
02:47 3744   50ms   245M  126G  28/ 31U INFO sharpy.managers.core.log_manager:80 [GameAnalyzer] Income advantage is now ClearAdvantage
02:49 3792   36ms   225M  134G  28/ 31U INFO sharpy.managers.core.log_manager:80 [TrainSCV] SCV from COMMANDCENTER at (42.5, 46.5)
02:51 3840   44ms   250M  142G  29/ 31U INFO sharpy.managers.core.log_manager:80 [GameAnalyzer] Income advantage is now SmallAdvantage
02:52 3860   49ms   250M  142G  29/ 31U INFO sharpy.managers.core.log_manager:80 [BuildAddon] UnitTypeId.FACTORYTECHLAB to (53.0, 50.0)
02:53 3888   43ms   100M   25G  29/ 31U INFO sharpy.managers.core.log_manager:80 [GameAnalyzer] Income advantage is now ClearAdvantage
02:55 3936   44ms   120M   33G  29/ 46U INFO sharpy.managers.core.log_manager:80 [GameAnalyzer] Income advantage is now SmallAdvantage
02:55 3940   59ms   120M   33G  29/ 46U INFO sharpy.managers.core.log_manager:80 [GameAnalyzer] Known army advantage is now SmallAdvantage
02:56 3944   35ms    20M   58G  29/ 46U WARNING terranbot.terry2:139 Action error: ActionError(ability_id=454, unit_tag=4358144001, result=44)- BUILD_TECHLAB_FACTORY
02:59 4028   45ms    50M   78G  29/ 46U INFO sharpy.managers.core.log_manager:80 [BuildAddon] UnitTypeId.FACTORYREACTOR to (53.0, 50.0)
02:59 4028   45ms     0M   78G  29/ 46U INFO sharpy.managers.core.log_manager:80 [TerranUnit] MARINE from BARRACKS at (53.5, 52.5)
03:01 4072   50ms     0M   36G  29/ 46U INFO sharpy.managers.core.log_manager:80 [TrainSCV] SCV from COMMANDCENTER at (42.5, 46.5)
03:02 4080   46ms     0M   36G  30/ 46U INFO sharpy.managers.core.log_manager:80 [GameAnalyzer] Income advantage is now ClearAdvantage
03:03 4112   50ms    65M   94G  30/ 46U INFO sharpy.managers.core.log_manager:80 [BuildAddon] UnitTypeId.FACTORYREACTOR to (53.0, 50.0)
03:03 4112   50ms    15M   94G  30/ 46U INFO sharpy.managers.core.log_manager:80 [TerranUnit] MARINE from BARRACKS at (53.5, 52.5)
03:03 4112   50ms    15M   94G  30/ 46U WARNING terranbot.terry2:139 Action error: ActionError(ability_id=455, unit_tag=4358144001, result=44)- BUILD_REACTOR_FACTORY
03:04 4128   48ms    20M   48G  30/ 46U INFO sharpy.managers.core.log_manager:80 [GameAnalyzer] Income advantage is now SmallAdvantage
03:06 4172   47ms     0M   56G  30/ 46U INFO sharpy.managers.core.log_manager:80 [TerranUnit] MARINE from BARRACKS at (53.5, 52.5)
03:06 4176   42ms    10M   56G  31/ 46U INFO sharpy.managers.core.log_manager:80 [GameAnalyzer] Income advantage is now ClearAdvantage
03:07 4196   59ms    60M  110G  31/ 46U INFO sharpy.managers.core.log_manager:80 [BuildAddon] UnitTypeId.FACTORYREACTOR to (53.0, 50.0)
03:07 4196   59ms    10M  110G  31/ 46U INFO sharpy.managers.core.log_manager:80 [TerranUnit] MARINE from BARRACKS at (53.5, 52.5)
03:07 4196   59ms    10M  110G  31/ 46U WARNING terranbot.terry2:139 Action error: ActionError(ability_id=455, unit_tag=4358144001, result=44)- BUILD_REACTOR_FACTORY
03:07 4208   50ms     0M   60G  31/ 46U INFO sharpy.managers.core.log_manager:80 [TerranUnit] MARINE from BARRACKS at (53.5, 52.5)
03:11 4280   49ms   105M  130G  32/ 46U INFO sharpy.managers.core.log_manager:80 [BuildAddon] UnitTypeId.FACTORYREACTOR to (53.0, 50.0)
03:11 4280   49ms   105M  130G  32/ 46U WARNING terranbot.terry2:139 Action error: ActionError(ability_id=455, unit_tag=4358144001, result=44)- BUILD_REACTOR_FACTORY
03:14 4348   54ms    40M   96G  32/ 46U INFO sharpy.managers.core.log_manager:80 [TrainSCV] SCV from COMMANDCENTER at (42.5, 46.5)
03:14 4364   47ms   135M  150G  33/ 46U INFO sharpy.managers.core.log_manager:80 [BuildAddon] UnitTypeId.FACTORYREACTOR to (53.0, 50.0)
03:14 4364   47ms   135M  150G  33/ 46U WARNING terranbot.terry2:139 Action error: ActionError(ability_id=455, unit_tag=4358144001, result=44)- BUILD_REACTOR_FACTORY
03:18 4448   47ms   185M  170G  33/ 46U INFO sharpy.managers.core.log_manager:80 [BuildAddon] UnitTypeId.FACTORYREACTOR to (53.0, 50.0)
03:18 4448   47ms   185M  170G  33/ 46U WARNING terranbot.terry2:139 Action error: ActionError(ability_id=455, unit_tag=4358144001, result=44)- BUILD_REACTOR_FACTORY
03:21 4504   44ms   190M  136G  33/ 46U INFO sharpy.managers.core.log_manager:80 [Building continue] UnitTypeId.ORBITALCOMMAND (68.5, 42.5)
03:21 4508   48ms   145M  136G  33/ 46U INFO sharpy.managers.core.log_manager:80 [TrainSCV] SCV from COMMANDCENTER at (68.5, 42.5)
03:22 4532   61ms   235M  190G  34/ 46U INFO sharpy.managers.core.log_manager:80 [BuildAddon] UnitTypeId.FACTORYREACTOR to (53.0, 50.0)
03:22 4532   61ms   235M  190G  34/ 46U WARNING terranbot.terry2:139 Action error: ActionError(ability_id=455, unit_tag=4358144001, result=44)- BUILD_REACTOR_FACTORY
03:24 4576   51ms   180M  152G  34/ 46U INFO sharpy.managers.core.log_manager:80 [TerranUnit] MARINE from BARRACKS at (53.5, 52.5)
03:25 4612   66ms   200M  160G  35/ 46U INFO sharpy.managers.core.log_manager:80 [GameAnalyzer] Predicted army advantage is now SlightDisadvantage
03:25 4612   66ms   150M  160G  35/ 46U INFO sharpy.managers.core.log_manager:80 [TerranUnit] MARINE from BARRACKS at (53.5, 52.5)
03:26 4616   41ms   210M  210G  36/ 46U INFO sharpy.managers.core.log_manager:80 [BuildAddon] UnitTypeId.FACTORYREACTOR to (53.0, 50.0)
03:26 4616   41ms   210M  210G  36/ 46U WARNING terranbot.terry2:139 Action error: ActionError(ability_id=455, unit_tag=4358144001, result=44)- BUILD_REACTOR_FACTORY
03:26 4624   61ms   115M  164G  36/ 46U INFO sharpy.managers.core.log_manager:80 [TrainSCV] SCV from COMMANDCENTER at (42.5, 46.5)
03:29 4700   59ms   135M  230G  37/ 46U INFO sharpy.managers.core.log_manager:80 [BuildAddon] UnitTypeId.FACTORYREACTOR to (53.0, 50.0)
03:29 4700   59ms   135M  230G  37/ 46U WARNING terranbot.terry2:139 Action error: ActionError(ability_id=455, unit_tag=4358144001, result=44)- BUILD_REACTOR_FACTORY
03:32 4756   65ms    10M  121G  37/ 46U INFO sharpy.managers.core.log_manager:80 [TerranUnit] VIKINGFIGHTER from STARPORT at (47.5, 47.5)
03:33 4784   48ms    20M  175G  39/ 46U INFO sharpy.managers.core.log_manager:80 [TrainSCV] SCV from COMMANDCENTER at (68.5, 42.5)
03:33 4784   48ms    20M  175G  39/ 46U WARNING terranbot.terry2:139 Action error: ActionError(ability_id=455, unit_tag=4358144001, result=44)- BUILD_REACTOR_FACTORY
03:34 4808   57ms    50M  183G  40/ 46U INFO sharpy.managers.core.log_manager:80 [BuildAddon] UnitTypeId.FACTORYREACTOR to (53.0, 50.0)
03:38 4892   58ms   155M  203G  40/ 46U INFO sharpy.managers.core.log_manager:80 [BuildAddon] UnitTypeId.FACTORYREACTOR to (53.0, 50.0)
03:38 4892   58ms   155M  203G  40/ 46U WARNING terranbot.terry2:139 Action error: ActionError(ability_id=455, unit_tag=4358144001, result=44)- BUILD_REACTOR_FACTORY
03:38 4900   55ms    75M  153G  40/ 46U INFO sharpy.managers.core.log_manager:80 [TrainSCV] SCV from COMMANDCENTER at (42.5, 46.5)
03:42 4976   59ms   115M  223G  41/ 46U INFO sharpy.managers.core.log_manager:80 [BuildAddon] UnitTypeId.FACTORYREACTOR to (53.0, 50.0)
03:42 4976   59ms    15M  223G  41/ 46U WARNING terranbot.terry2:139 Action error: ActionError(ability_id=455, unit_tag=4358144001, result=44)- BUILD_REACTOR_FACTORY
03:42 4980   67ms    15M  173G  41/ 46U INFO sharpy.managers.core.log_manager:80 [TerranUnit] MARINE from BARRACKS at (53.5, 52.5)
03:43 5016   62ms    50M  185G  42/ 46U INFO sharpy.managers.core.log_manager:80 [GameAnalyzer] Known army advantage is now ClearAdvantage
03:43 5016   62ms    50M  185G  42/ 46U INFO sharpy.managers.core.log_manager:80 [GameAnalyzer] Predicted army advantage is now Even
03:43 5016   62ms     0M  185G  42/ 46U INFO sharpy.managers.core.log_manager:80 [TerranUnit] MARINE from BARRACKS at (53.5, 52.5)
03:45 5060   68ms    60M  243G  43/ 46U INFO sharpy.managers.core.log_manager:80 [TrainSCV] SCV from COMMANDCENTER at (68.5, 42.5)
03:45 5060   68ms    60M  243G  43/ 46U INFO sharpy.managers.core.log_manager:80 [BuildAddon] UnitTypeId.FACTORYREACTOR to (53.0, 50.0)
03:45 5060   68ms    60M  243G  43/ 46U WARNING terranbot.terry2:139 Action error: ActionError(ability_id=455, unit_tag=4358144001, result=44)- BUILD_REACTOR_FACTORY
03:49 5144   55ms   140M  263G  44/ 46U INFO sharpy.managers.core.log_manager:80 [BuildAddon] UnitTypeId.FACTORYREACTOR to (53.0, 50.0)
03:49 5144   55ms   140M  263G  44/ 46U WARNING terranbot.terry2:139 Action error: ActionError(ability_id=455, unit_tag=4358144001, result=44)- BUILD_REACTOR_FACTORY
03:51 5176   58ms    90M  221G  44/ 46U INFO sharpy.managers.core.log_manager:80 [TrainSCV] SCV from COMMANDCENTER at (42.5, 46.5)
03:53 5228   52ms   195M  283G  45/ 54U INFO sharpy.managers.core.log_manager:80 [BuildAddon] UnitTypeId.FACTORYREACTOR to (53.0, 50.0)
03:53 5228   52ms   195M  283G  45/ 54U WARNING terranbot.terry2:139 Action error: ActionError(ability_id=455, unit_tag=4358144001, result=44)- BUILD_REACTOR_FACTORY
03:55 5280   45ms   230M  249G  45/ 54U INFO sharpy.managers.core.log_manager:80 [GameAnalyzer] Income advantage is now OverwhelmingAdvantage
03:57 5312   44ms   295M  303G  45/ 54U INFO sharpy.managers.core.log_manager:80 [BuildAddon] UnitTypeId.FACTORYREACTOR to (53.0, 50.0)
03:57 5312   44ms   295M  303G  45/ 54U WARNING terranbot.terry2:139 Action error: ActionError(ability_id=455, unit_tag=4358144001, result=44)- BUILD_REACTOR_FACTORY
03:57 5328   59ms   255M  257G  45/ 54U INFO sharpy.managers.core.log_manager:80 [GameAnalyzer] Income advantage is now ClearAdvantage
03:58 5336   42ms   220M  261G  45/ 54U INFO sharpy.managers.core.log_manager:80 [TrainSCV] SCV from COMMANDCENTER at (68.5, 42.5)
04:00 5384   45ms   295M  273G  46/ 54U INFO sharpy.managers.core.log_manager:80 [GameAnalyzer] Predicted army advantage is now SlightAdvantage
04:00 5396   70ms   310M  327G  47/ 54U INFO sharpy.managers.core.log_manager:80 [BuildAddon] UnitTypeId.FACTORYREACTOR to (53.0, 50.0)
04:00 5396   70ms   310M  327G  47/ 54U WARNING terranbot.terry2:139 Action error: ActionError(ability_id=455, unit_tag=4358144001, result=44)- BUILD_REACTOR_FACTORY
04:02 5432   56ms   255M  285G  48/ 54U INFO sharpy.managers.core.log_manager:80 [BuildAddon] UnitTypeId.STARPORTREACTOR to (50.0, 47.0)
04:03 5452   60ms    35M  239G  48/ 54U INFO sharpy.managers.core.log_manager:80 [TrainSCV] SCV from COMMANDCENTER at (42.5, 46.5)
04:04 5480   57ms   115M  297G  49/ 62U INFO sharpy.managers.core.log_manager:80 [BuildAddon] UnitTypeId.FACTORYREACTOR to (53.0, 50.0)
04:04 5480   57ms   115M  297G  49/ 62U WARNING terranbot.terry2:139 Action error: ActionError(ability_id=455, unit_tag=4358144001, result=44)- BUILD_REACTOR_FACTORY
04:08 5564   61ms   125M  317G  49/ 62U INFO sharpy.managers.core.log_manager:80 [BuildAddon] UnitTypeId.FACTORYREACTOR to (53.0, 50.0)
04:08 5564   61ms   125M  317G  49/ 62U WARNING terranbot.terry2:139 Action error: ActionError(ability_id=455, unit_tag=4358144001, result=44)- BUILD_REACTOR_FACTORY
04:10 5612   59ms    70M  279G  49/ 62U INFO sharpy.managers.core.log_manager:80 [TrainSCV] SCV from COMMANDCENTER at (68.5, 42.5)
04:12 5648   47ms   180M  337G  50/ 62U INFO sharpy.managers.core.log_manager:80 [BuildAddon] UnitTypeId.FACTORYREACTOR to (53.0, 50.0)
04:12 5648   47ms    30M  337G  50/ 62U WARNING terranbot.terry2:139 Action error: ActionError(ability_id=455, unit_tag=4358144001, result=44)- BUILD_REACTOR_FACTORY
04:12 5664   65ms   180M  291G  50/ 62U INFO sharpy.managers.core.log_manager:80 [GameAnalyzer] Income advantage is now OverwhelmingAdvantage
04:15 5712   51ms    70M  303G  50/ 62U INFO sharpy.managers.core.log_manager:80 [GameAnalyzer] Income advantage is now ClearAdvantage
04:15 5728   70ms    45M  307G  50/ 62U INFO sharpy.managers.core.log_manager:80 [TrainSCV] SCV from COMMANDCENTER at (42.5, 46.5)
04:15 5732   70ms   100M  357G  51/ 62U INFO sharpy.managers.core.log_manager:80 [BuildAddon] UnitTypeId.FACTORYREACTOR to (53.0, 50.0)
04:15 5732   70ms   100M  357G  51/ 62U WARNING terranbot.terry2:139 Action error: ActionError(ability_id=455, unit_tag=4358144001, result=44)- BUILD_REACTOR_FACTORY
04:19 5816   55ms   155M  377G  52/ 62U INFO sharpy.managers.core.log_manager:80 [BuildAddon] UnitTypeId.FACTORYREACTOR to (53.0, 50.0)
04:19 5816   55ms     5M  377G  52/ 62U WARNING terranbot.terry2:139 Action error: ActionError(ability_id=455, unit_tag=4358144001, result=44)- BUILD_REACTOR_FACTORY
04:20 5828   67ms   150M  331G  52/ 62U INFO sharpy.managers.core.log_manager:80 [GameAnalyzer] Predicted army advantage is now SmallAdvantage
04:21 5856   56ms    15M  335G  52/ 62U INFO sharpy.managers.core.log_manager:80 [GameAnalyzer] Income advantage is now OverwhelmingAdvantage
04:22 5888   61ms     5M  343G  52/ 62U INFO sharpy.managers.core.log_manager:80 [TrainSCV] SCV from COMMANDCENTER at (68.5, 42.5)
04:23 5900   66ms    60M  397G  53/ 62U INFO sharpy.managers.core.log_manager:80 [BuildAddon] UnitTypeId.FACTORYREACTOR to (53.0, 50.0)
04:23 5900   66ms    60M  397G  53/ 62U WARNING terranbot.terry2:139 Action error: ActionError(ability_id=455, unit_tag=4358144001, result=44)- BUILD_REACTOR_FACTORY
04:23 5904   65ms    10M  347G  53/ 62U INFO sharpy.managers.core.log_manager:80 [GameAnalyzer] Income advantage is now ClearAdvantage
04:27 5984   56ms   145M  417G  54/ 62U INFO sharpy.managers.core.log_manager:80 [BuildAddon] UnitTypeId.FACTORYREACTOR to (53.0, 50.0)
04:27 5984   56ms   145M  417G  54/ 62U WARNING terranbot.terry2:139 Action error: ActionError(ability_id=455, unit_tag=4358144001, result=44)- BUILD_REACTOR_FACTORY
04:28 6004   69ms    70M  371G  54/ 70U INFO sharpy.managers.core.log_manager:80 [TrainSCV] SCV from COMMANDCENTER at (42.5, 46.5)
04:28 6024   65ms    85M  379G  55/ 70U INFO sharpy.managers.core.log_manager:80 [GameAnalyzer] Known army advantage is now SlightAdvantage
04:28 6024   65ms    85M  379G  55/ 70U INFO sharpy.managers.core.log_manager:80 [GameAnalyzer] Predicted army advantage is now SlightDisadvantage
04:30 6068   85ms   185M  437G  55/ 70U INFO sharpy.managers.core.log_manager:80 [BuildAddon] UnitTypeId.FACTORYREACTOR to (53.0, 50.0)
04:30 6068   85ms    35M  437G  55/ 70U WARNING terranbot.terry2:139 Action error: ActionError(ability_id=455, unit_tag=4358144001, result=44)- BUILD_REACTOR_FACTORY
04:34 6140   74ms    20M  407G  55/ 70U INFO sharpy.managers.core.log_manager:80 [BuildGas] Building REFINERY to (64.5, 35.5)
04:34 6152   69ms    90M  457G  55/ 70U INFO sharpy.managers.core.log_manager:80 [BuildAddon] UnitTypeId.FACTORYREACTOR to (53.0, 50.0)
04:34 6152   69ms    90M  457G  55/ 70U WARNING terranbot.terry2:139 Action error: ActionError(ability_id=455, unit_tag=4358144001, result=44)- BUILD_REACTOR_FACTORY
04:35 6164   66ms    10M  411G  55/ 70U INFO sharpy.managers.core.log_manager:80 [TrainSCV] SCV from COMMANDCENTER at (68.5, 42.5)
04:38 6236   68ms   100M  477G  57/ 70U INFO sharpy.managers.core.log_manager:80 [BuildAddon] UnitTypeId.FACTORYREACTOR to (53.0, 50.0)
04:38 6236   68ms     0M  477G  57/ 70U INFO terranbot.activity.location_modifiers:130 unit_to_place_beside: Unit(name='Starport', tag=4363124737) - unit_to_place_beside.type_id=UnitTypeId.STARPORT - position=(37.5, 55.5)
04:38 6236   68ms     0M  477G  57/ 70U WARNING terranbot.terry2:139 Action error: ActionError(ability_id=455, unit_tag=4358144001, result=44)- BUILD_REACTOR_FACTORY
04:39 6256   68ms    75M  435G  57/ 70U INFO sharpy.managers.core.log_manager:80 [GameAnalyzer] Predicted army advantage is now SmallDisadvantage
04:39 6256   68ms     0M  435G  57/ 70U INFO sharpy.managers.core.log_manager:80 [BuildGas] Building REFINERY to (61.5, 39.5)
04:40 6284   58ms    30M  439G  57/ 70U INFO sharpy.managers.core.log_manager:80 [GameAnalyzer] Income advantage is now SmallAdvantage
04:40 6288   70ms    40M  443G  57/ 70U INFO sharpy.managers.core.log_manager:80 [GameAnalyzer] Income advantage is now ClearAdvantage
04:41 6296   73ms     0M  443G  57/ 70U INFO sharpy.managers.core.log_manager:80 [TrainSCV] SCV from COMMANDCENTER at (42.5, 46.5)
04:42 6320   68ms    85M  501G  58/ 70U INFO sharpy.managers.core.log_manager:80 [GameAnalyzer] Income advantage is now SmallAdvantage
04:42 6320   68ms    85M  501G  58/ 70U INFO sharpy.managers.core.log_manager:80 [GameAnalyzer] Predicted army advantage is now SlightDisadvantage
04:42 6320   68ms    85M  501G  58/ 70U INFO sharpy.managers.core.log_manager:80 [BuildAddon] UnitTypeId.FACTORYREACTOR to (53.0, 50.0)
04:42 6320   68ms    85M  501G  58/ 70U WARNING terranbot.terry2:139 Action error: ActionError(ability_id=455, unit_tag=4358144001, result=44)- BUILD_REACTOR_FACTORY
04:44 6372   86ms    45M  463G  59/ 70U INFO sharpy.managers.core.log_manager:80 [GameAnalyzer] Known army advantage is now Even
04:44 6372   86ms    45M  463G  59/ 70U INFO sharpy.managers.core.log_manager:80 [GameAnalyzer] Predicted army advantage is now ClearDisadvantage
04:45 6384  166ms    85M  463G  59/ 70U INFO sharpy.managers.core.log_manager:80 [GameAnalyzer] Income advantage is now ClearAdvantage
04:45 6404   89ms    60M  521G  59/ 70U INFO sharpy.managers.core.log_manager:80 [BuildAddon] UnitTypeId.FACTORYREACTOR to (53.0, 50.0)
04:45 6404   89ms    60M  521G  59/ 70U WARNING terranbot.terry2:139 Action error: ActionError(ability_id=455, unit_tag=4358144001, result=44)- BUILD_REACTOR_FACTORY
04:47 6432   61ms    30M  475G  59/ 70U INFO sharpy.managers.core.log_manager:80 [GameAnalyzer] Income advantage is now SmallAdvantage
04:47 6448   78ms     0M  479G  59/ 70U INFO sharpy.managers.core.log_manager:80 [TrainSCV] SCV from COMMANDCENTER at (68.5, 42.5)
04:49 6480   65ms    55M  487G  60/ 70U INFO sharpy.managers.core.log_manager:80 [GameAnalyzer] Income advantage is now ClearAdvantage
04:49 6488   79ms   120M  541G  60/ 70U INFO sharpy.managers.core.log_manager:80 [BuildAddon] UnitTypeId.FACTORYREACTOR to (53.0, 50.0)
04:49 6488   79ms   120M  541G  60/ 70U WARNING terranbot.terry2:139 Action error: ActionError(ability_id=455, unit_tag=4358144001, result=44)- BUILD_REACTOR_FACTORY
04:50 6512   71ms    90M  495G  60/ 70U INFO sharpy.managers.core.log_manager:80 [GameAnalyzer] Income advantage is now SmallAdvantage
04:51 6528   77ms   125M  499G  60/ 70U INFO sharpy.managers.core.log_manager:80 [GameAnalyzer] Income advantage is now ClearAdvantage
04:51 6532   94ms   125M  499G  60/ 70U INFO sharpy.managers.core.log_manager:80 [BuildAddon] UnitTypeId.STARPORTREACTOR to (40.0, 55.0)
04:53 6572   72ms   125M  511G  60/ 70U INFO sharpy.managers.core.log_manager:80 [TrainSCV] SCV from COMMANDCENTER at (42.5, 46.5)
04:53 6572   72ms   125M  511G  60/ 70U WARNING terranbot.terry2:139 Action error: ActionError(ability_id=455, unit_tag=4358144001, result=44)- BUILD_REACTOR_FACTORY
04:53 6576   70ms   135M  511G  61/ 70U INFO sharpy.managers.core.log_manager:80 [GameAnalyzer] Income advantage is now SmallAdvantage
04:55 6624   75ms   210M  523G  61/ 70U INFO sharpy.managers.core.log_manager:80 [GameAnalyzer] Income advantage is now ClearAdvantage
05:00 6724   95ms   245M  547G  62/ 70U INFO sharpy.managers.core.log_manager:80 [TrainSCV] SCV from COMMANDCENTER at (68.5, 42.5)
05:00 6732   84ms    25M  551G  63/ 70U INFO terranbot.activity.location_modifiers:130 unit_to_place_beside: Unit(name='Barracks', tag=4363649026) - unit_to_place_beside.type_id=UnitTypeId.BARRACKS - position=(54.5, 58.5)
05:04 6820   97ms    40M  579G  65/ 70U INFO terranbot.activity.location_modifiers:130 unit_to_place_beside: Unit(name='Barracks', tag=4363649026) - unit_to_place_beside.type_id=UnitTypeId.BARRACKS - position=(54.5, 58.5)
05:05 6848   71ms    25M  587G  65/ 70U INFO sharpy.managers.core.log_manager:80 [TrainSCV] SCV from COMMANDCENTER at (42.5, 46.5)
05:06 6864   64ms    30M  595G  66/ 70U INFO sharpy.managers.core.log_manager:80 [GameAnalyzer] Income advantage is now SmallAdvantage
05:07 6892   71ms    90M  599G  66/ 70U INFO terranbot.activity.location_modifiers:130 unit_to_place_beside: Unit(name='Barracks', tag=4363649026) - unit_to_place_beside.type_id=UnitTypeId.BARRACKS - position=(54.5, 58.5)
05:08 6912   67ms   100M  607G  66/ 70U INFO sharpy.managers.core.log_manager:80 [GameAnalyzer] Income advantage is now ClearAdvantage
05:10 6964   99ms    35M  627G  67/ 78U INFO terranbot.activity.location_modifiers:130 unit_to_place_beside: Unit(name='Barracks', tag=4363649026) - unit_to_place_beside.type_id=UnitTypeId.BARRACKS - position=(54.5, 58.5)
05:12 7000   68ms    25M  647G  67/ 78U INFO sharpy.managers.core.log_manager:80 [TrainSCV] SCV from COMMANDCENTER at (68.5, 42.5)
05:13 7028   91ms    50M  659G  68/ 78U INFO sharpy.managers.core.log_manager:80 [GameAnalyzer] Predicted army advantage is now SmallDisadvantage
05:14 7036   71ms     5M  667G  69/ 78U INFO terranbot.activity.location_modifiers:130 unit_to_place_beside: Unit(name='Barracks', tag=4363649026) - unit_to_place_beside.type_id=UnitTypeId.BARRACKS - position=(54.5, 58.5)
05:17 7108   85ms   130M  699G  69/ 78U INFO terranbot.activity.location_modifiers:130 unit_to_place_beside: Unit(name='Barracks', tag=4363649026) - unit_to_place_beside.type_id=UnitTypeId.BARRACKS - position=(54.5, 58.5)
05:20 7180   83ms   165M  735G  70/ 78U INFO terranbot.activity.location_modifiers:130 unit_to_place_beside: Unit(name='Barracks', tag=4363649026) - unit_to_place_beside.type_id=UnitTypeId.BARRACKS - position=(54.5, 58.5)
05:21 7196   74ms   120M  747G  71/ 78U INFO sharpy.managers.core.log_manager:80 [GameAnalyzer] Known army advantage is now SlightAdvantage
05:23 7252   89ms   100M  767G  72/ 78U INFO terranbot.activity.location_modifiers:130 unit_to_place_beside: Unit(name='Barracks', tag=4363649026) - unit_to_place_beside.type_id=UnitTypeId.BARRACKS - position=(54.5, 58.5)
05:26 7324   91ms   130M  799G  73/ 86U INFO terranbot.activity.location_modifiers:130 unit_to_place_beside: Unit(name='Barracks', tag=4363649026) - unit_to_place_beside.type_id=UnitTypeId.BARRACKS - position=(54.5, 58.5)
05:27 7336   77ms   150M  811G  73/ 86U INFO terranbot.activity.location_modifiers:130 unit_to_place_beside: Unit(name='Starport', tag=4363124737) - unit_to_place_beside.type_id=UnitTypeId.STARPORT - position=(38.5, 60.5)
05:30 7396   89ms   275M  843G  73/ 86U INFO terranbot.activity.location_modifiers:130 unit_to_place_beside: Unit(name='Barracks', tag=4363649026) - unit_to_place_beside.type_id=UnitTypeId.BARRACKS - position=(54.5, 58.5)
05:34 7500   77ms   345M  891G  74/ 94U INFO sharpy.managers.core.log_manager:80 [BuildAddon] UnitTypeId.STARPORTREACTOR to (41.0, 60.0)
05:39 7612   82ms   385M  893G  76/ 94U INFO terranbot.activity.location_modifiers:130 unit_to_place_beside: Unit(name='Barracks', tag=4363649026) - unit_to_place_beside.type_id=UnitTypeId.BARRACKS - position=(54.5, 58.5)
05:40 7616   90ms   390M  893G  76/ 94U INFO terranbot.activity.location_modifiers:130 unit_to_place_beside: Unit(name='Barracks', tag=4363649026) - unit_to_place_beside.type_id=UnitTypeId.BARRACKS - position=(54.5, 58.5)
05:44 7724   70ms   590M  953G  76/ 94U INFO sharpy.managers.core.log_manager:80 [GameAnalyzer] Known army advantage is now SmallAdvantage
05:45 7744   81ms   580M  957G  77/ 94U INFO terranbot.activity.location_modifiers:130 unit_to_place_beside: Unit(name='Barracks', tag=4380164097) - unit_to_place_beside.type_id=UnitTypeId.BARRACKS - position=(41.5, 63.5)
05:47 7788   73ms   635M  977G  77/102U INFO terranbot.builds.plans.acts.zone_defense:1062 Pulling worker [Unit(name='SCV', tag=4378329089), Unit(name='SCV', tag=4380426241), Unit(name='SCV', tag=4374396929), Unit(name='SCV', tag=4385406977), Unit(name='SCV', tag=4348706817), Unit(name='MULE', tag=4388290561), Unit(name='SCV', tag=4370989057), Unit(name='SCV', tag=4348444673), Unit(name='MULE', tag=4392747009), Unit(name='SCV', tag=4372037633), Unit(name='SCV', tag=4389339137), Unit(name='SCV', tag=4367319041), Unit(name='SCV', tag=4354736129), Unit(name='SCV', tag=4354473986), Unit(name='SCV', tag=4379377665), Unit(name='SCV', tag=4349755393), Unit(name='SCV', tag=4391960577), Unit(name='SCV', tag=4375183361), Unit(name='SCV', tag=4368891905), Unit(name='SCV', tag=4362862593), Unit(name='SCV', tag=4350541825)] for zone 1 to safety
05:47 7792  158ms   645M  985G  77/102U INFO terranbot.builds.plans.acts.zone_defense:1062 Pulling worker [Unit(name='SCV', tag=4383571969)] for zone 1 to safety
05:48 7796   84ms   650M  985G  77/102U INFO terranbot.builds.plans.acts.zone_defense:1062 Pulling worker [Unit(name='SCV', tag=4386717697)] for zone 1 to safety
05:48 7800   93ms   655M  985G  77/102U INFO terranbot.builds.plans.acts.zone_defense:1062 Pulling worker [Unit(name='SCV', tag=4379377665), Unit(name='SCV', tag=4385406977), Unit(name='SCV', tag=4380426241), Unit(name='SCV', tag=4391960577), Unit(name='SCV', tag=4348706817), Unit(name='SCV', tag=4370989057), Unit(name='SCV', tag=4348444673), Unit(name='SCV', tag=4349755393), Unit(name='SCV', tag=4372037633), Unit(name='MULE', tag=4392747009), Unit(name='SCV', tag=4350541825), Unit(name='SCV', tag=4374396929), Unit(name='SCV', tag=4354736129), Unit(name='SCV', tag=4389339137), Unit(name='MULE', tag=4388290561), Unit(name='SCV', tag=4362862593), Unit(name='SCV', tag=4375183361), Unit(name='SCV', tag=4367319041), Unit(name='SCV', tag=4378329089), Unit(name='SCV', tag=4354473986)] for zone 1 to safety
05:48 7804  148ms   660M  985G  77/102U INFO terranbot.builds.plans.acts.zone_defense:1062 Pulling worker [Unit(name='SCV', tag=4383571969)] for zone 1 to safety
05:48 7808   93ms   660M  989G  77/102U INFO terranbot.builds.plans.acts.zone_defense:1062 Pulling worker [Unit(name='SCV', tag=4386717697)] for zone 1 to safety
05:48 7812   94ms   670M  989G  77/102U INFO terranbot.builds.plans.acts.zone_defense:1062 Pulling worker [Unit(name='MULE', tag=4392747009), Unit(name='SCV', tag=4372037633), Unit(name='SCV', tag=4379377665), Unit(name='SCV', tag=4348444673), Unit(name='SCV', tag=4350541825), Unit(name='SCV', tag=4348706817), Unit(name='SCV', tag=4354736129), Unit(name='SCV', tag=4385406977), Unit(name='SCV', tag=4362862593), Unit(name='SCV', tag=4375183361), Unit(name='SCV', tag=4367319041), Unit(name='SCV', tag=4389339137), Unit(name='SCV', tag=4374396929), Unit(name='SCV', tag=4370989057), Unit(name='SCV', tag=4378329089), Unit(name='MULE', tag=4388290561), Unit(name='SCV', tag=4380426241), Unit(name='SCV', tag=4391960577), Unit(name='SCV', tag=4349755393), Unit(name='SCV', tag=4354473986)] for zone 1 to safety
05:48 7816  155ms   675M  989G  77/102U INFO terranbot.builds.plans.acts.zone_defense:1062 Pulling worker [Unit(name='SCV', tag=4383571969)] for zone 1 to safety
05:49 7820   79ms   675M  989G  77/102U INFO terranbot.builds.plans.acts.zone_defense:1062 Pulling worker [Unit(name='SCV', tag=4386717697)] for zone 1 to safety
05:49 7824   97ms   710M  993G  77/102U INFO terranbot.builds.plans.acts.zone_defense:1062 Pulling worker [Unit(name='SCV', tag=4375183361), Unit(name='SCV', tag=4367319041), Unit(name='MULE', tag=4392747009), Unit(name='SCV', tag=4348706817), Unit(name='SCV', tag=4380426241), Unit(name='SCV', tag=4362862593), Unit(name='SCV', tag=4389339137), Unit(name='SCV', tag=4370989057), Unit(name='SCV', tag=4348444673), Unit(name='SCV', tag=4379377665), Unit(name='SCV', tag=4385406977), Unit(name='SCV', tag=4378329089), Unit(name='SCV', tag=4349755393), Unit(name='SCV', tag=4354473986), Unit(name='SCV', tag=4374396929), Unit(name='SCV', tag=4350541825), Unit(name='MULE', tag=4388290561), Unit(name='SCV', tag=4372037633), Unit(name='SCV', tag=4391960577), Unit(name='SCV', tag=4354736129)] for zone 1 to safety
05:49 7828  166ms   710M  993G  77/102U INFO terranbot.builds.plans.acts.zone_defense:1062 Pulling worker [Unit(name='SCV', tag=4383571969)] for zone 1 to safety
05:49 7832   87ms   710M  993G  77/102U INFO terranbot.builds.plans.acts.zone_defense:1062 Pulling worker [Unit(name='SCV', tag=4386717697), Unit(name='SCV', tag=4368891905)] for zone 1 to safety
05:49 7836   86ms   710M  993G  77/102U INFO terranbot.builds.plans.acts.zone_defense:1062 Pulling worker [Unit(name='SCV', tag=4389339137), Unit(name='SCV', tag=4374396929), Unit(name='SCV', tag=4380426241), Unit(name='SCV', tag=4354736129), Unit(name='SCV', tag=4348706817), Unit(name='SCV', tag=4349755393), Unit(name='MULE', tag=4392747009), Unit(name='SCV', tag=4348444673), Unit(name='MULE', tag=4388290561), Unit(name='SCV', tag=4372037633), Unit(name='SCV', tag=4375183361), Unit(name='SCV', tag=4362862593), Unit(name='SCV', tag=4370989057), Unit(name='SCV', tag=4367319041), Unit(name='SCV', tag=4350541825), Unit(name='SCV', tag=4385406977), Unit(name='SCV', tag=4391960577), Unit(name='SCV', tag=4379377665), Unit(name='SCV', tag=4378329089), Unit(name='SCV', tag=4354473986)] for zone 1 to safety
05:50 7840  151ms   710M  997G  77/102U INFO terranbot.builds.plans.acts.zone_defense:1062 Pulling worker [Unit(name='SCV', tag=4383571969)] for zone 1 to safety
05:50 7844   99ms   715M  997G  77/102U INFO sharpy.managers.core.log_manager:80 [GameAnalyzer] Predicted army advantage is now SlightDisadvantage
05:50 7844   99ms   715M  997G  77/102U INFO terranbot.builds.plans.acts.zone_defense:1062 Pulling worker [Unit(name='SCV', tag=4386717697), Unit(name='SCV', tag=4368891905)] for zone 1 to safety
05:50 7844   99ms   715M  997G  77/102U INFO terranbot.combat.counter_attack:61 Counter-attack! 28 bio charging enemy at (77, 54)
05:50 7848  116ms   670M  997G  77/102U INFO terranbot.builds.plans.acts.zone_defense:1062 Pulling worker [Unit(name='SCV', tag=4378329089), Unit(name='SCV', tag=4374396929), Unit(name='SCV', tag=4348706817), Unit(name='SCV', tag=4354473986), Unit(name='SCV', tag=4389339137), Unit(name='SCV', tag=4385406977), Unit(name='SCV', tag=4370989057), Unit(name='SCV', tag=4380426241), Unit(name='SCV', tag=4362862593), Unit(name='MULE', tag=4388290561), Unit(name='SCV', tag=4391960577), Unit(name='SCV', tag=4375183361), Unit(name='SCV', tag=4379377665), Unit(name='SCV', tag=4350541825), Unit(name='SCV', tag=4367319041), Unit(name='SCV', tag=4349755393), Unit(name='SCV', tag=4348444673), Unit(name='SCV', tag=4372037633), Unit(name='MULE', tag=4392747009), Unit(name='SCV', tag=4354736129)] for zone 1 to safety
05:50 7852  163ms   675M  997G  78/102U INFO terranbot.builds.plans.acts.zone_defense:1062 Pulling worker [Unit(name='SCV', tag=4383571969)] for zone 1 to safety
05:50 7856   99ms   675M 1001G  78/102U INFO terranbot.builds.plans.acts.zone_defense:1062 Pulling worker [Unit(name='SCV', tag=4368891905), Unit(name='SCV', tag=4386717697)] for zone 1 to safety
05:50 7860  111ms   685M 1001G  78/102U INFO sharpy.managers.core.log_manager:80 [GameAnalyzer] Predicted army advantage is now SmallDisadvantage
05:50 7860  111ms   685M 1001G  78/102U INFO terranbot.builds.plans.acts.zone_defense:1062 Pulling worker [Unit(name='SCV', tag=4367319041), Unit(name='SCV', tag=4354736129), Unit(name='SCV', tag=4391960577), Unit(name='SCV', tag=4378329089), Unit(name='SCV', tag=4350541825), Unit(name='SCV', tag=4389339137), Unit(name='SCV', tag=4375183361), Unit(name='SCV', tag=4370989057), Unit(name='SCV', tag=4348444673), Unit(name='SCV', tag=4372037633), Unit(name='SCV', tag=4380426241), Unit(name='MULE', tag=4388290561), Unit(name='SCV', tag=4379377665), Unit(name='SCV', tag=4348706817), Unit(name='SCV', tag=4349755393), Unit(name='SCV', tag=4374396929), Unit(name='SCV', tag=4385406977), Unit(name='MULE', tag=4392747009), Unit(name='SCV', tag=4362862593), Unit(name='SCV', tag=4354473986)] for zone 1 to safety
05:51 7864  198ms   685M 1001G  78/102U INFO terranbot.builds.plans.acts.zone_defense:1062 Pulling worker [Unit(name='SCV', tag=4383571969)] for zone 1 to safety
05:51 7868  114ms   690M 1001G  78/102U INFO terranbot.builds.plans.acts.zone_defense:1062 Pulling worker [Unit(name='SCV', tag=4368891905), Unit(name='SCV', tag=4386717697)] for zone 1 to safety
05:51 7872  114ms   690M 1005G  78/102U INFO terranbot.builds.plans.acts.zone_defense:1062 Pulling worker [Unit(name='SCV', tag=4372037633), Unit(name='SCV', tag=4380426241), Unit(name='SCV', tag=4367319041), Unit(name='SCV', tag=4354736129), Unit(name='SCV', tag=4374396929), Unit(name='SCV', tag=4391960577), Unit(name='SCV', tag=4349755393), Unit(name='SCV', tag=4370989057), Unit(name='SCV', tag=4362862593), Unit(name='SCV', tag=4375183361), Unit(name='SCV', tag=4378329089), Unit(name='SCV', tag=4385406977), Unit(name='MULE', tag=4392747009), Unit(name='SCV', tag=4379377665), Unit(name='SCV', tag=4354473986), Unit(name='SCV', tag=4348706817), Unit(name='MULE', tag=4388290561), Unit(name='SCV', tag=4348444673), Unit(name='SCV', tag=4389339137), Unit(name='SCV', tag=4350541825)] for zone 1 to safety
05:51 7876  177ms   695M 1005G  78/102U INFO sharpy.managers.core.log_manager:80 [GameAnalyzer] Income advantage is now SmallAdvantage
05:51 7876  177ms   695M 1005G  78/102U INFO sharpy.managers.core.log_manager:80 [GameAnalyzer] Known army advantage is now SlightAdvantage
05:51 7876  177ms   695M 1005G  78/102U INFO terranbot.builds.plans.acts.zone_defense:1062 Pulling worker [Unit(name='SCV', tag=4383571969)] for zone 1 to safety
05:51 7880  110ms   695M 1005G  78/102U INFO terranbot.builds.plans.acts.zone_defense:1062 Pulling worker [Unit(name='SCV', tag=4386717697), Unit(name='SCV', tag=4368891905)] for zone 1 to safety
05:51 7884  105ms   695M 1005G  78/102U INFO sharpy.managers.core.log_manager:80 [GameAnalyzer] Income advantage is now ClearAdvantage
05:51 7884  105ms   695M 1005G  78/102U INFO terranbot.builds.plans.acts.zone_defense:1062 Pulling worker [Unit(name='SCV', tag=4350541825), Unit(name='SCV', tag=4348444673), Unit(name='SCV', tag=4374396929), Unit(name='MULE', tag=4392747009), Unit(name='SCV', tag=4385406977), Unit(name='SCV', tag=4379377665), Unit(name='MULE', tag=4388290561), Unit(name='SCV', tag=4354473986), Unit(name='SCV', tag=4349755393), Unit(name='SCV', tag=4380426241), Unit(name='SCV', tag=4354736129), Unit(name='SCV', tag=4391960577), Unit(name='SCV', tag=4370989057), Unit(name='SCV', tag=4372037633), Unit(name='SCV', tag=4348706817), Unit(name='SCV', tag=4375183361), Unit(name='SCV', tag=4367319041), Unit(name='SCV', tag=4378329089), Unit(name='SCV', tag=4362862593)] for zone 1 to safety
05:52 7888  186ms   700M 1005G  78/102U INFO sharpy.managers.core.log_manager:80 [GameAnalyzer] Income advantage is now SmallAdvantage
05:52 7888  186ms   700M 1005G  78/102U INFO terranbot.builds.plans.acts.zone_defense:1062 Pulling worker [Unit(name='SCV', tag=4383571969)] for zone 1 to safety
05:52 7892  110ms   700M 1005G  78/102U INFO terranbot.builds.plans.acts.zone_defense:1062 Pulling worker [Unit(name='SCV', tag=4386717697), Unit(name='SCV', tag=4368891905)] for zone 1 to safety
05:52 7896  118ms   700M 1005G  78/102U INFO terranbot.builds.plans.acts.zone_defense:1062 Pulling worker [Unit(name='MULE', tag=4392747009), Unit(name='SCV', tag=4378329089), Unit(name='SCV', tag=4391960577), Unit(name='SCV', tag=4354473986), Unit(name='SCV', tag=4372037633), Unit(name='SCV', tag=4349755393), Unit(name='SCV', tag=4375183361), Unit(name='SCV', tag=4374396929), Unit(name='SCV', tag=4367319041), Unit(name='SCV', tag=4348706817), Unit(name='SCV', tag=4348444673), Unit(name='SCV', tag=4362862593), Unit(name='SCV', tag=4354736129), Unit(name='SCV', tag=4379377665), Unit(name='SCV', tag=4385406977), Unit(name='MULE', tag=4388290561), Unit(name='SCV', tag=4350541825), Unit(name='SCV', tag=4380426241), Unit(name='SCV', tag=4370989057)] for zone 1 to safety
05:52 7900  184ms   700M 1005G  78/102U INFO terranbot.builds.plans.acts.zone_defense:1062 Pulling worker [Unit(name='SCV', tag=4383571969), Unit(name='SCV', tag=4350017537)] for zone 1 to safety
05:52 7904  103ms   705M 1005G  78/102U INFO sharpy.managers.core.log_manager:80 [GameAnalyzer] Known army advantage is now Even
05:52 7904  103ms   705M 1005G  78/102U INFO terranbot.builds.plans.acts.zone_defense:1062 Pulling worker [Unit(name='SCV', tag=4368891905), Unit(name='SCV', tag=4386717697), Unit(name='SCV', tag=4359979009)] for zone 1 to safety
05:53 7908  119ms   710M 1005G  78/102U INFO sharpy.managers.core.log_manager:80 [GameAnalyzer] Income advantage is now ClearAdvantage
05:53 7908  119ms   710M 1005G  78/102U INFO terranbot.builds.plans.acts.zone_defense:1062 Pulling worker [Unit(name='SCV', tag=4375183361), Unit(name='SCV', tag=4391960577), Unit(name='SCV', tag=4379377665), Unit(name='SCV', tag=4374396929), Unit(name='SCV', tag=4378329089), Unit(name='MULE', tag=4388290561), Unit(name='SCV', tag=4385406977), Unit(name='SCV', tag=4348706817), Unit(name='SCV', tag=4362862593), Unit(name='SCV', tag=4354736129), Unit(name='SCV', tag=4372037633), Unit(name='SCV', tag=4348444673), Unit(name='SCV', tag=4367319041), Unit(name='SCV', tag=4354473986), Unit(name='SCV', tag=4380426241), Unit(name='SCV', tag=4349755393), Unit(name='MULE', tag=4392747009), Unit(name='SCV', tag=4350541825), Unit(name='SCV', tag=4370989057)] for zone 1 to safety
05:53 7912  187ms   715M 1005G  78/102U INFO sharpy.managers.core.log_manager:80 [GameAnalyzer] Income advantage is now SmallAdvantage
05:53 7912  187ms   715M 1005G  78/102U INFO terranbot.activity.location_modifiers:130 unit_to_place_beside: Unit(name='Barracks', tag=4363649026) - unit_to_place_beside.type_id=UnitTypeId.BARRACKS - position=(41.5, 63.5)
05:53 7912  187ms   715M 1005G  78/102U INFO terranbot.builds.plans.acts.zone_defense:1062 Pulling worker [Unit(name='SCV', tag=4383571969), Unit(name='SCV', tag=4354211841)] for zone 1 to safety
05:53 7916  107ms   720M 1005G  78/102U INFO terranbot.builds.plans.acts.zone_defense:1062 Pulling worker [Unit(name='SCV', tag=4368891905), Unit(name='SCV', tag=4389339137), Unit(name='SCV', tag=4386717697)] for zone 1 to safety
05:53 7920  143ms   720M 1005G  77/102U INFO terranbot.builds.plans.acts.zone_defense:1062 Pulling worker [Unit(name='SCV', tag=4350541825), Unit(name='SCV', tag=4348444673), Unit(name='SCV', tag=4375183361), Unit(name='SCV', tag=4348706817), Unit(name='SCV', tag=4372037633), Unit(name='SCV', tag=4379377665), Unit(name='SCV', tag=4374396929), Unit(name='MULE', tag=4388290561), Unit(name='MULE', tag=4392747009), Unit(name='SCV', tag=4367319041), Unit(name='SCV', tag=4380426241), Unit(name='SCV', tag=4354736129), Unit(name='SCV', tag=4391960577), Unit(name='SCV', tag=4378329089), Unit(name='SCV', tag=4385406977), Unit(name='SCV', tag=4354473986), Unit(name='SCV', tag=4362862593), Unit(name='SCV', tag=4349755393)] for zone 1 to safety
05:53 7924  184ms   725M 1005G  76/102U INFO sharpy.managers.core.log_manager:80 [GameAnalyzer] Income advantage is now SlightAdvantage
05:53 7924  184ms   725M 1005G  76/102U INFO terranbot.builds.plans.acts.zone_defense:1062 Pulling worker [Unit(name='SCV', tag=4383571969), Unit(name='SCV', tag=4350017537)] for zone 1 to safety
05:53 7928  110ms   725M 1005G  76/102U INFO terranbot.builds.plans.acts.zone_defense:1062 Pulling worker [Unit(name='SCV', tag=4368891905), Unit(name='SCV', tag=4389339137), Unit(name='SCV', tag=4386717697)] for zone 1 to safety
05:54 7932  109ms   725M 1009G  76/102U INFO sharpy.managers.core.log_manager:80 [GameAnalyzer] Income advantage is now SmallAdvantage
05:54 7932  109ms   725M 1009G  76/102U INFO terranbot.builds.plans.acts.zone_defense:1062 Pulling worker [Unit(name='SCV', tag=4348706817), Unit(name='SCV', tag=4362862593), Unit(name='SCV', tag=4354473986), Unit(name='SCV', tag=4348444673), Unit(name='MULE', tag=4392747009), Unit(name='SCV', tag=4374396929), Unit(name='SCV', tag=4378329089), Unit(name='SCV', tag=4372037633), Unit(name='SCV', tag=4380426241), Unit(name='SCV', tag=4350541825), Unit(name='SCV', tag=4385406977), Unit(name='SCV', tag=4391960577), Unit(name='SCV', tag=4379377665), Unit(name='MULE', tag=4388290561), Unit(name='SCV', tag=4354736129), Unit(name='SCV', tag=4355260417), Unit(name='SCV', tag=4370989057), Unit(name='SCV', tag=4359979009), Unit(name='SCV', tag=4367319041), Unit(name='SCV', tag=4349755393), Unit(name='SCV', tag=4354211841), Unit(name='SCV', tag=4375183361)] for zone 1 to safety
05:54 7936  164ms   725M 1009G  76/102U INFO sharpy.managers.core.log_manager:80 [GameAnalyzer] Income advantage is now SlightAdvantage
05:54 7936  164ms   725M 1009G  76/102U INFO terranbot.builds.plans.acts.zone_defense:1062 Pulling worker [Unit(name='SCV', tag=4383571969), Unit(name='SCV', tag=4349493249)] for zone 1 to safety
05:54 7940  111ms   725M 1009G  76/102U INFO terranbot.builds.plans.acts.zone_defense:1062 Pulling worker [Unit(name='SCV', tag=4368891905), Unit(name='SCV', tag=4389339137), Unit(name='SCV', tag=4365484033), Unit(name='SCV', tag=4350017537), Unit(name='SCV', tag=4386717697)] for zone 1 to safety
05:54 7944  128ms   725M 1013G  76/102U INFO terranbot.builds.plans.acts.zone_defense:1062 Pulling worker [Unit(name='SCV', tag=4354736129), Unit(name='MULE', tag=4392747009), Unit(name='SCV', tag=4378329089), Unit(name='SCV', tag=4350541825), Unit(name='SCV', tag=4391960577), Unit(name='SCV', tag=4348706817), Unit(name='SCV', tag=4379377665), Unit(name='SCV', tag=4354473986), Unit(name='MULE', tag=4388290561), Unit(name='SCV', tag=4380426241), Unit(name='SCV', tag=4374396929), Unit(name='SCV', tag=4385406977), Unit(name='SCV', tag=4348444673), Unit(name='SCV', tag=4362862593), Unit(name='SCV', tag=4375183361), Unit(name='SCV', tag=4367319041), Unit(name='SCV', tag=4372037633), Unit(name='SCV', tag=4349755393)] for zone 1 to safety
05:54 7948  163ms   725M 1013G  76/102U INFO terranbot.builds.plans.acts.zone_defense:1062 Pulling worker [Unit(name='SCV', tag=4370989057), Unit(name='SCV', tag=4383571969)] for zone 1 to safety
05:55 7952  112ms   730M 1013G  76/102U INFO terranbot.builds.plans.acts.zone_defense:1062 Pulling worker [Unit(name='SCV', tag=4368891905), Unit(name='SCV', tag=4389339137), Unit(name='SCV', tag=4359979009), Unit(name='SCV', tag=4386717697)] for zone 1 to safety
05:55 7956  125ms   735M 1013G  76/102U INFO sharpy.managers.core.log_manager:80 [GameAnalyzer] Income advantage is now SmallAdvantage
05:55 7956  125ms   735M 1013G  76/102U INFO terranbot.builds.plans.acts.zone_defense:1062 Pulling worker [Unit(name='SCV', tag=4350541825), Unit(name='SCV', tag=4374396929), Unit(name='SCV', tag=4378329089), Unit(name='SCV', tag=4385406977), Unit(name='SCV', tag=4362862593), Unit(name='MULE', tag=4392747009), Unit(name='MULE', tag=4388290561), Unit(name='SCV', tag=4380426241), Unit(name='SCV', tag=4348444673), Unit(name='SCV', tag=4354473986), Unit(name='SCV', tag=4391960577), Unit(name='SCV', tag=4348706817), Unit(name='SCV', tag=4354736129), Unit(name='SCV', tag=4355260417), Unit(name='SCV', tag=4367319041), Unit(name='SCV', tag=4350017537), Unit(name='SCV', tag=4372037633), Unit(name='SCV', tag=4349755393), Unit(name='SCV', tag=4379377665)] for zone 1 to safety
05:55 7960  172ms   735M 1013G  76/102U INFO sharpy.managers.core.log_manager:80 [GameAnalyzer] Income advantage is now SlightAdvantage
05:55 7960  172ms   735M 1013G  76/102U INFO terranbot.builds.plans.acts.zone_defense:1062 Pulling worker [Unit(name='SCV', tag=4349493249), Unit(name='SCV', tag=4383571969)] for zone 1 to safety
05:55 7964  123ms   735M 1013G  76/102U INFO terranbot.builds.plans.acts.zone_defense:1062 Pulling worker [Unit(name='SCV', tag=4368891905), Unit(name='SCV', tag=4389339137), Unit(name='SCV', tag=4375183361), Unit(name='SCV', tag=4365484033), Unit(name='SCV', tag=4386717697)] for zone 1 to safety
05:55 7968  127ms   740M 1017G  76/102U INFO sharpy.managers.core.log_manager:80 [GameAnalyzer] Income advantage is now Even
05:55 7968  127ms   740M 1017G  76/102U INFO terranbot.builds.plans.acts.zone_defense:1062 Pulling worker [Unit(name='SCV', tag=4378329089), Unit(name='SCV', tag=4391960577), Unit(name='SCV', tag=4354473986), Unit(name='SCV', tag=4354736129), Unit(name='SCV', tag=4348444673), Unit(name='SCV', tag=4362862593), Unit(name='MULE', tag=4392747009), Unit(name='SCV', tag=4385406977), Unit(name='SCV', tag=4374396929), Unit(name='MULE', tag=4388290561), Unit(name='SCV', tag=4372037633), Unit(name='SCV', tag=4350017537), Unit(name='SCV', tag=4359979009), Unit(name='SCV', tag=4380426241), Unit(name='SCV', tag=4348706817), Unit(name='SCV', tag=4350541825), Unit(name='SCV', tag=4370989057), Unit(name='SCV', tag=4349755393), Unit(name='SCV', tag=4379377665)] for zone 1 to safety
05:55 7972  180ms   745M 1017G  75/102U INFO terranbot.builds.plans.acts.zone_defense:1062 Pulling worker [Unit(name='SCV', tag=4349493249), Unit(name='SCV', tag=4383571969)] for zone 1 to safety
05:56 7976  188ms   745M 1017G  75/102U INFO terranbot.builds.plans.acts.zone_defense:1062 Pulling worker [Unit(name='SCV', tag=4389339137), Unit(name='SCV', tag=4365484033), Unit(name='SCV', tag=4350279681), Unit(name='SCV', tag=4368891905), Unit(name='SCV', tag=4367319041), Unit(name='SCV', tag=4355260417), Unit(name='SCV', tag=4386717697)] for zone 1 to safety
05:56 7980  147ms   695M 1017G  75/102U INFO terranbot.builds.plans.acts.zone_defense:1062 Pulling worker [Unit(name='MULE', tag=4392747009), Unit(name='SCV', tag=4385406977), Unit(name='SCV', tag=4391960577), Unit(name='SCV', tag=4362862593), Unit(name='SCV', tag=4354473986), Unit(name='SCV', tag=4374396929), Unit(name='SCV', tag=4348444673), Unit(name='MULE', tag=4388290561), Unit(name='SCV', tag=4378329089), Unit(name='SCV', tag=4354736129), Unit(name='SCV', tag=4380426241), Unit(name='SCV', tag=4350017537), Unit(name='SCV', tag=4348706817), Unit(name='SCV', tag=4350541825), Unit(name='SCV', tag=4375183361)] for zone 1 to safety
05:56 7984  147ms   695M 1017G  75/102U INFO terranbot.activity.location_modifiers:130 unit_to_place_beside: Unit(name='Barracks', tag=4363649026) - unit_to_place_beside.type_id=UnitTypeId.BARRACKS - position=(41.5, 63.5)
05:56 7984  147ms   695M 1017G  75/102U INFO terranbot.builds.plans.acts.zone_defense:1062 Pulling worker [Unit(name='SCV', tag=4372037633), Unit(name='SCV', tag=4379377665), Unit(name='SCV', tag=4383571969), Unit(name='SCV', tag=4349755393)] for zone 1 to safety
05:56 7988  150ms   695M 1017G  75/102U INFO terranbot.builds.plans.acts.zone_defense:1062 Pulling worker [Unit(name='SCV', tag=4389339137), Unit(name='SCV', tag=4365484033), Unit(name='SCV', tag=4349493249), Unit(name='SCV', tag=4368891905), Unit(name='SCV', tag=4367319041)] for zone 1 to safety
05:56 7992  116ms   695M 1017G  75/102U INFO sharpy.managers.core.log_manager:80 [GameAnalyzer] Known army advantage is now SlightAdvantage
05:56 7992  116ms   695M 1017G  75/102U INFO terranbot.builds.plans.acts.zone_defense:1062 Pulling worker [Unit(name='SCV', tag=4362862593), Unit(name='SCV', tag=4391960577), Unit(name='SCV', tag=4348444673), Unit(name='SCV', tag=4354473986), Unit(name='MULE', tag=4392747009), Unit(name='MULE', tag=4388290561), Unit(name='SCV', tag=4378329089), Unit(name='SCV', tag=4374396929), Unit(name='SCV', tag=4370989057), Unit(name='SCV', tag=4390387713), Unit(name='SCV', tag=4348706817), Unit(name='SCV', tag=4385406977), Unit(name='SCV', tag=4386717697), Unit(name='SCV', tag=4354736129), Unit(name='SCV', tag=4375183361), Unit(name='SCV', tag=4355260417), Unit(name='SCV', tag=4359979009)] for zone 1 to safety
05:56 7996  173ms   695M 1017G  75/102U INFO terranbot.builds.plans.acts.zone_defense:1062 Pulling worker [Unit(name='SCV', tag=4375707649), Unit(name='SCV', tag=4380426241), Unit(name='SCV', tag=4379377665), Unit(name='SCV', tag=4383571969), Unit(name='SCV', tag=4350541825), Unit(name='SCV', tag=4349755393), Unit(name='SCV', tag=4350017537)] for zone 1 to safety
05:57 8000  142ms   695M 1017G  75/102U INFO terranbot.builds.plans.acts.zone_defense:1062 Pulling worker [Unit(name='SCV', tag=4389339137), Unit(name='SCV', tag=4372037633), Unit(name='SCV', tag=4365484033), Unit(name='SCV', tag=4368891905), Unit(name='SCV', tag=4367319041)] for zone 1 to safety
05:57 8004  132ms   695M 1017G  75/102U INFO terranbot.builds.plans.acts.zone_defense:1062 Pulling worker [Unit(name='SCV', tag=4378329089), Unit(name='SCV', tag=4354473986), Unit(name='MULE', tag=4392747009), Unit(name='SCV', tag=4362862593), Unit(name='SCV', tag=4374396929), Unit(name='SCV', tag=4348706817), Unit(name='SCV', tag=4354736129), Unit(name='SCV', tag=4391960577), Unit(name='MULE', tag=4388290561), Unit(name='SCV', tag=4385406977), Unit(name='SCV', tag=4348444673), Unit(name='SCV', tag=4375183361)] for zone 1 to safety
05:57 8008  161ms   700M 1017G  75/102U INFO terranbot.builds.plans.acts.zone_defense:1062 Pulling worker [Unit(name='SCV', tag=4350541825), Unit(name='SCV', tag=4355260417), Unit(name='SCV', tag=4386717697), Unit(name='SCV', tag=4383571969), Unit(name='SCV', tag=4359979009), Unit(name='SCV', tag=4350017537), Unit(name='SCV', tag=4349755393)] for zone 1 to safety
05:57 8012  124ms   700M 1017G  75/102U INFO terranbot.builds.plans.acts.zone_defense:1062 Pulling worker [Unit(name='SCV', tag=4389339137), Unit(name='SCV', tag=4372037633), Unit(name='SCV', tag=4375707649), Unit(name='SCV', tag=4349493249), Unit(name='SCV', tag=4365484033), Unit(name='SCV', tag=4368891905), Unit(name='SCV', tag=4390387713), Unit(name='SCV', tag=4379377665)] for zone 1 to safety
05:57 8016  153ms   655M 1017G  75/102U INFO terranbot.builds.plans.acts.zone_defense:1062 Pulling worker [Unit(name='SCV', tag=4378329089), Unit(name='SCV', tag=4374396929), Unit(name='MULE', tag=4392747009), Unit(name='SCV', tag=4362862593), Unit(name='SCV', tag=4354473986), Unit(name='SCV', tag=4367319041), Unit(name='SCV', tag=4354736129), Unit(name='SCV', tag=4348444673), Unit(name='SCV', tag=4348706817), Unit(name='MULE', tag=4388290561), Unit(name='SCV', tag=4385406977), Unit(name='SCV', tag=4391960577)] for zone 1 to safety
05:58 8020  141ms   655M 1017G  76/102U INFO terranbot.builds.plans.acts.zone_defense:1062 Pulling worker [Unit(name='SCV', tag=4359979009), Unit(name='SCV', tag=4380426241), Unit(name='SCV', tag=4383571969), Unit(name='SCV', tag=4350017537), Unit(name='SCV', tag=4350541825), Unit(name='SCV', tag=4355260417), Unit(name='SCV', tag=4375183361), Unit(name='SCV', tag=4370989057), Unit(name='SCV', tag=4349755393)] for zone 1 to safety
05:58 8024  119ms   660M 1017G  76/102U INFO terranbot.builds.plans.acts.zone_defense:1062 Pulling worker [Unit(name='SCV', tag=4389339137), Unit(name='SCV', tag=4365484033), Unit(name='SCV', tag=4349493249), Unit(name='SCV', tag=4368891905), Unit(name='SCV', tag=4390387713), Unit(name='SCV', tag=4386717697), Unit(name='SCV', tag=4379377665)] for zone 1 to safety
05:58 8028  115ms   660M 1021G  76/102U INFO terranbot.builds.plans.acts.zone_defense:1062 Pulling worker [Unit(name='SCV', tag=4374396929), Unit(name='SCV', tag=4378329089), Unit(name='SCV', tag=4354473986), Unit(name='MULE', tag=4392747009), Unit(name='MULE', tag=4388290561), Unit(name='SCV', tag=4391960577), Unit(name='SCV', tag=4348706817), Unit(name='SCV', tag=4362862593), Unit(name='SCV', tag=4348444673), Unit(name='SCV', tag=4385406977)] for zone 1 to safety
05:58 8032  146ms   660M 1021G  76/102U INFO terranbot.builds.plans.acts.zone_defense:1062 Pulling worker [Unit(name='SCV', tag=4359979009), Unit(name='SCV', tag=4383571969), Unit(name='SCV', tag=4375183361), Unit(name='SCV', tag=4370989057), Unit(name='SCV', tag=4350017537), Unit(name='SCV', tag=4350541825), Unit(name='SCV', tag=4375707649), Unit(name='SCV', tag=4355260417)] for zone 1 to safety
05:58 8036  143ms   660M 1021G  76/102U INFO terranbot.builds.plans.acts.zone_defense:1062 Pulling worker [Unit(name='SCV', tag=4389339137), Unit(name='SCV', tag=4365484033), Unit(name='SCV', tag=4349493249), Unit(name='SCV', tag=4380426241), Unit(name='SCV', tag=4379377665), Unit(name='SCV', tag=4368891905), Unit(name='SCV', tag=4354736129), Unit(name='SCV', tag=4386717697)] for zone 1 to safety
05:58 8040  129ms   660M 1021G  76/102U INFO terranbot.builds.plans.acts.zone_defense:1062 Pulling worker [Unit(name='SCV', tag=4378329089), Unit(name='MULE', tag=4388290561), Unit(name='SCV', tag=4385406977), Unit(name='SCV', tag=4362862593), Unit(name='MULE', tag=4392747009), Unit(name='SCV', tag=4348444673), Unit(name='SCV', tag=4348706817), Unit(name='SCV', tag=4374396929), Unit(name='SCV', tag=4354473986), Unit(name='SCV', tag=4391960577), Unit(name='SCV', tag=4390387713), Unit(name='SCV', tag=4349755393)] for zone 1 to safety
05:59 8044  148ms   660M 1021G  76/102U INFO terranbot.builds.plans.acts.zone_defense:1062 Pulling worker [Unit(name='SCV', tag=4383571969), Unit(name='SCV', tag=4387766273), Unit(name='SCV', tag=4359979009), Unit(name='SCV', tag=4370989057), Unit(name='SCV', tag=4350541825), Unit(name='SCV', tag=4350017537), Unit(name='SCV', tag=4375707649), Unit(name='SCV', tag=4367319041)] for zone 1 to safety
05:59 8048  120ms   660M 1021G  76/102U INFO terranbot.builds.plans.acts.zone_defense:1062 Pulling worker [Unit(name='SCV', tag=4389339137), Unit(name='SCV', tag=4365484033), Unit(name='SCV', tag=4379377665), Unit(name='SCV', tag=4375183361), Unit(name='SCV', tag=4368891905), Unit(name='SCV', tag=4354736129), Unit(name='SCV', tag=4355260417)] for zone 1 to safety
05:59 8052  148ms   660M 1021G  76/102U INFO terranbot.builds.plans.acts.zone_defense:1062 Pulling worker [Unit(name='SCV', tag=4362862593), Unit(name='MULE', tag=4392747009), Unit(name='MULE', tag=4388290561), Unit(name='SCV', tag=4378329089), Unit(name='SCV', tag=4385406977), Unit(name='SCV', tag=4348444673), Unit(name='SCV', tag=4382261249), Unit(name='SCV', tag=4354473986), Unit(name='SCV', tag=4374396929), Unit(name='SCV', tag=4391960577), Unit(name='SCV', tag=4380426241), Unit(name='SCV', tag=4390387713), Unit(name='SCV', tag=4386717697)] for zone 1 to safety
05:59 8056  135ms   665M 1021G  76/102U INFO terranbot.activity.location_modifiers:130 unit_to_place_beside: Unit(name='Barracks', tag=4363649026) - unit_to_place_beside.type_id=UnitTypeId.BARRACKS - position=(41.5, 63.5)
05:59 8056  135ms   665M 1021G  76/102U INFO terranbot.builds.plans.acts.zone_defense:1062 Pulling worker [Unit(name='SCV', tag=4350017537), Unit(name='SCV', tag=4359979009), Unit(name='SCV', tag=4375707649), Unit(name='SCV', tag=4349493249), Unit(name='SCV', tag=4348706817), Unit(name='SCV', tag=4383571969), Unit(name='SCV', tag=4370989057), Unit(name='SCV', tag=4350541825), Unit(name='SCV', tag=4349755393), Unit(name='SCV', tag=4367319041)] for zone 1 to safety
05:59 8060  137ms   665M 1021G  76/102U INFO terranbot.builds.plans.acts.zone_defense:1062 Pulling worker [Unit(name='SCV', tag=4389339137), Unit(name='SCV', tag=4354736129), Unit(name='SCV', tag=4375183361), Unit(name='SCV', tag=4365484033), Unit(name='SCV', tag=4368891905)] for zone 1 to safety
06:00 8064  116ms   665M 1021G  76/102U INFO sharpy.managers.core.log_manager:80 [GameAnalyzer] Income advantage is now SlightDisadvantage
06:00 8064  116ms   665M 1021G  76/102U INFO terranbot.activity.location_modifiers:130 unit_to_place_beside: Unit(name='Barracks', tag=4380164097) - unit_to_place_beside.type_id=UnitTypeId.BARRACKS - position=(54.5, 58.5)
06:00 8064  116ms   615M 1021G  76/102U INFO terranbot.builds.plans.acts.zone_defense:1062 Pulling worker [Unit(name='SCV', tag=4378329089), Unit(name='SCV', tag=4385406977), Unit(name='MULE', tag=4392747009), Unit(name='SCV', tag=4362862593), Unit(name='MULE', tag=4388290561), Unit(name='SCV', tag=4374396929), Unit(name='SCV', tag=4348444673), Unit(name='SCV', tag=4355260417), Unit(name='SCV', tag=4391960577), Unit(name='SCV', tag=4380426241), Unit(name='SCV', tag=4354473986)] for zone 1 to safety
06:00 8068  156ms   670M 1021G  76/102U INFO terranbot.builds.plans.acts.zone_defense:1062 Pulling worker [Unit(name='SCV', tag=4350017537), Unit(name='SCV', tag=4359979009), Unit(name='SCV', tag=4349493249), Unit(name='SCV', tag=4349755393), Unit(name='SCV', tag=4379377665), Unit(name='SCV', tag=4387766273), Unit(name='SCV', tag=4383571969), Unit(name='SCV', tag=4370989057), Unit(name='SCV', tag=4367319041), Unit(name='SCV', tag=4348706817), Unit(name='SCV', tag=4390387713), Unit(name='SCV', tag=4350541825), Unit(name='SCV', tag=4386717697)] for zone 1 to safety
06:00 8072  131ms   675M 1021G  76/102U INFO sharpy.managers.core.log_manager:80 [GameAnalyzer] Income advantage is now SmallDisadvantage
06:00 8072  131ms   675M 1021G  76/102U INFO terranbot.builds.plans.acts.zone_defense:1062 Pulling worker [Unit(name='SCV', tag=4389339137), Unit(name='SCV', tag=4354736129), Unit(name='SCV', tag=4375183361), Unit(name='SCV', tag=4375707649), Unit(name='SCV', tag=4368891905)] for zone 1 to safety
06:00 8076  115ms   675M 1021G  76/102U INFO sharpy.managers.core.log_manager:80 [GameAnalyzer] Income advantage is now Even
06:00 8076  115ms   675M 1021G  76/102U INFO terranbot.builds.plans.acts.zone_defense:1062 Pulling worker [Unit(name='SCV', tag=4378329089), Unit(name='SCV', tag=4385406977), Unit(name='SCV', tag=4348444673), Unit(name='SCV', tag=4362862593), Unit(name='SCV', tag=4365484033), Unit(name='MULE', tag=4392747009), Unit(name='MULE', tag=4388290561), Unit(name='SCV', tag=4374396929), Unit(name='SCV', tag=4354473986), Unit(name='SCV', tag=4391960577)] for zone 1 to safety
06:00 8080  132ms   675M 1021G  76/102U INFO sharpy.managers.core.log_manager:80 [GameAnalyzer] Income advantage is now SlightDisadvantage
06:00 8080  132ms   675M 1021G  76/102U INFO terranbot.builds.plans.acts.zone_defense:1062 Pulling worker [Unit(name='SCV', tag=4383571969), Unit(name='SCV', tag=4350017537), Unit(name='SCV', tag=4359979009), Unit(name='SCV', tag=4387766273), Unit(name='SCV', tag=4349493249), Unit(name='SCV', tag=4370989057), Unit(name='SCV', tag=4367319041), Unit(name='SCV', tag=4379377665), Unit(name='SCV', tag=4349755393), Unit(name='SCV', tag=4382261249), Unit(name='SCV', tag=4348706817), Unit(name='SCV', tag=4350541825)] for zone 1 to safety
06:00 8084  146ms   675M 1021G  76/102U INFO terranbot.builds.plans.acts.zone_defense:1062 Pulling worker [Unit(name='SCV', tag=4389339137), Unit(name='SCV', tag=4354736129), Unit(name='SCV', tag=4375707649), Unit(name='SCV', tag=4368891905), Unit(name='SCV', tag=4390387713), Unit(name='SCV', tag=4386717697)] for zone 1 to safety
06:01 8088  116ms   675M 1021G  76/102U INFO terranbot.builds.plans.acts.zone_defense:1062 Pulling worker [Unit(name='SCV', tag=4362862593), Unit(name='SCV', tag=4348444673), Unit(name='SCV', tag=4385406977), Unit(name='SCV', tag=4378329089), Unit(name='MULE', tag=4392747009), Unit(name='SCV', tag=4391960577), Unit(name='SCV', tag=4375183361), Unit(name='SCV', tag=4374396929), Unit(name='SCV', tag=4354473986), Unit(name='MULE', tag=4388290561)] for zone 1 to safety
06:01 8092  130ms   675M 1021G  76/102U INFO terranbot.builds.plans.acts.zone_defense:1062 Pulling worker [Unit(name='SCV', tag=4359979009), Unit(name='SCV', tag=4383571969), Unit(name='SCV', tag=4379377665), Unit(name='SCV', tag=4350017537), Unit(name='SCV', tag=4370989057), Unit(name='SCV', tag=4348706817), Unit(name='SCV', tag=4367319041), Unit(name='SCV', tag=4382261249)] for zone 1 to safety
06:01 8096  140ms   675M 1021G  76/102U INFO terranbot.builds.plans.acts.zone_defense:1062 Pulling worker [Unit(name='SCV', tag=4389339137), Unit(name='SCV', tag=4354736129), Unit(name='SCV', tag=4349493249), Unit(name='SCV', tag=4365484033), Unit(name='SCV', tag=4368891905), Unit(name='SCV', tag=4386717697)] for zone 1 to safety
06:01 8100  126ms   675M 1021G  76/102U INFO terranbot.builds.plans.acts.zone_defense:1062 Pulling worker [Unit(name='SCV', tag=4385406977), Unit(name='SCV', tag=4378329089), Unit(name='SCV', tag=4354473986), Unit(name='SCV', tag=4362862593), Unit(name='MULE', tag=4392747009), Unit(name='SCV', tag=4349755393), Unit(name='SCV', tag=4375183361), Unit(name='SCV', tag=4355260417), Unit(name='SCV', tag=4348444673), Unit(name='MULE', tag=4388290561), Unit(name='SCV', tag=4374396929), Unit(name='SCV', tag=4390387713), Unit(name='SCV', tag=4391960577), Unit(name='SCV', tag=4375707649)] for zone 1 to safety
06:01 8104  143ms   680M 1021G  75/102U INFO terranbot.builds.plans.acts.zone_defense:1062 Pulling worker [Unit(name='SCV', tag=4359979009), Unit(name='SCV', tag=4383571969), Unit(name='SCV', tag=4370989057), Unit(name='SCV', tag=4348706817), Unit(name='SCV', tag=4379377665), Unit(name='SCV', tag=4367319041), Unit(name='SCV', tag=4350017537), Unit(name='SCV', tag=4382261249)] for zone 1 to safety
06:01 8108  129ms   685M 1021G  75/102U INFO terranbot.builds.plans.acts.zone_defense:1062 Pulling worker [Unit(name='SCV', tag=4389339137), Unit(name='SCV', tag=4354736129), Unit(name='SCV', tag=4365484033), Unit(name='SCV', tag=4368891905)] for zone 1 to safety
06:02 8112  103ms   690M 1021G  75/102U INFO sharpy.managers.core.log_manager:80 [GameAnalyzer] Income advantage is now Even
06:02 8112  103ms   690M 1021G  75/102U INFO terranbot.builds.plans.acts.zone_defense:1062 Pulling worker [Unit(name='SCV', tag=4362862593), Unit(name='SCV', tag=4378329089), Unit(name='SCV', tag=4385406977), Unit(name='SCV', tag=4354473986), Unit(name='MULE', tag=4392747009), Unit(name='SCV', tag=4348444673), Unit(name='SCV', tag=4390387713), Unit(name='MULE', tag=4388290561), Unit(name='SCV', tag=4374396929), Unit(name='SCV', tag=4386717697), Unit(name='SCV', tag=4391960577), Unit(name='SCV', tag=4375707649)] for zone 1 to safety
06:02 8116  128ms   690M 1021G  74/102U INFO terranbot.builds.plans.acts.zone_defense:1062 Pulling worker [Unit(name='SCV', tag=4383571969), Unit(name='SCV', tag=4350541825), Unit(name='SCV', tag=4359979009), Unit(name='SCV', tag=4379377665), Unit(name='SCV', tag=4350017537), Unit(name='SCV', tag=4370989057), Unit(name='SCV', tag=4355260417)] for zone 1 to safety
06:02 8120  104ms   690M 1025G  74/102U INFO sharpy.managers.core.log_manager:80 [GameAnalyzer] Income advantage is now SlightDisadvantage
06:02 8120  104ms   690M 1025G  74/102U INFO terranbot.builds.plans.acts.zone_defense:1062 Pulling worker [Unit(name='SCV', tag=4389339137), Unit(name='SCV', tag=4347920385), Unit(name='SCV', tag=4372037633), Unit(name='SCV', tag=4349755393), Unit(name='SCV', tag=4368891905), Unit(name='SCV', tag=4375183361), Unit(name='SCV', tag=4365484033), Unit(name='SCV', tag=4348706817)] for zone 1 to safety
06:02 8124  121ms   690M 1025G  74/102U INFO sharpy.managers.core.log_manager:80 [GameAnalyzer] Income advantage is now Even
06:02 8124  121ms   690M 1025G  74/102U INFO terranbot.builds.plans.acts.zone_defense:1062 Pulling worker [Unit(name='SCV', tag=4354473986), Unit(name='SCV', tag=4362862593), Unit(name='SCV', tag=4378329089), Unit(name='SCV', tag=4367319041), Unit(name='SCV', tag=4385406977), Unit(name='SCV', tag=4348444673), Unit(name='MULE', tag=4388290561), Unit(name='SCV', tag=4390387713), Unit(name='SCV', tag=4374396929), Unit(name='SCV', tag=4391960577), Unit(name='SCV', tag=4386717697), Unit(name='SCV', tag=4349493249)] for zone 1 to safety
06:02 8128  123ms   690M 1025G  74/102U INFO sharpy.managers.core.log_manager:80 [GameAnalyzer] Income advantage is now SlightDisadvantage
06:02 8128  123ms   690M 1025G  74/102U INFO terranbot.builds.plans.acts.zone_defense:1062 Pulling worker [Unit(name='SCV', tag=4383571969), Unit(name='SCV', tag=4379377665), Unit(name='SCV', tag=4352114689), Unit(name='SCV', tag=4382261249), Unit(name='MULE', tag=4392747009), Unit(name='SCV', tag=4359979009), Unit(name='SCV', tag=4354736129), Unit(name='SCV', tag=4355260417)] for zone 1 to safety
06:03 8132  103ms   690M 1025G  74/102U INFO sharpy.managers.core.log_manager:80 [GameAnalyzer] Income advantage is now Even
06:03 8132  103ms   690M 1025G  74/102U INFO terranbot.builds.plans.acts.zone_defense:1062 Pulling worker [Unit(name='SCV', tag=4348706817), Unit(name='SCV', tag=4389339137), Unit(name='SCV', tag=4368891905), Unit(name='SCV', tag=4375707649), Unit(name='SCV', tag=4375183361), Unit(name='SCV', tag=4365484033)] for zone 1 to safety
06:03 8136  116ms   640M 1025G  74/102U INFO terranbot.builds.plans.acts.zone_defense:1062 Pulling worker [Unit(name='SCV', tag=4385406977), Unit(name='SCV', tag=4362862593), Unit(name='SCV', tag=4378329089), Unit(name='SCV', tag=4352901121), Unit(name='SCV', tag=4354473986), Unit(name='SCV', tag=4348444673), Unit(name='SCV', tag=4390387713), Unit(name='SCV', tag=4349493249), Unit(name='MULE', tag=4388290561), Unit(name='SCV', tag=4350017537), Unit(name='SCV', tag=4374396929), Unit(name='SCV', tag=4370989057), Unit(name='SCV', tag=4349755393)] for zone 1 to safety
06:03 8140  136ms   640M 1025G  75/102U INFO terranbot.builds.plans.acts.zone_defense:1062 Pulling worker [Unit(name='SCV', tag=4383571969), Unit(name='SCV', tag=4372037633), Unit(name='SCV', tag=4359979009), Unit(name='SCV', tag=4379377665), Unit(name='SCV', tag=4354736129), Unit(name='SCV', tag=4350541825), Unit(name='SCV', tag=4386717697)] for zone 1 to safety
06:03 8144  130ms   640M 1025G  75/102U INFO sharpy.managers.core.log_manager:80 [GameAnalyzer] Income advantage is now SlightDisadvantage
06:03 8144  130ms   640M 1025G  75/102U INFO terranbot.builds.plans.acts.zone_defense:1062 Pulling worker [Unit(name='SCV', tag=4389339137), Unit(name='SCV', tag=4348706817), Unit(name='SCV', tag=4382261249), Unit(name='SCV', tag=4347920385), Unit(name='SCV', tag=4375707649), Unit(name='SCV', tag=4368891905), Unit(name='SCV', tag=4375183361), Unit(name='SCV', tag=4391960577), Unit(name='SCV', tag=4365484033)] for zone 1 to safety
06:03 8148  117ms   640M 1025G  75/102U INFO sharpy.managers.core.log_manager:80 [GameAnalyzer] Income advantage is now Even
06:03 8148  117ms   640M 1025G  75/102U INFO terranbot.builds.plans.acts.zone_defense:1062 Pulling worker [Unit(name='SCV', tag=4385406977), Unit(name='SCV', tag=4378329089), Unit(name='SCV', tag=4362862593), Unit(name='SCV', tag=4348444673), Unit(name='SCV', tag=4370989057), Unit(name='SCV', tag=4390387713), Unit(name='SCV', tag=4354473986), Unit(name='SCV', tag=4374396929), Unit(name='MULE', tag=4388290561), Unit(name='SCV', tag=4350017537), Unit(name='SCV', tag=4349493249)] for zone 1 to safety
06:03 8152  122ms   640M 1025G  75/102U INFO sharpy.managers.core.log_manager:80 [GameAnalyzer] Income advantage is now SlightDisadvantage
06:03 8152  122ms   640M 1025G  75/102U INFO terranbot.builds.plans.acts.zone_defense:1062 Pulling worker [Unit(name='SCV', tag=4379377665), Unit(name='SCV', tag=4383571969), Unit(name='SCV', tag=4372037633), Unit(name='SCV', tag=4349755393), Unit(name='SCV', tag=4359979009), Unit(name='SCV', tag=4354736129), Unit(name='SCV', tag=4350541825), Unit(name='SCV', tag=4355260417), Unit(name='SCV', tag=4367319041), Unit(name='SCV', tag=4386717697)] for zone 1 to safety
06:04 8156  107ms   645M 1025G  75/102U INFO sharpy.managers.core.log_manager:80 [GameAnalyzer] Income advantage is now Even
06:04 8156  107ms   645M 1025G  75/102U INFO terranbot.builds.plans.acts.zone_defense:1062 Pulling worker [Unit(name='SCV', tag=4368891905), Unit(name='SCV', tag=4347920385), Unit(name='SCV', tag=4352901121), Unit(name='SCV', tag=4375707649), Unit(name='SCV', tag=4389339137), Unit(name='SCV', tag=4375183361), Unit(name='SCV', tag=4391960577)] for zone 1 to safety
06:04 8160   91ms   645M 1025G  75/102U INFO sharpy.managers.core.log_manager:80 [GameAnalyzer] Income advantage is now SlightDisadvantage
06:04 8160   91ms   645M 1025G  75/102U INFO terranbot.builds.plans.acts.zone_defense:1062 Pulling worker [Unit(name='SCV', tag=4378329089), Unit(name='SCV', tag=4362862593), Unit(name='SCV', tag=4348444673), Unit(name='SCV', tag=4352114689), Unit(name='SCV', tag=4390387713), Unit(name='SCV', tag=4348706817), Unit(name='SCV', tag=4385406977), Unit(name='MULE', tag=4388290561), Unit(name='SCV', tag=4354473986), Unit(name='SCV', tag=4374396929), Unit(name='SCV', tag=4350017537)] for zone 1 to safety
06:04 8164  125ms   650M 1025G  75/102U INFO terranbot.builds.plans.acts.zone_defense:1062 Pulling worker [Unit(name='SCV', tag=4383571969), Unit(name='SCV', tag=4372037633), Unit(name='SCV', tag=4370989057), Unit(name='SCV', tag=4359979009), Unit(name='SCV', tag=4379377665), Unit(name='SCV', tag=4386717697), Unit(name='SCV', tag=4355260417), Unit(name='SCV', tag=4349493249), Unit(name='SCV', tag=4365484033), Unit(name='SCV', tag=4354736129)] for zone 1 to safety
06:04 8168  116ms   650M 1029G  74/102U INFO terranbot.builds.plans.acts.zone_defense:1062 Pulling worker [Unit(name='SCV', tag=4389339137), Unit(name='SCV', tag=4349755393), Unit(name='SCV', tag=4347920385), Unit(name='SCV', tag=4382261249), Unit(name='SCV', tag=4375707649), Unit(name='SCV', tag=4375183361), Unit(name='SCV', tag=4391960577), Unit(name='SCV', tag=4350541825), Unit(name='SCV', tag=4368891905)] for zone 1 to safety
06:04 8172  106ms   655M 1033G  74/102U INFO terranbot.builds.plans.acts.zone_defense:1062 Pulling worker [Unit(name='SCV', tag=4378329089), Unit(name='SCV', tag=4348444673), Unit(name='SCV', tag=4362862593), Unit(name='SCV', tag=4390387713), Unit(name='SCV', tag=4348706817), Unit(name='SCV', tag=4352114689), Unit(name='SCV', tag=4352901121), Unit(name='SCV', tag=4385406977), Unit(name='MULE', tag=4388290561), Unit(name='SCV', tag=4354473986), Unit(name='SCV', tag=4367319041), Unit(name='SCV', tag=4374396929)] for zone 1 to safety
06:05 8176  129ms   655M 1033G  74/102U INFO terranbot.builds.plans.acts.zone_defense:1062 Pulling worker [Unit(name='SCV', tag=4359979009), Unit(name='SCV', tag=4383571969), Unit(name='SCV', tag=4370989057), Unit(name='SCV', tag=4372037633), Unit(name='SCV', tag=4379377665), Unit(name='SCV', tag=4365484033), Unit(name='SCV', tag=4354736129), Unit(name='SCV', tag=4350017537), Unit(name='SCV', tag=4349493249), Unit(name='SCV', tag=4386717697)] for zone 1 to safety
06:05 8180  120ms   655M 1033G  74/102U INFO sharpy.managers.core.log_manager:80 [GameAnalyzer] Income advantage is now SmallDisadvantage
06:05 8180  120ms   655M 1033G  74/102U INFO terranbot.builds.plans.acts.zone_defense:1062 Pulling worker [Unit(name='SCV', tag=4389339137), Unit(name='SCV', tag=4355260417), Unit(name='SCV', tag=4375707649), Unit(name='SCV', tag=4375183361), Unit(name='SCV', tag=4368891905), Unit(name='SCV', tag=4391960577), Unit(name='SCV', tag=4350541825)] for zone 1 to safety
06:05 8184  108ms   655M 1033G  74/102U INFO sharpy.managers.core.log_manager:80 [GameAnalyzer] Income advantage is now SlightDisadvantage
06:05 8184  108ms   655M 1033G  74/102U INFO terranbot.builds.plans.acts.zone_defense:1062 Pulling worker [Unit(name='SCV', tag=4348444673), Unit(name='SCV', tag=4378329089), Unit(name='SCV', tag=4362862593), Unit(name='SCV', tag=4352901121), Unit(name='SCV', tag=4390387713), Unit(name='MULE', tag=4388290561), Unit(name='SCV', tag=4385406977), Unit(name='SCV', tag=4354473986), Unit(name='SCV', tag=4374396929), Unit(name='SCV', tag=4367319041)] for zone 1 to safety
06:05 8184  108ms   655M 1033G  74/102U INFO terranbot.combat.counter_attack:143 Counter-attack ended: timeout
06:05 8188  110ms   655M 1033G  74/102U INFO terranbot.builds.plans.acts.zone_defense:1062 Pulling worker [Unit(name='SCV', tag=4370989057), Unit(name='SCV', tag=4383571969), Unit(name='SCV', tag=4372037633), Unit(name='SCV', tag=4352114689), Unit(name='SCV', tag=4348706817), Unit(name='SCV', tag=4359979009), Unit(name='SCV', tag=4379377665), Unit(name='SCV', tag=4386717697), Unit(name='SCV', tag=4354736129), Unit(name='SCV', tag=4382261249), Unit(name='SCV', tag=4347920385)] for zone 1 to safety
06:05 8192  106ms   655M 1033G  74/102U INFO sharpy.managers.core.log_manager:80 [GameAnalyzer] Income advantage is now SmallDisadvantage
06:05 8192  106ms   655M 1033G  74/102U INFO terranbot.builds.plans.acts.zone_defense:1062 Pulling worker [Unit(name='SCV', tag=4375707649), Unit(name='SCV', tag=4389339137), Unit(name='SCV', tag=4368891905), Unit(name='SCV', tag=4365484033), Unit(name='SCV', tag=4375183361), Unit(name='SCV', tag=4350541825), Unit(name='SCV', tag=4355260417), Unit(name='SCV', tag=4391960577)] for zone 1 to safety
06:05 8196  110ms   655M 1033G  74/102U INFO sharpy.managers.core.log_manager:80 [GameAnalyzer] Income advantage is now SlightDisadvantage
06:05 8196  110ms   655M 1033G  74/102U INFO terranbot.builds.plans.acts.zone_defense:1062 Pulling worker [Unit(name='SCV', tag=4378329089), Unit(name='SCV', tag=4362862593), Unit(name='SCV', tag=4352901121), Unit(name='SCV', tag=4387766273), Unit(name='SCV', tag=4385406977), Unit(name='SCV', tag=4354473986), Unit(name='SCV', tag=4348444673), Unit(name='SCV', tag=4374396929), Unit(name='SCV', tag=4349755393)] for zone 1 to safety
06:06 8200  104ms   655M 1033G  74/102U INFO terranbot.builds.plans.acts.zone_defense:1062 Pulling worker [Unit(name='SCV', tag=4383571969), Unit(name='SCV', tag=4370989057), Unit(name='SCV', tag=4359979009), Unit(name='SCV', tag=4348706817), Unit(name='SCV', tag=4379377665), Unit(name='SCV', tag=4382261249), Unit(name='SCV', tag=4347920385), Unit(name='SCV', tag=4386717697)] for zone 1 to safety
06:06 8204   89ms   655M 1033G  74/102U INFO terranbot.builds.plans.acts.zone_defense:1062 Pulling worker [Unit(name='SCV', tag=4389339137), Unit(name='SCV', tag=4372037633), Unit(name='SCV', tag=4355260417), Unit(name='SCV', tag=4352114689), Unit(name='SCV', tag=4365484033), Unit(name='SCV', tag=4375707649), Unit(name='SCV', tag=4368891905), Unit(name='MULE', tag=4388290561), Unit(name='SCV', tag=4375183361), Unit(name='SCV', tag=4391960577)] for zone 1 to safety
06:06 8208   95ms   660M 1033G  74/102U INFO sharpy.managers.core.log_manager:80 [GameAnalyzer] Income advantage is now SmallDisadvantage
06:06 8208   95ms   660M 1033G  74/102U INFO terranbot.builds.plans.acts.zone_defense:1062 Pulling worker [Unit(name='SCV', tag=4374396929), Unit(name='SCV', tag=4378329089), Unit(name='SCV', tag=4362862593), Unit(name='SCV', tag=4367319041), Unit(name='SCV', tag=4352901121), Unit(name='SCV', tag=4348444673), Unit(name='SCV', tag=4354473986), Unit(name='SCV', tag=4385406977), Unit(name='SCV', tag=4354736129), Unit(name='SCV', tag=4349493249), Unit(name='SCV', tag=4390387713)] for zone 1 to safety
06:06 8212  121ms   665M 1033G  74/102U INFO sharpy.managers.core.log_manager:80 [GameAnalyzer] Income advantage is now SlightDisadvantage
06:06 8212  121ms   665M 1033G  74/102U INFO terranbot.builds.plans.acts.zone_defense:1062 Pulling worker [Unit(name='SCV', tag=4370989057), Unit(name='SCV', tag=4359979009), Unit(name='SCV', tag=4348706817), Unit(name='SCV', tag=4387766273), Unit(name='SCV', tag=4379377665), Unit(name='SCV', tag=4383571969), Unit(name='SCV', tag=4349755393), Unit(name='SCV', tag=4382261249), Unit(name='SCV', tag=4347920385)] for zone 1 to safety
06:06 8216  111ms   665M 1037G  74/102U INFO sharpy.managers.core.log_manager:80 [GameAnalyzer] Income advantage is now SmallDisadvantage
06:06 8216  111ms   665M 1037G  74/102U INFO terranbot.builds.plans.acts.zone_defense:1062 Pulling worker [Unit(name='SCV', tag=4389339137), Unit(name='SCV', tag=4355260417), Unit(name='SCV', tag=4352114689), Unit(name='SCV', tag=4350541825), Unit(name='SCV', tag=4375707649), Unit(name='SCV', tag=4365484033), Unit(name='SCV', tag=4368891905), Unit(name='SCV', tag=4375183361), Unit(name='SCV', tag=4386717697), Unit(name='MULE', tag=4388290561), Unit(name='SCV', tag=4391960577)] for zone 1 to safety
06:06 8220  103ms   665M 1037G  74/102U INFO sharpy.managers.core.log_manager:80 [GameAnalyzer] Income advantage is now SlightDisadvantage
06:06 8220  103ms   665M 1037G  74/102U INFO terranbot.builds.plans.acts.zone_defense:1062 Pulling worker [Unit(name='SCV', tag=4354473986), Unit(name='SCV', tag=4362862593), Unit(name='SCV', tag=4378329089), Unit(name='SCV', tag=4348444673), Unit(name='SCV', tag=4374396929), Unit(name='SCV', tag=4367319041), Unit(name='SCV', tag=4372037633), Unit(name='SCV', tag=4349493249), Unit(name='SCV', tag=4354736129), Unit(name='SCV', tag=4385406977)] for zone 1 to safety
06:07 8224  134ms   665M 1037G  74/102U INFO sharpy.managers.core.log_manager:80 [GameAnalyzer] Income advantage is now SmallDisadvantage
06:07 8224  134ms   665M 1037G  74/102U INFO terranbot.builds.plans.acts.zone_defense:1062 Pulling worker [Unit(name='SCV', tag=4370989057), Unit(name='SCV', tag=4359979009), Unit(name='SCV', tag=4387766273), Unit(name='SCV', tag=4352901121), Unit(name='SCV', tag=4379377665), Unit(name='SCV', tag=4390387713), Unit(name='SCV', tag=4347920385), Unit(name='SCV', tag=4349755393), Unit(name='SCV', tag=4383571969)] for zone 1 to safety
06:07 8228  100ms   665M 1037G  74/102U INFO sharpy.managers.core.log_manager:80 [GameAnalyzer] Income advantage is now SlightDisadvantage
06:07 8228  100ms   665M 1037G  74/102U INFO terranbot.builds.plans.acts.zone_defense:1062 Pulling worker [Unit(name='SCV', tag=4389339137), Unit(name='SCV', tag=4365484033), Unit(name='SCV', tag=4352114689), Unit(name='SCV', tag=4391960577), Unit(name='SCV', tag=4375707649), Unit(name='SCV', tag=4348706817), Unit(name='SCV', tag=4368891905), Unit(name='SCV', tag=4355260417), Unit(name='SCV', tag=4375183361), Unit(name='SCV', tag=4382261249), Unit(name='MULE', tag=4388290561)] for zone 1 to safety
06:07 8232   96ms   665M 1037G  74/102U INFO sharpy.managers.core.log_manager:80 [GameAnalyzer] Income advantage is now SmallDisadvantage
06:07 8232   96ms   665M 1037G  74/102U INFO terranbot.builds.plans.acts.zone_defense:1062 Pulling worker [Unit(name='SCV', tag=4362862593), Unit(name='SCV', tag=4354473986), Unit(name='SCV', tag=4374396929), Unit(name='SCV', tag=4378329089), Unit(name='SCV', tag=4348444673), Unit(name='SCV', tag=4354736129), Unit(name='SCV', tag=4386717697), Unit(name='SCV', tag=4367319041), Unit(name='SCV', tag=4350541825), Unit(name='SCV', tag=4385406977), Unit(name='SCV', tag=4349493249)] for zone 1 to safety
06:07 8236  140ms   665M 1037G  74/102U INFO terranbot.builds.plans.acts.zone_defense:1062 Pulling worker [Unit(name='SCV', tag=4379377665), Unit(name='SCV', tag=4349755393), Unit(name='SCV', tag=4370989057), Unit(name='SCV', tag=4359979009), Unit(name='SCV', tag=4347920385), Unit(name='SCV', tag=4387766273), Unit(name='SCV', tag=4383571969)] for zone 1 to safety
06:07 8240   80ms   665M 1037G  74/102U INFO sharpy.managers.core.log_manager:80 [GameAnalyzer] Income advantage is now SlightDisadvantage
06:07 8240   80ms   665M 1037G  74/102U INFO terranbot.builds.plans.acts.zone_defense:1062 Pulling worker [Unit(name='SCV', tag=4350017537), Unit(name='SCV', tag=4348706817), Unit(name='SCV', tag=4372037633), Unit(name='SCV', tag=4382261249), Unit(name='SCV', tag=4368891905), Unit(name='SCV', tag=4365484033), Unit(name='SCV', tag=4355260417), Unit(name='SCV', tag=4389339137), Unit(name='SCV', tag=4375183361), Unit(name='SCV', tag=4390387713), Unit(name='MULE', tag=4388290561)] for zone 1 to safety
06:08 8244  102ms   665M 1037G  74/102U INFO sharpy.managers.core.log_manager:80 [GameAnalyzer] Income advantage is now SmallDisadvantage
06:08 8244  102ms   665M 1037G  74/102U INFO terranbot.builds.plans.acts.zone_defense:1062 Pulling worker [Unit(name='SCV', tag=4378329089), Unit(name='SCV', tag=4362862593), Unit(name='SCV', tag=4374396929), Unit(name='SCV', tag=4354473986), Unit(name='SCV', tag=4354736129), Unit(name='SCV', tag=4367319041), Unit(name='SCV', tag=4375707649), Unit(name='SCV', tag=4348444673), Unit(name='SCV', tag=4385406977), Unit(name='SCV', tag=4352901121), Unit(name='SCV', tag=4349493249)] for zone 1 to safety
06:08 8248  118ms   665M 1037G  74/102U INFO terranbot.builds.plans.acts.zone_defense:1062 Pulling worker [Unit(name='SCV', tag=4379377665), Unit(name='SCV', tag=4370989057), Unit(name='SCV', tag=4359979009), Unit(name='SCV', tag=4350541825), Unit(name='SCV', tag=4387766273), Unit(name='SCV', tag=4349755393), Unit(name='SCV', tag=4383571969), Unit(name='SCV', tag=4347920385), Unit(name='SCV', tag=4386717697)] for zone 1 to safety
06:08 8252  110ms   670M 1037G  74/102U INFO sharpy.managers.core.log_manager:80 [GameAnalyzer] Income advantage is now SlightDisadvantage
06:08 8252  110ms   670M 1037G  74/102U INFO terranbot.builds.plans.acts.zone_defense:1062 Pulling worker [Unit(name='SCV', tag=4348706817), Unit(name='SCV', tag=4368891905), Unit(name='SCV', tag=4355260417), Unit(name='SCV', tag=4365484033), Unit(name='SCV', tag=4389339137)] for zone 1 to safety
06:08 8256  122ms   620M 1037G  74/102U INFO terranbot.builds.plans.acts.zone_defense:1062 Pulling worker [Unit(name='SCV', tag=4374396929), Unit(name='SCV', tag=4354473986), Unit(name='SCV', tag=4362862593), Unit(name='SCV', tag=4378329089), Unit(name='SCV', tag=4354736129), Unit(name='SCV', tag=4375707649), Unit(name='SCV', tag=4367319041), Unit(name='SCV', tag=4348444673), Unit(name='SCV', tag=4385406977), Unit(name='SCV', tag=4349493249), Unit(name='SCV', tag=4372037633), Unit(name='SCV', tag=4352901121), Unit(name='SCV', tag=4375183361), Unit(name='SCV', tag=4390387713)] for zone 1 to safety
06:08 8260  135ms   620M 1037G  75/102U INFO terranbot.builds.plans.acts.zone_defense:1062 Pulling worker [Unit(name='SCV', tag=4370989057), Unit(name='SCV', tag=4379377665), Unit(name='SCV', tag=4359979009), Unit(name='SCV', tag=4382261249), Unit(name='SCV', tag=4350541825), Unit(name='SCV', tag=4349755393), Unit(name='SCV', tag=4387766273), Unit(name='SCV', tag=4347920385), Unit(name='SCV', tag=4386717697), Unit(name='SCV', tag=4383571969)] for zone 1 to safety
06:08 8264   93ms   625M 1041G  75/102U INFO sharpy.managers.core.log_manager:80 [GameAnalyzer] Income advantage is now SmallDisadvantage
06:08 8264   93ms   625M 1041G  75/102U INFO terranbot.builds.plans.acts.zone_defense:1062 Pulling worker [Unit(name='SCV', tag=4355260417), Unit(name='SCV', tag=4352114689), Unit(name='SCV', tag=4368891905), Unit(name='SCV', tag=4389339137), Unit(name='SCV', tag=4350017537), Unit(name='SCV', tag=4365484033)] for zone 1 to safety
06:09 8268  100ms   625M 1045G  75/102U INFO sharpy.managers.core.log_manager:80 [GameAnalyzer] Income advantage is now SlightDisadvantage
06:09 8268  100ms   625M 1045G  75/102U INFO terranbot.builds.plans.acts.zone_defense:1062 Pulling worker [Unit(name='SCV', tag=4354473986), Unit(name='SCV', tag=4374396929), Unit(name='SCV', tag=4378329089), Unit(name='SCV', tag=4362862593), Unit(name='SCV', tag=4354736129), Unit(name='SCV', tag=4348444673), Unit(name='SCV', tag=4349493249), Unit(name='SCV', tag=4385406977), Unit(name='SCV', tag=4391960577), Unit(name='SCV', tag=4372037633), Unit(name='SCV', tag=4390387713)] for zone 1 to safety
06:09 8272  116ms   625M 1045G  75/102U INFO sharpy.managers.core.log_manager:80 [GameAnalyzer] Income advantage is now SmallDisadvantage
06:09 8272  116ms   625M 1045G  75/102U INFO terranbot.builds.plans.acts.zone_defense:1062 Pulling worker [Unit(name='SCV', tag=4370989057), Unit(name='SCV', tag=4383571969), Unit(name='SCV', tag=4379377665), Unit(name='SCV', tag=4375707649), Unit(name='SCV', tag=4367319041), Unit(name='SCV', tag=4359979009), Unit(name='SCV', tag=4382261249), Unit(name='SCV', tag=4375183361), Unit(name='SCV', tag=4387766273), Unit(name='SCV', tag=4348706817), Unit(name='SCV', tag=4349755393)] for zone 1 to safety
06:09 8276  115ms   625M 1045G  75/102U INFO terranbot.builds.plans.acts.zone_defense:1062 Pulling worker [Unit(name='SCV', tag=4355260417), Unit(name='SCV', tag=4350541825), Unit(name='SCV', tag=4368891905), Unit(name='SCV', tag=4389339137), Unit(name='SCV', tag=4365484033), Unit(name='SCV', tag=4352901121), Unit(name='SCV', tag=4350017537), Unit(name='SCV', tag=4386717697)] for zone 1 to safety
06:09 8280  120ms   625M 1045G  75/102U INFO sharpy.managers.core.log_manager:80 [GameAnalyzer] Income advantage is now SlightDisadvantage
06:09 8280  120ms   625M 1045G  75/102U INFO terranbot.builds.plans.acts.zone_defense:1062 Pulling worker [Unit(name='SCV', tag=4374396929), Unit(name='SCV', tag=4378329089), Unit(name='SCV', tag=4352114689), Unit(name='SCV', tag=4348444673), Unit(name='SCV', tag=4362862593), Unit(name='SCV', tag=4354473986), Unit(name='SCV', tag=4372037633), Unit(name='SCV', tag=4349493249), Unit(name='SCV', tag=4385406977)] for zone 1 to safety
06:09 8284   98ms   625M 1045G  75/102U INFO sharpy.managers.core.log_manager:80 [GameAnalyzer] Income advantage is now ClearDisadvantage
06:09 8284   98ms   625M 1045G  75/102U INFO terranbot.builds.plans.acts.zone_defense:1062 Pulling worker [Unit(name='SCV', tag=4379377665), Unit(name='SCV', tag=4383571969), Unit(name='SCV', tag=4370989057), Unit(name='SCV', tag=4375183361), Unit(name='SCV', tag=4375707649), Unit(name='SCV', tag=4367319041), Unit(name='SCV', tag=4347920385), Unit(name='SCV', tag=4354736129), Unit(name='SCV', tag=4349755393), Unit(name='SCV', tag=4391960577), Unit(name='SCV', tag=4390387713), Unit(name='SCV', tag=4348706817)] for zone 1 to safety
06:10 8288  109ms   625M 1045G  75/102U INFO terranbot.builds.plans.acts.zone_defense:1062 Pulling worker [Unit(name='SCV', tag=4355260417), Unit(name='SCV', tag=4382261249), Unit(name='SCV', tag=4387766273), Unit(name='SCV', tag=4352901121), Unit(name='SCV', tag=4368891905), Unit(name='SCV', tag=4389339137), Unit(name='SCV', tag=4365484033), Unit(name='SCV', tag=4350017537)] for zone 1 to safety
06:10 8292  124ms   625M 1045G  75/102U INFO terranbot.builds.plans.acts.zone_defense:1062 Pulling worker [Unit(name='SCV', tag=4354473986), Unit(name='SCV', tag=4362862593), Unit(name='SCV', tag=4374396929), Unit(name='SCV', tag=4378329089), Unit(name='SCV', tag=4385406977), Unit(name='SCV', tag=4348444673), Unit(name='SCV', tag=4372037633), Unit(name='SCV', tag=4386717697), Unit(name='SCV', tag=4349493249)] for zone 1 to safety
06:10 8296  104ms   625M 1045G  75/102U INFO terranbot.builds.plans.acts.zone_defense:1062 Pulling worker [Unit(name='SCV', tag=4379377665), Unit(name='SCV', tag=4370989057), Unit(name='SCV', tag=4383571969), Unit(name='SCV', tag=4375707649), Unit(name='SCV', tag=4354736129), Unit(name='SCV', tag=4352114689), Unit(name='SCV', tag=4359979009), Unit(name='SCV', tag=4391960577), Unit(name='SCV', tag=4390387713), Unit(name='SCV', tag=4347920385), Unit(name='SCV', tag=4375183361), Unit(name='SCV', tag=4349755393)] for zone 1 to safety
06:10 8300  108ms   625M 1049G  75/102U INFO terranbot.builds.plans.acts.zone_defense:1062 Pulling worker [Unit(name='SCV', tag=4368891905), Unit(name='SCV', tag=4350541825), Unit(name='SCV', tag=4387766273), Unit(name='SCV', tag=4389339137), Unit(name='SCV', tag=4352901121), Unit(name='SCV', tag=4365484033), Unit(name='SCV', tag=4348706817)] for zone 1 to safety
06:10 8304   97ms   625M 1053G  75/102U INFO terranbot.activity.location_modifiers:130 unit_to_place_beside: Unit(name='Starport', tag=4363124737) - unit_to_place_beside.type_id=UnitTypeId.STARPORT - position=(41.5, 63.5)
06:10 8304   97ms   525M  953G  75/102U INFO terranbot.builds.plans.acts.zone_defense:1062 Pulling worker [Unit(name='SCV', tag=4374396929), Unit(name='SCV', tag=4385406977), Unit(name='SCV', tag=4348444673), Unit(name='SCV', tag=4378329089), Unit(name='SCV', tag=4362862593), Unit(name='SCV', tag=4355260417), Unit(name='SCV', tag=4367319041), Unit(name='SCV', tag=4354473986), Unit(name='SCV', tag=4386717697), Unit(name='SCV', tag=4349493249), Unit(name='SCV', tag=4372037633)] for zone 1 to safety
06:10 8308  144ms   625M 1053G  75/102U INFO terranbot.builds.plans.acts.zone_defense:1062 Pulling worker [Unit(name='SCV', tag=4383571969), Unit(name='SCV', tag=4370989057), Unit(name='SCV', tag=4379377665), Unit(name='SCV', tag=4375707649), Unit(name='SCV', tag=4382261249), Unit(name='SCV', tag=4352114689), Unit(name='SCV', tag=4359979009), Unit(name='SCV', tag=4391960577), Unit(name='SCV', tag=4349755393), Unit(name='SCV', tag=4347920385), Unit(name='SCV', tag=4390387713), Unit(name='SCV', tag=4375183361)] for zone 1 to safety
06:11 8312  100ms   630M 1053G  75/102U INFO terranbot.builds.plans.acts.zone_defense:1062 Pulling worker [Unit(name='SCV', tag=4352901121), Unit(name='SCV', tag=4354736129), Unit(name='SCV', tag=4368891905), Unit(name='SCV', tag=4365484033), Unit(name='SCV', tag=4389339137)] for zone 1 to safety
06:11 8316   92ms   630M 1053G  75/102U INFO terranbot.builds.plans.acts.zone_defense:1062 Pulling worker [Unit(name='SCV', tag=4378329089), Unit(name='SCV', tag=4348444673), Unit(name='SCV', tag=4362862593), Unit(name='SCV', tag=4374396929), Unit(name='SCV', tag=4385406977), Unit(name='SCV', tag=4350541825), Unit(name='SCV', tag=4386717697), Unit(name='SCV', tag=4354473986), Unit(name='SCV', tag=4350017537)] for zone 1 to safety
06:11 8320  104ms   630M 1053G  75/102U INFO terranbot.builds.plans.acts.zone_defense:1062 Pulling worker [Unit(name='SCV', tag=4370989057), Unit(name='SCV', tag=4383571969), Unit(name='SCV', tag=4375707649), Unit(name='SCV', tag=4359979009), Unit(name='SCV', tag=4379377665), Unit(name='SCV', tag=4391960577), Unit(name='SCV', tag=4372037633), Unit(name='SCV', tag=4349755393), Unit(name='SCV', tag=4375183361), Unit(name='SCV', tag=4349493249)] for zone 1 to safety
06:11 8324  112ms   630M 1053G  75/102U INFO terranbot.builds.plans.acts.zone_defense:1062 Pulling worker [Unit(name='SCV', tag=4352114689), Unit(name='SCV', tag=4365484033), Unit(name='SCV', tag=4389339137), Unit(name='SCV', tag=4368891905), Unit(name='SCV', tag=4367319041), Unit(name='SCV', tag=4348706817)] for zone 1 to safety
06:11 8328   81ms   630M 1053G  75/102U INFO terranbot.builds.plans.acts.zone_defense:1062 Pulling worker [Unit(name='SCV', tag=4354473986), Unit(name='SCV', tag=4385406977), Unit(name='SCV', tag=4378329089), Unit(name='SCV', tag=4374396929), Unit(name='SCV', tag=4362862593), Unit(name='SCV', tag=4352901121), Unit(name='SCV', tag=4355260417), Unit(name='SCV', tag=4348444673), Unit(name='SCV', tag=4386717697), Unit(name='SCV', tag=4354736129), Unit(name='SCV', tag=4390387713)] for zone 1 to safety
06:11 8332   98ms   630M 1057G  75/102U INFO terranbot.builds.plans.acts.zone_defense:1062 Pulling worker [Unit(name='SCV', tag=4383571969), Unit(name='SCV', tag=4370989057), Unit(name='SCV', tag=4375707649), Unit(name='SCV', tag=4347920385), Unit(name='SCV', tag=4379377665), Unit(name='SCV', tag=4391960577), Unit(name='SCV', tag=4349493249), Unit(name='SCV', tag=4350017537), Unit(name='SCV', tag=4349755393)] for zone 1 to safety
06:12 8336  161ms   630M 1057G  75/102U INFO terranbot.builds.plans.acts.zone_defense:1062 Pulling worker [Unit(name='SCV', tag=4389339137), Unit(name='SCV', tag=4368891905), Unit(name='SCV', tag=4367319041), Unit(name='SCV', tag=4372037633), Unit(name='SCV', tag=4375183361)] for zone 1 to safety
06:12 8340   85ms   630M 1057G  75/102U INFO terranbot.builds.plans.acts.zone_defense:1062 Pulling worker [Unit(name='SCV', tag=4385406977), Unit(name='SCV', tag=4378329089), Unit(name='SCV', tag=4362862593), Unit(name='SCV', tag=4354473986), Unit(name='SCV', tag=4355260417), Unit(name='SCV', tag=4365484033), Unit(name='SCV', tag=4382261249), Unit(name='SCV', tag=4350541825), Unit(name='SCV', tag=4354736129), Unit(name='SCV', tag=4348444673), Unit(name='SCV', tag=4374396929), Unit(name='SCV', tag=4348706817), Unit(name='SCV', tag=4386717697)] for zone 1 to safety
06:12 8344  110ms   630M 1057G  75/102U INFO terranbot.builds.plans.acts.zone_defense:1062 Pulling worker [Unit(name='SCV', tag=4383571969), Unit(name='SCV', tag=4370989057), Unit(name='SCV', tag=4352901121), Unit(name='SCV', tag=4350017537), Unit(name='SCV', tag=4347920385), Unit(name='SCV', tag=4379377665), Unit(name='SCV', tag=4391960577), Unit(name='SCV', tag=4349493249), Unit(name='SCV', tag=4390387713), Unit(name='SCV', tag=4359979009)] for zone 1 to safety
06:12 8348   99ms   630M 1057G  75/102U INFO terranbot.builds.plans.acts.zone_defense:1062 Pulling worker [Unit(name='SCV', tag=4368891905), Unit(name='SCV', tag=4372037633), Unit(name='SCV', tag=4349755393), Unit(name='SCV', tag=4367319041), Unit(name='SCV', tag=4389339137)] for zone 1 to safety
06:12 8352   76ms   630M 1061G  75/102U INFO terranbot.builds.plans.acts.zone_defense:1062 Pulling worker [Unit(name='SCV', tag=4354473986), Unit(name='SCV', tag=4385406977), Unit(name='SCV', tag=4378329089), Unit(name='SCV', tag=4362862593), Unit(name='SCV', tag=4365484033), Unit(name='SCV', tag=4348444673), Unit(name='SCV', tag=4355260417), Unit(name='SCV', tag=4352114689), Unit(name='SCV', tag=4354736129), Unit(name='SCV', tag=4374396929), Unit(name='SCV', tag=4386717697), Unit(name='SCV', tag=4375707649), Unit(name='SCV', tag=4375183361)] for zone 1 to safety
06:13 8356  145ms   630M 1061G  75/102U INFO terranbot.builds.plans.acts.zone_defense:1062 Pulling worker [Unit(name='SCV', tag=4383571969), Unit(name='SCV', tag=4391960577), Unit(name='SCV', tag=4370989057), Unit(name='SCV', tag=4347920385), Unit(name='SCV', tag=4390387713), Unit(name='SCV', tag=4379377665), Unit(name='SCV', tag=4349493249)] for zone 1 to safety
06:13 8360  113ms   630M 1061G  75/102U INFO terranbot.activity.location_modifiers:130 unit_to_place_beside: Unit(name='Barracks', tag=4380164097) - unit_to_place_beside.type_id=UnitTypeId.BARRACKS - position=(41.5, 63.5)
06:13 8360  113ms   630M 1061G  75/102U INFO terranbot.builds.plans.acts.zone_defense:1062 Pulling worker [Unit(name='SCV', tag=4368891905), Unit(name='SCV', tag=4350279681), Unit(name='SCV', tag=4348706817), Unit(name='SCV', tag=4352901121), Unit(name='SCV', tag=4350017537), Unit(name='SCV', tag=4372037633), Unit(name='SCV', tag=4359979009), Unit(name='SCV', tag=4389339137), Unit(name='SCV', tag=4349755393), Unit(name='SCV', tag=4367319041)] for zone 1 to safety
06:13 8364  105ms   630M 1061G  75/102U INFO terranbot.builds.plans.acts.zone_defense:1062 Pulling worker [Unit(name='SCV', tag=4354473986), Unit(name='SCV', tag=4362862593), Unit(name='SCV', tag=4378329089), Unit(name='SCV', tag=4348444673), Unit(name='SCV', tag=4352114689), Unit(name='SCV', tag=4374396929), Unit(name='SCV', tag=4385406977), Unit(name='SCV', tag=4350541825), Unit(name='SCV', tag=4375707649), Unit(name='SCV', tag=4375183361), Unit(name='SCV', tag=4386717697)] for zone 1 to safety
06:13 8368   97ms   630M 1061G  75/102U INFO terranbot.builds.plans.acts.zone_defense:1062 Pulling worker [Unit(name='SCV', tag=4383571969), Unit(name='SCV', tag=4391960577), Unit(name='SCV', tag=4382261249), Unit(name='SCV', tag=4347920385), Unit(name='SCV', tag=4390387713), Unit(name='SCV', tag=4370989057), Unit(name='SCV', tag=4379377665), Unit(name='SCV', tag=4354736129)] for zone 1 to safety
06:13 8372  108ms   630M 1061G  75/102U INFO terranbot.builds.plans.acts.zone_defense:1062 Pulling worker [Unit(name='SCV', tag=4352901121), Unit(name='SCV', tag=4387766273), Unit(name='SCV', tag=4359979009), Unit(name='SCV', tag=4372037633), Unit(name='SCV', tag=4368891905), Unit(name='SCV', tag=4389339137), Unit(name='SCV', tag=4349493249), Unit(name='SCV', tag=4367319041)] for zone 1 to safety
06:13 8376  104ms   655M 1061G  75/102U INFO terranbot.activity.location_modifiers:130 unit_to_place_beside: Unit(name='Starport', tag=4363124737) - unit_to_place_beside.type_id=UnitTypeId.STARPORT - position=(45.5, 60.5)
06:13 8376  104ms   655M 1061G  75/102U INFO terranbot.activity.location_modifiers:130 unit_to_place_beside: Unit(name='Barracks', tag=4363649026) - unit_to_place_beside.type_id=UnitTypeId.BARRACKS - position=(54.5, 58.5)
06:13 8376  104ms   505M  961G  75/102U INFO terranbot.builds.plans.acts.zone_defense:1062 Pulling worker [Unit(name='SCV', tag=4378329089), Unit(name='SCV', tag=4362862593), Unit(name='SCV', tag=4354473986), Unit(name='SCV', tag=4355260417), Unit(name='SCV', tag=4348444673), Unit(name='SCV', tag=4374396929), Unit(name='SCV', tag=4385406977), Unit(name='SCV', tag=4349755393), Unit(name='SCV', tag=4375707649), Unit(name='SCV', tag=4375183361), Unit(name='SCV', tag=4386717697)] for zone 1 to safety
06:14 8380  113ms   560M  961G  77/102U INFO terranbot.builds.plans.acts.zone_defense:1062 Pulling worker [Unit(name='SCV', tag=4391960577), Unit(name='SCV', tag=4370989057), Unit(name='SCV', tag=4379377665), Unit(name='SCV', tag=4383571969), Unit(name='SCV', tag=4390387713), Unit(name='SCV', tag=4350017537), Unit(name='SCV', tag=4350541825)] for zone 1 to safety
06:14 8384  104ms   560M  961G  77/102U INFO terranbot.builds.plans.acts.zone_defense:1062 Pulling worker [Unit(name='SCV', tag=4348706817), Unit(name='SCV', tag=4359979009), Unit(name='SCV', tag=4354736129), Unit(name='SCV', tag=4368891905), Unit(name='SCV', tag=4372037633), Unit(name='SCV', tag=4389339137), Unit(name='SCV', tag=4352114689)] for zone 1 to safety
06:14 8388  127ms   410M  861G  77/102U INFO terranbot.builds.plans.acts.zone_defense:1062 Pulling worker [Unit(name='SCV', tag=4362862593), Unit(name='SCV', tag=4378329089), Unit(name='SCV', tag=4350279681), Unit(name='SCV', tag=4352901121), Unit(name='SCV', tag=4374396929), Unit(name='SCV', tag=4354473986), Unit(name='SCV', tag=4386717697), Unit(name='SCV', tag=4347920385), Unit(name='SCV', tag=4385406977), Unit(name='SCV', tag=4349493249), Unit(name='SCV', tag=4375707649)] for zone 1 to safety
06:14 8392   94ms   410M  865G  80/102U INFO terranbot.builds.plans.acts.zone_defense:1062 Pulling worker [Unit(name='SCV', tag=4391960577), Unit(name='SCV', tag=4379377665), Unit(name='SCV', tag=4382261249), Unit(name='SCV', tag=4390387713), Unit(name='SCV', tag=4370989057), Unit(name='SCV', tag=4383571969), Unit(name='SCV', tag=4367319041)] for zone 1 to safety
06:14 8396  101ms   415M  865G  80/102U INFO terranbot.builds.plans.acts.zone_defense:1062 Pulling worker [Unit(name='SCV', tag=4372037633), Unit(name='SCV', tag=4354736129), Unit(name='SCV', tag=4368891905), Unit(name='SCV', tag=4350017537), Unit(name='SCV', tag=4350541825), Unit(name='SCV', tag=4389339137), Unit(name='SCV', tag=4352114689)] for zone 1 to safety
06:15 8400  101ms   420M  865G  80/102U INFO sharpy.managers.core.log_manager:80 [GameAnalyzer] Income advantage is now SmallDisadvantage
06:15 8400  101ms   420M  865G  80/102U INFO terranbot.builds.plans.acts.zone_defense:1062 Pulling worker [Unit(name='SCV', tag=4378329089), Unit(name='SCV', tag=4362862593), Unit(name='SCV', tag=4349755393), Unit(name='SCV', tag=4354473986), Unit(name='SCV', tag=4347920385), Unit(name='SCV', tag=4348706817), Unit(name='SCV', tag=4349493249), Unit(name='SCV', tag=4385406977), Unit(name='SCV', tag=4386717697)] for zone 1 to safety
06:15 8404  130ms   420M  869G  80/102U INFO terranbot.builds.plans.acts.zone_defense:1062 Pulling worker [Unit(name='SCV', tag=4391960577), Unit(name='SCV', tag=4350279681), Unit(name='SCV', tag=4359979009), Unit(name='SCV', tag=4370989057), Unit(name='SCV', tag=4390387713), Unit(name='SCV', tag=4383571969), Unit(name='SCV', tag=4374396929), Unit(name='SCV', tag=4367319041), Unit(name='SCV', tag=4375707649)] for zone 1 to safety
06:15 8408   86ms   420M  869G  80/102U INFO terranbot.builds.plans.acts.zone_defense:1062 Pulling worker [Unit(name='SCV', tag=4372037633), Unit(name='SCV', tag=4375183361), Unit(name='SCV', tag=4354736129), Unit(name='SCV', tag=4382261249), Unit(name='SCV', tag=4368891905), Unit(name='SCV', tag=4379377665), Unit(name='SCV', tag=4352901121), Unit(name='SCV', tag=4350541825), Unit(name='SCV', tag=4389339137)] for zone 1 to safety
06:15 8412   91ms   420M  869G  80/102U INFO terranbot.builds.plans.acts.zone_defense:1062 Pulling worker [Unit(name='SCV', tag=4362862593), Unit(name='SCV', tag=4354473986), Unit(name='SCV', tag=4349755393), Unit(name='SCV', tag=4347920385), Unit(name='SCV', tag=4350017537), Unit(name='SCV', tag=4349493249), Unit(name='SCV', tag=4378329089), Unit(name='SCV', tag=4385406977), Unit(name='SCV', tag=4386717697)] for zone 1 to safety
06:15 8416   88ms   420M  869G  80/102U INFO terranbot.builds.plans.acts.zone_defense:1062 Pulling worker [Unit(name='SCV', tag=4391960577), Unit(name='SCV', tag=4359979009), Unit(name='SCV', tag=4374396929), Unit(name='SCV', tag=4348706817), Unit(name='SCV', tag=4383571969), Unit(name='SCV', tag=4370989057), Unit(name='SCV', tag=4390387713), Unit(name='SCV', tag=4375707649), Unit(name='SCV', tag=4352114689), Unit(name='SCV', tag=4367319041)] for zone 1 to safety
06:15 8420  105ms   420M  869G  80/102U INFO terranbot.builds.plans.acts.zone_defense:1062 Pulling worker [Unit(name='SCV', tag=4352901121), Unit(name='SCV', tag=4372037633), Unit(name='SCV', tag=4368891905), Unit(name='SCV', tag=4379377665), Unit(name='SCV', tag=4350279681), Unit(name='SCV', tag=4350541825)] for zone 1 to safety
06:16 8424   91ms   370M  869G  80/102U INFO terranbot.builds.plans.acts.zone_defense:1062 Pulling worker [Unit(name='SCV', tag=4354473986), Unit(name='SCV', tag=4349755393), Unit(name='SCV', tag=4355260417), Unit(name='SCV', tag=4354736129), Unit(name='SCV', tag=4347920385), Unit(name='SCV', tag=4349493249), Unit(name='SCV', tag=4378329089), Unit(name='SCV', tag=4362862593), Unit(name='SCV', tag=4389339137), Unit(name='SCV', tag=4382261249), Unit(name='SCV', tag=4386717697)] for zone 1 to safety
06:16 8428  124ms   370M  869G  81/102U INFO terranbot.builds.plans.acts.zone_defense:1062 Pulling worker [Unit(name='SCV', tag=4383571969), Unit(name='SCV', tag=4391960577), Unit(name='SCV', tag=4374396929), Unit(name='SCV', tag=4370989057), Unit(name='SCV', tag=4348706817), Unit(name='SCV', tag=4390387713), Unit(name='SCV', tag=4375707649), Unit(name='SCV', tag=4350017537), Unit(name='SCV', tag=4352114689), Unit(name='SCV', tag=4367319041)] for zone 1 to safety
06:16 8432  100ms   270M  869G  81/102U INFO terranbot.activity.location_modifiers:130 unit_to_place_beside: Unit(name='Barracks', tag=4380164097) - unit_to_place_beside.type_id=UnitTypeId.BARRACKS - position=(41.5, 63.5)
06:16 8432  100ms   270M  869G  81/102U INFO terranbot.builds.plans.acts.zone_defense:1062 Pulling worker [Unit(name='SCV', tag=4375183361), Unit(name='SCV', tag=4379377665), Unit(name='SCV', tag=4359979009), Unit(name='SCV', tag=4352901121), Unit(name='SCV', tag=4372037633), Unit(name='SCV', tag=4368891905), Unit(name='SCV', tag=4350541825), Unit(name='SCV', tag=4350279681)] for zone 1 to safety
06:16 8436  140ms   275M  873G  81/102U INFO terranbot.builds.plans.acts.zone_defense:1062 Pulling worker [Unit(name='SCV', tag=4354473986), Unit(name='SCV', tag=4349493249), Unit(name='SCV', tag=4387766273), Unit(name='SCV', tag=4347920385), Unit(name='SCV', tag=4362862593), Unit(name='SCV', tag=4382261249), Unit(name='SCV', tag=4378329089), Unit(name='SCV', tag=4389339137), Unit(name='SCV', tag=4386717697)] for zone 1 to safety
06:16 8440  127ms   275M  873G  81/102U INFO terranbot.builds.plans.acts.zone_defense:1062 Pulling worker [Unit(name='SCV', tag=4383571969), Unit(name='SCV', tag=4370989057), Unit(name='SCV', tag=4391960577), Unit(name='SCV', tag=4390387713), Unit(name='SCV', tag=4385406977), Unit(name='SCV', tag=4374396929), Unit(name='SCV', tag=4348706817), Unit(name='SCV', tag=4375707649), Unit(name='SCV', tag=4367319041), Unit(name='SCV', tag=4350017537)] for zone 1 to safety
06:16 8444  106ms   275M  873G  81/102U INFO terranbot.builds.plans.acts.zone_defense:1062 Pulling worker [Unit(name='SCV', tag=4352901121), Unit(name='SCV', tag=4375183361), Unit(name='SCV', tag=4359979009), Unit(name='SCV', tag=4355260417), Unit(name='SCV', tag=4372037633), Unit(name='SCV', tag=4368891905), Unit(name='SCV', tag=4379377665), Unit(name='SCV', tag=4350279681)] for zone 1 to safety
06:17 8448  104ms   275M  873G  81/102U INFO terranbot.activity.location_modifiers:130 unit_to_place_beside: Unit(name='Barracks', tag=4363649026) - unit_to_place_beside.type_id=UnitTypeId.BARRACKS - position=(54.5, 58.5)
06:17 8448  104ms   225M  873G  81/102U INFO terranbot.builds.plans.acts.zone_defense:1062 Pulling worker [Unit(name='SCV', tag=4349493249), Unit(name='SCV', tag=4382261249), Unit(name='SCV', tag=4349755393), Unit(name='SCV', tag=4352114689), Unit(name='SCV', tag=4347920385), Unit(name='SCV', tag=4354473986), Unit(name='SCV', tag=4362862593), Unit(name='SCV', tag=4350541825), Unit(name='SCV', tag=4386717697), Unit(name='SCV', tag=4378329089), Unit(name='SCV', tag=4389339137)] for zone 1 to safety
06:17 8452  135ms   275M  873G  81/102U INFO sharpy.managers.core.log_manager:80 [GameAnalyzer] Income advantage is now ClearDisadvantage
06:17 8452  135ms   275M  873G  81/102U INFO terranbot.builds.plans.acts.zone_defense:1062 Pulling worker [Unit(name='SCV', tag=4383571969), Unit(name='SCV', tag=4391960577), Unit(name='SCV', tag=4374396929), Unit(name='SCV', tag=4350017537), Unit(name='SCV', tag=4348706817), Unit(name='SCV', tag=4390387713), Unit(name='SCV', tag=4370989057), Unit(name='SCV', tag=4367319041), Unit(name='SCV', tag=4375707649)] for zone 1 to safety
06:17 8456  105ms   275M  873G  81/102U INFO sharpy.managers.core.log_manager:80 [GameAnalyzer] Income advantage is now SmallDisadvantage
06:17 8456  105ms   275M  873G  81/102U INFO terranbot.builds.plans.acts.zone_defense:1062 Pulling worker [Unit(name='SCV', tag=4352901121), Unit(name='SCV', tag=4368891905), Unit(name='SCV', tag=4375183361), Unit(name='SCV', tag=4387766273), Unit(name='SCV', tag=4355260417), Unit(name='SCV', tag=4379377665), Unit(name='SCV', tag=4372037633)] for zone 1 to safety
06:17 8460   83ms   275M  873G  81/102U INFO sharpy.managers.core.log_manager:80 [GameAnalyzer] Income advantage is now ClearDisadvantage
06:17 8460   83ms   275M  873G  81/102U INFO terranbot.builds.plans.acts.zone_defense:1062 Pulling worker [Unit(name='SCV', tag=4349493249), Unit(name='SCV', tag=4382261249), Unit(name='SCV', tag=4359979009), Unit(name='SCV', tag=4362862593), Unit(name='SCV', tag=4354473986), Unit(name='SCV', tag=4385406977), Unit(name='SCV', tag=4386717697), Unit(name='SCV', tag=4350279681), Unit(name='SCV', tag=4352114689), Unit(name='SCV', tag=4389339137), Unit(name='SCV', tag=4378329089)] for zone 1 to safety
06:17 8464   95ms   280M  873G  81/102U INFO terranbot.builds.plans.acts.zone_defense:1062 Pulling worker [Unit(name='SCV', tag=4383571969), Unit(name='SCV', tag=4348706817), Unit(name='SCV', tag=4391960577), Unit(name='SCV', tag=4375707649), Unit(name='SCV', tag=4370989057), Unit(name='SCV', tag=4390387713), Unit(name='SCV', tag=4350541825), Unit(name='SCV', tag=4367319041)] for zone 1 to safety
06:18 8468  117ms   280M  873G  81/102U INFO terranbot.builds.plans.acts.zone_defense:1062 Pulling worker [Unit(name='SCV', tag=4372037633), Unit(name='SCV', tag=4375183361), Unit(name='SCV', tag=4374396929), Unit(name='SCV', tag=4355260417), Unit(name='SCV', tag=4347920385), Unit(name='SCV', tag=4352901121), Unit(name='SCV', tag=4368891905), Unit(name='SCV', tag=4387766273), Unit(name='SCV', tag=4349755393)] for zone 1 to safety
06:18 8472   96ms   280M  873G  81/102U INFO terranbot.builds.plans.acts.zone_defense:1062 Pulling worker [Unit(name='SCV', tag=4354473986), Unit(name='SCV', tag=4362862593), Unit(name='SCV', tag=4386717697), Unit(name='SCV', tag=4349493249), Unit(name='SCV', tag=4359979009), Unit(name='SCV', tag=4379377665), Unit(name='SCV', tag=4385406977), Unit(name='SCV', tag=4352114689), Unit(name='SCV', tag=4378329089), Unit(name='SCV', tag=4350279681)] for zone 1 to safety
06:18 8476  111ms   280M  873G  81/102U INFO terranbot.builds.plans.acts.zone_defense:1062 Pulling worker [Unit(name='SCV', tag=4375707649), Unit(name='SCV', tag=4383571969), Unit(name='SCV', tag=4348706817), Unit(name='SCV', tag=4350017537), Unit(name='SCV', tag=4382261249), Unit(name='SCV', tag=4391960577), Unit(name='SCV', tag=4389339137), Unit(name='SCV', tag=4370989057), Unit(name='SCV', tag=4350541825)] for zone 1 to safety
06:18 8480  110ms   280M  877G  81/102U INFO terranbot.builds.plans.acts.zone_defense:1062 Pulling worker [Unit(name='SCV', tag=4352901121), Unit(name='SCV', tag=4390387713), Unit(name='SCV', tag=4355260417), Unit(name='SCV', tag=4372037633), Unit(name='SCV', tag=4368891905), Unit(name='SCV', tag=4349755393), Unit(name='SCV', tag=4387766273)] for zone 1 to safety
06:18 8484  103ms   280M  877G  81/102U INFO terranbot.builds.plans.acts.zone_defense:1062 Pulling worker [Unit(name='SCV', tag=4386717697), Unit(name='SCV', tag=4349493249), Unit(name='SCV', tag=4359979009), Unit(name='SCV', tag=4374396929), Unit(name='SCV', tag=4375183361), Unit(name='SCV', tag=4362862593), Unit(name='SCV', tag=4385406977), Unit(name='SCV', tag=4354473986), Unit(name='SCV', tag=4350279681), Unit(name='SCV', tag=4347920385), Unit(name='SCV', tag=4378329089)] for zone 1 to safety
06:18 8488  118ms   280M  877G  81/102U INFO terranbot.builds.plans.acts.zone_defense:1062 Pulling worker [Unit(name='SCV', tag=4348706817), Unit(name='SCV', tag=4383571969), Unit(name='SCV', tag=4350017537), Unit(name='SCV', tag=4379377665), Unit(name='SCV', tag=4382261249), Unit(name='SCV', tag=4391960577), Unit(name='SCV', tag=4375707649), Unit(name='SCV', tag=4370989057), Unit(name='SCV', tag=4367319041), Unit(name='SCV', tag=4389339137), Unit(name='SCV', tag=4352114689)] for zone 1 to safety
06:19 8492  106ms   285M  877G  81/102U INFO terranbot.builds.plans.acts.zone_defense:1062 Pulling worker [Unit(name='SCV', tag=4352901121), Unit(name='SCV', tag=4372037633), Unit(name='SCV', tag=4355260417), Unit(name='SCV', tag=4387766273), Unit(name='SCV', tag=4350541825), Unit(name='SCV', tag=4368891905), Unit(name='SCV', tag=4349755393)] for zone 1 to safety
06:19 8496   95ms   290M  877G  81/102U INFO sharpy.managers.core.log_manager:80 [GameAnalyzer] Income advantage is now SmallDisadvantage
06:19 8496   95ms   290M  877G  81/102U INFO terranbot.builds.plans.acts.zone_defense:1062 Pulling worker [Unit(name='SCV', tag=4385406977), Unit(name='SCV', tag=4349493249), Unit(name='SCV', tag=4386717697), Unit(name='SCV', tag=4362862593), Unit(name='SCV', tag=4347920385), Unit(name='SCV', tag=4354473986), Unit(name='SCV', tag=4350279681)] for zone 1 to safety
06:19 8500  109ms   290M  877G  81/102U INFO sharpy.managers.core.log_manager:80 [GameAnalyzer] Income advantage is now ClearDisadvantage
06:19 8500  109ms   290M  877G  81/102U INFO terranbot.builds.plans.acts.zone_defense:1062 Pulling worker [Unit(name='SCV', tag=4348706817), Unit(name='SCV', tag=4383571969), Unit(name='SCV', tag=4359979009), Unit(name='SCV', tag=4348444673), Unit(name='SCV', tag=4391960577), Unit(name='SCV', tag=4379377665), Unit(name='SCV', tag=4375183361), Unit(name='SCV', tag=4375707649), Unit(name='SCV', tag=4374396929), Unit(name='SCV', tag=4370989057), Unit(name='SCV', tag=4367319041)] for zone 1 to safety
06:19 8504  116ms   290M  881G  81/102U INFO terranbot.activity.location_modifiers:130 unit_to_place_beside: Unit(name='Barracks', tag=4380164097) - unit_to_place_beside.type_id=UnitTypeId.BARRACKS - position=(41.5, 63.5)
06:19 8504  116ms   290M  881G  81/102U INFO terranbot.builds.plans.acts.zone_defense:1062 Pulling worker [Unit(name='SCV', tag=4352901121), Unit(name='SCV', tag=4368891905), Unit(name='SCV', tag=4390387713), Unit(name='SCV', tag=4372037633), Unit(name='SCV', tag=4387766273), Unit(name='SCV', tag=4378329089), Unit(name='SCV', tag=4352114689), Unit(name='SCV', tag=4389339137)] for zone 1 to safety
06:19 8508   98ms   290M  881G  81/102U INFO terranbot.builds.plans.acts.zone_defense:1062 Pulling worker [Unit(name='SCV', tag=4349493249), Unit(name='SCV', tag=4355260417), Unit(name='SCV', tag=4347920385), Unit(name='SCV', tag=4354473986), Unit(name='SCV', tag=4385406977), Unit(name='SCV', tag=4386717697), Unit(name='SCV', tag=4382261249), Unit(name='SCV', tag=4349755393), Unit(name='SCV', tag=4362862593)] for zone 1 to safety
06:20 8512  107ms   290M  881G  81/102U INFO terranbot.builds.plans.acts.zone_defense:1062 Pulling worker [Unit(name='SCV', tag=4383571969), Unit(name='SCV', tag=4375183361), Unit(name='SCV', tag=4350279681), Unit(name='SCV', tag=4375707649), Unit(name='SCV', tag=4348706817), Unit(name='SCV', tag=4350017537), Unit(name='SCV', tag=4374396929), Unit(name='SCV', tag=4367319041), Unit(name='SCV', tag=4370989057)] for zone 1 to safety
06:20 8516  129ms   290M  881G  81/102U INFO terranbot.builds.plans.acts.zone_defense:1062 Pulling worker [Unit(name='SCV', tag=4352901121), Unit(name='SCV', tag=4368891905), Unit(name='SCV', tag=4348444673), Unit(name='SCV', tag=4391960577), Unit(name='SCV', tag=4350541825), Unit(name='SCV', tag=4387766273), Unit(name='SCV', tag=4372037633), Unit(name='SCV', tag=4378329089), Unit(name='SCV', tag=4352114689)] for zone 1 to safety
06:20 8520  107ms   290M  881G  81/102U INFO sharpy.managers.core.log_manager:80 [GameAnalyzer] Income advantage is now SmallDisadvantage
06:20 8520  107ms   290M  881G  81/102U INFO terranbot.activity.location_modifiers:130 unit_to_place_beside: Unit(name='Barracks', tag=4363649026) - unit_to_place_beside.type_id=UnitTypeId.BARRACKS - position=(54.5, 58.5)
06:20 8520  107ms   240M  881G  81/102U INFO terranbot.builds.plans.acts.zone_defense:1062 Pulling worker [Unit(name='SCV', tag=4354473986), Unit(name='SCV', tag=4349493249), Unit(name='SCV', tag=4390387713), Unit(name='SCV', tag=4385406977), Unit(name='SCV', tag=4347920385), Unit(name='SCV', tag=4379377665), Unit(name='SCV', tag=4386717697), Unit(name='SCV', tag=4362862593), Unit(name='SCV', tag=4382261249), Unit(name='SCV', tag=4389339137)] for zone 1 to safety
06:20 8524  107ms   315M  885G  81/102U INFO sharpy.managers.core.log_manager:80 [GameAnalyzer] Income advantage is now ClearDisadvantage
06:20 8524  107ms   315M  885G  81/102U INFO terranbot.builds.plans.acts.zone_defense:1062 Pulling worker [Unit(name='SCV', tag=4383571969), Unit(name='SCV', tag=4349755393), Unit(name='SCV', tag=4359979009), Unit(name='SCV', tag=4375707649), Unit(name='SCV', tag=4348706817), Unit(name='SCV', tag=4350017537), Unit(name='SCV', tag=4370989057)] for zone 1 to safety
06:20 8528  109ms   315M  885G  81/102U INFO sharpy.managers.core.log_manager:80 [GameAnalyzer] Income advantage is now SmallDisadvantage
06:20 8528  109ms   315M  885G  81/102U INFO terranbot.builds.plans.acts.zone_defense:1062 Pulling worker [Unit(name='SCV', tag=4368891905), Unit(name='SCV', tag=4352901121), Unit(name='SCV', tag=4372037633), Unit(name='SCV', tag=4350541825), Unit(name='SCV', tag=4387766273), Unit(name='SCV', tag=4378329089), Unit(name='SCV', tag=4367319041), Unit(name='SCV', tag=4352114689), Unit(name='SCV', tag=4350279681), Unit(name='SCV', tag=4374396929)] for zone 1 to safety
06:20 8532  114ms   315M  885G  81/102U INFO sharpy.managers.core.log_manager:80 [GameAnalyzer] Income advantage is now ClearDisadvantage
06:20 8532  114ms   315M  885G  81/102U INFO terranbot.builds.plans.acts.zone_defense:1062 Pulling worker [Unit(name='SCV', tag=4349493249), Unit(name='SCV', tag=4354473986), Unit(name='SCV', tag=4357881857), Unit(name='SCV', tag=4385406977), Unit(name='SCV', tag=4390387713), Unit(name='SCV', tag=4391960577), Unit(name='SCV', tag=4375183361), Unit(name='SCV', tag=4355260417), Unit(name='SCV', tag=4348444673), Unit(name='SCV', tag=4347920385), Unit(name='SCV', tag=4386717697), Unit(name='SCV', tag=4389339137), Unit(name='SCV', tag=4379377665)] for zone 1 to safety
06:21 8536  104ms   315M  885G  81/102U INFO terranbot.builds.plans.acts.zone_defense:1062 Pulling worker [Unit(name='SCV', tag=4362862593), Unit(name='SCV', tag=4359979009), Unit(name='SCV', tag=4383571969), Unit(name='SCV', tag=4348706817), Unit(name='SCV', tag=4375707649), Unit(name='SCV', tag=4350017537), Unit(name='SCV', tag=4370989057)] for zone 1 to safety
06:21 8540   90ms   315M  885G  81/102U INFO sharpy.managers.core.log_manager:80 [GameAnalyzer] Income advantage is now SmallDisadvantage
06:21 8540   90ms   315M  885G  81/102U INFO sharpy.managers.core.log_manager:80 [GameAnalyzer] Known army advantage is now SmallAdvantage
06:21 8540   90ms   315M  885G  81/102U INFO terranbot.builds.plans.acts.zone_defense:1062 Pulling worker [Unit(name='SCV', tag=4352901121), Unit(name='SCV', tag=4372037633), Unit(name='SCV', tag=4368891905), Unit(name='SCV', tag=4387766273), Unit(name='SCV', tag=4350541825), Unit(name='SCV', tag=4378329089), Unit(name='SCV', tag=4350279681), Unit(name='SCV', tag=4374396929)] for zone 1 to safety
06:21 8544   91ms   315M  885G  81/102U INFO terranbot.builds.plans.acts.zone_defense:1062 Pulling worker [Unit(name='SCV', tag=4349493249), Unit(name='SCV', tag=4347920385), Unit(name='SCV', tag=4391960577), Unit(name='SCV', tag=4386717697), Unit(name='SCV', tag=4354473986), Unit(name='SCV', tag=4382261249), Unit(name='SCV', tag=4375183361), Unit(name='SCV', tag=4367319041), Unit(name='SCV', tag=4379377665)] for zone 1 to safety
06:21 8548  103ms   315M  889G  81/102U INFO terranbot.builds.plans.acts.zone_defense:1062 Pulling worker [Unit(name='SCV', tag=4383571969), Unit(name='SCV', tag=4350017537), Unit(name='SCV', tag=4355260417), Unit(name='SCV', tag=4359979009), Unit(name='SCV', tag=4362862593), Unit(name='SCV', tag=4349755393), Unit(name='SCV', tag=4375707649), Unit(name='SCV', tag=4370989057), Unit(name='SCV', tag=4352114689), Unit(name='SCV', tag=4389339137), Unit(name='SCV', tag=4348706817)] for zone 1 to safety
06:21 8552  103ms   315M  889G  81/102U INFO terranbot.builds.plans.acts.zone_defense:1062 Pulling worker [Unit(name='SCV', tag=4372037633), Unit(name='SCV', tag=4368891905), Unit(name='SCV', tag=4390387713), Unit(name='SCV', tag=4350279681), Unit(name='SCV', tag=4350541825), Unit(name='SCV', tag=4352901121), Unit(name='SCV', tag=4387766273), Unit(name='SCV', tag=4378329089), Unit(name='SCV', tag=4374396929)] for zone 1 to safety
06:21 8556  115ms   315M  889G  81/102U INFO sharpy.managers.core.log_manager:80 [GameAnalyzer] Income advantage is now ClearDisadvantage
06:21 8556  115ms   315M  889G  81/102U INFO terranbot.builds.plans.acts.zone_defense:1062 Pulling worker [Unit(name='SCV', tag=4354473986), Unit(name='SCV', tag=4347920385), Unit(name='SCV', tag=4386717697), Unit(name='SCV', tag=4382261249), Unit(name='SCV', tag=4349493249), Unit(name='SCV', tag=4367319041), Unit(name='SCV', tag=4379377665)] for zone 1 to safety
06:22 8560   94ms   315M  889G  81/102U INFO sharpy.managers.core.log_manager:80 [GameAnalyzer] Income advantage is now SmallDisadvantage
06:22 8560   94ms   315M  889G  81/102U INFO terranbot.builds.plans.acts.zone_defense:1062 Pulling worker [Unit(name='SCV', tag=4383571969), Unit(name='SCV', tag=4362862593), Unit(name='SCV', tag=4359979009), Unit(name='SCV', tag=4350017537), Unit(name='SCV', tag=4375707649), Unit(name='SCV', tag=4352114689), Unit(name='SCV', tag=4348706817), Unit(name='SCV', tag=4389339137)] for zone 1 to safety
06:22 8564   98ms   315M  889G  81/102U INFO terranbot.builds.plans.acts.zone_defense:1062 Pulling worker [Unit(name='SCV', tag=4372037633), Unit(name='SCV', tag=4368891905), Unit(name='SCV', tag=4387766273), Unit(name='SCV', tag=4349755393), Unit(name='SCV', tag=4350279681), Unit(name='SCV', tag=4352901121), Unit(name='SCV', tag=4350541825), Unit(name='SCV', tag=4391960577), Unit(name='SCV', tag=4374396929), Unit(name='SCV', tag=4375183361)] for zone 1 to safety
06:22 8568   87ms   315M  893G  81/102U INFO terranbot.builds.plans.acts.zone_defense:1062 Pulling worker [Unit(name='SCV', tag=4382261249), Unit(name='SCV', tag=4349493249), Unit(name='SCV', tag=4354473986), Unit(name='SCV', tag=4386717697), Unit(name='SCV', tag=4379377665), Unit(name='SCV', tag=4370989057), Unit(name='SCV', tag=4367319041)] for zone 1 to safety
06:22 8572   90ms   315M  893G  81/102U INFO terranbot.builds.plans.acts.zone_defense:1062 Pulling worker [Unit(name='SCV', tag=4350017537), Unit(name='SCV', tag=4383571969), Unit(name='SCV', tag=4355260417), Unit(name='SCV', tag=4375707649), Unit(name='SCV', tag=4378329089), Unit(name='SCV', tag=4347920385), Unit(name='SCV', tag=4352114689), Unit(name='SCV', tag=4348706817)] for zone 1 to safety
06:22 8576   97ms   315M  893G  81/102U INFO terranbot.builds.plans.acts.zone_defense:1062 Pulling worker [Unit(name='SCV', tag=4368891905), Unit(name='SCV', tag=4348444673), Unit(name='SCV', tag=4350541825), Unit(name='SCV', tag=4391960577), Unit(name='SCV', tag=4352901121), Unit(name='SCV', tag=4372037633), Unit(name='SCV', tag=4374396929), Unit(name='SCV', tag=4389339137), Unit(name='SCV', tag=4362862593)] for zone 1 to safety
06:23 8580  106ms   320M  893G  81/102U INFO terranbot.builds.plans.acts.zone_defense:1062 Pulling worker [Unit(name='SCV', tag=4350279681), Unit(name='SCV', tag=4382261249), Unit(name='SCV', tag=4349493249), Unit(name='SCV', tag=4354473986), Unit(name='SCV', tag=4379377665), Unit(name='SCV', tag=4386717697)] for zone 1 to safety
06:23 8584   95ms   325M  893G  81/102U INFO terranbot.builds.plans.acts.zone_defense:1062 Pulling worker [Unit(name='SCV', tag=4383571969), Unit(name='SCV', tag=4390387713), Unit(name='SCV', tag=4350017537), Unit(name='SCV', tag=4347920385), Unit(name='SCV', tag=4375707649), Unit(name='SCV', tag=4359979009), Unit(name='SCV', tag=4375183361), Unit(name='SCV', tag=4352114689), Unit(name='SCV', tag=4370989057)] for zone 1 to safety
06:23 8588   95ms   325M  893G  81/102U INFO terranbot.builds.plans.acts.zone_defense:1062 Pulling worker [Unit(name='SCV', tag=4352901121), Unit(name='SCV', tag=4368891905), Unit(name='SCV', tag=4391960577), Unit(name='SCV', tag=4350541825), Unit(name='SCV', tag=4372037633), Unit(name='SCV', tag=4355260417), Unit(name='SCV', tag=4378329089), Unit(name='SCV', tag=4374396929)] for zone 1 to safety
06:23 8592  103ms   330M  893G  81/102U INFO terranbot.builds.plans.acts.zone_defense:1062 Pulling worker [Unit(name='SCV', tag=4348444673), Unit(name='SCV', tag=4354473986), Unit(name='SCV', tag=4382261249), Unit(name='SCV', tag=4386717697), Unit(name='SCV', tag=4349493249), Unit(name='SCV', tag=4348706817), Unit(name='SCV', tag=4389339137), Unit(name='SCV', tag=4362862593)] for zone 1 to safety
06:23 8596  100ms   330M  893G  81/102U INFO terranbot.builds.plans.acts.zone_defense:1062 Pulling worker [Unit(name='SCV', tag=4383571969), Unit(name='SCV', tag=4387766273), Unit(name='SCV', tag=4370989057), Unit(name='SCV', tag=4349755393), Unit(name='SCV', tag=4350017537), Unit(name='SCV', tag=4375707649), Unit(name='SCV', tag=4347920385), Unit(name='SCV', tag=4359979009), Unit(name='SCV', tag=4352114689)] for zone 1 to safety
06:23 8600   85ms   330M  893G  81/102U INFO terranbot.builds.plans.acts.zone_defense:1062 Pulling worker [Unit(name='SCV', tag=4368891905), Unit(name='SCV', tag=4350541825), Unit(name='SCV', tag=4350279681), Unit(name='SCV', tag=4352901121), Unit(name='SCV', tag=4372037633), Unit(name='SCV', tag=4374396929), Unit(name='SCV', tag=4379377665), Unit(name='SCV', tag=4375183361), Unit(name='SCV', tag=4378329089), Unit(name='SCV', tag=4355260417)] for zone 1 to safety
06:24 8604   87ms   330M  897G  81/102U INFO terranbot.builds.plans.acts.zone_defense:1062 Pulling worker [Unit(name='SCV', tag=4348444673), Unit(name='SCV', tag=4382261249), Unit(name='SCV', tag=4349493249), Unit(name='SCV', tag=4348706817), Unit(name='SCV', tag=4390387713), Unit(name='SCV', tag=4354473986), Unit(name='SCV', tag=4391960577), Unit(name='SCV', tag=4362862593), Unit(name='SCV', tag=4386717697)] for zone 1 to safety
06:24 8608  100ms   330M  901G  81/102U INFO sharpy.managers.core.log_manager:80 [GameAnalyzer] Income advantage is now ClearDisadvantage
06:24 8608  100ms   330M  901G  81/102U INFO terranbot.builds.plans.acts.zone_defense:1062 Pulling worker [Unit(name='SCV', tag=4383571969), Unit(name='SCV', tag=4347920385), Unit(name='SCV', tag=4375707649), Unit(name='SCV', tag=4350017537), Unit(name='SCV', tag=4389339137), Unit(name='SCV', tag=4359979009)] for zone 1 to safety
06:24 8612   88ms   330M  901G  81/102U INFO sharpy.managers.core.log_manager:80 [GameAnalyzer] Income advantage is now SmallDisadvantage
06:24 8612   88ms   330M  901G  81/102U INFO terranbot.builds.plans.acts.zone_defense:1062 Pulling worker [Unit(name='SCV', tag=4368891905), Unit(name='SCV', tag=4372037633), Unit(name='SCV', tag=4350279681), Unit(name='SCV', tag=4355260417), Unit(name='SCV', tag=4352901121), Unit(name='SCV', tag=4352114689), Unit(name='SCV', tag=4387766273), Unit(name='SCV', tag=4375183361), Unit(name='SCV', tag=4378329089), Unit(name='SCV', tag=4374396929)] for zone 1 to safety
06:24 8616  120ms   330M  901G  81/102U INFO terranbot.builds.plans.acts.zone_defense:1062 Pulling worker [Unit(name='SCV', tag=4390387713), Unit(name='SCV', tag=4350541825), Unit(name='SCV', tag=4382261249), Unit(name='SCV', tag=4370989057), Unit(name='SCV', tag=4354473986), Unit(name='SCV', tag=4348706817), Unit(name='SCV', tag=4386717697), Unit(name='SCV', tag=4379377665), Unit(name='SCV', tag=4349493249)] for zone 1 to safety
06:24 8620  122ms   335M  901G  81/102U INFO terranbot.builds.plans.acts.zone_defense:1062 Pulling worker [Unit(name='SCV', tag=4391960577), Unit(name='SCV', tag=4347920385), Unit(name='SCV', tag=4350017537), Unit(name='SCV', tag=4375707649), Unit(name='SCV', tag=4383571969), Unit(name='SCV', tag=4359979009), Unit(name='SCV', tag=4349755393)] for zone 1 to safety
06:25 8624  117ms   335M  901G  81/102U INFO terranbot.builds.plans.acts.zone_defense:1062 Pulling worker [Unit(name='SCV', tag=4372037633), Unit(name='SCV', tag=4368891905), Unit(name='SCV', tag=4350279681), Unit(name='SCV', tag=4387766273), Unit(name='SCV', tag=4352901121), Unit(name='SCV', tag=4374396929), Unit(name='SCV', tag=4352114689), Unit(name='SCV', tag=4355260417), Unit(name='SCV', tag=4389339137), Unit(name='SCV', tag=4375183361), Unit(name='SCV', tag=4378329089)] for zone 1 to safety
06:25 8628  110ms   335M  901G  81/102U INFO terranbot.builds.plans.acts.zone_defense:1062 Pulling worker [Unit(name='SCV', tag=4354473986), Unit(name='SCV', tag=4386717697), Unit(name='SCV', tag=4382261249), Unit(name='SCV', tag=4362862593), Unit(name='SCV', tag=4349493249), Unit(name='SCV', tag=4370989057), Unit(name='SCV', tag=4379377665), Unit(name='SCV', tag=4348706817)] for zone 1 to safety
06:25 8632  107ms   335M  901G  81/102U INFO terranbot.builds.plans.acts.zone_defense:1062 Pulling worker [Unit(name='SCV', tag=4391960577), Unit(name='SCV', tag=4347920385), Unit(name='SCV', tag=4350017537), Unit(name='SCV', tag=4375707649), Unit(name='SCV', tag=4383571969)] for zone 1 to safety
06:25 8636   86ms   335M  901G  81/102U INFO sharpy.managers.core.log_manager:80 [GameAnalyzer] Income advantage is now ClearDisadvantage
06:25 8636   86ms   335M  901G  81/102U INFO terranbot.builds.plans.acts.zone_defense:1062 Pulling worker [Unit(name='SCV', tag=4368891905), Unit(name='SCV', tag=4375183361), Unit(name='SCV', tag=4352901121), Unit(name='SCV', tag=4374396929), Unit(name='SCV', tag=4372037633), Unit(name='SCV', tag=4350541825), Unit(name='SCV', tag=4355260417), Unit(name='SCV', tag=4387766273), Unit(name='SCV', tag=4389339137)] for zone 1 to safety
06:25 8640  103ms   335M  901G  81/102U INFO sharpy.managers.core.log_manager:80 [GameAnalyzer] Income advantage is now SmallDisadvantage
06:25 8640  103ms   335M  901G  81/102U INFO terranbot.builds.plans.acts.zone_defense:1062 Pulling worker [Unit(name='SCV', tag=4386717697), Unit(name='SCV', tag=4370989057), Unit(name='SCV', tag=4359979009), Unit(name='SCV', tag=4379377665), Unit(name='SCV', tag=4354473986), Unit(name='SCV', tag=4390387713), Unit(name='SCV', tag=4348706817), Unit(name='SCV', tag=4378329089), Unit(name='SCV', tag=4352114689)] for zone 1 to safety
06:25 8644  109ms   335M  901G  81/102U INFO sharpy.managers.core.log_manager:80 [GameAnalyzer] Income advantage is now ClearDisadvantage
06:25 8644  109ms   335M  901G  81/102U INFO terranbot.builds.plans.acts.zone_defense:1062 Pulling worker [Unit(name='SCV', tag=4375707649), Unit(name='SCV', tag=4362862593), Unit(name='SCV', tag=4349493249), Unit(name='SCV', tag=4348444673), Unit(name='SCV', tag=4347920385), Unit(name='SCV', tag=4383571969), Unit(name='SCV', tag=4350017537)] for zone 1 to safety
06:26 8648   89ms   335M  901G  81/102U INFO terranbot.builds.plans.acts.zone_defense:1062 Pulling worker [Unit(name='SCV', tag=4368891905), Unit(name='SCV', tag=4382261249), Unit(name='SCV', tag=4391960577), Unit(name='SCV', tag=4372037633), Unit(name='SCV', tag=4352901121), Unit(name='SCV', tag=4374396929), Unit(name='SCV', tag=4375183361), Unit(name='SCV', tag=4387766273), Unit(name='SCV', tag=4355260417), Unit(name='SCV', tag=4389339137), Unit(name='SCV', tag=4350279681)] for zone 1 to safety
06:26 8652  134ms   335M  901G  81/102U INFO terranbot.builds.plans.acts.zone_defense:1062 Pulling worker [Unit(name='SCV', tag=4379377665), Unit(name='SCV', tag=4386717697), Unit(name='SCV', tag=4357881857), Unit(name='SCV', tag=4390387713), Unit(name='SCV', tag=4370989057), Unit(name='SCV', tag=4354473986), Unit(name='SCV', tag=4352114689), Unit(name='SCV', tag=4378329089), Unit(name='SCV', tag=4348706817), Unit(name='SCV', tag=4350541825)] for zone 1 to safety
06:26 8656  101ms   335M  905G  81/102U INFO terranbot.builds.plans.acts.zone_defense:1062 Pulling worker [Unit(name='SCV', tag=4383571969), Unit(name='SCV', tag=4375707649), Unit(name='SCV', tag=4359979009), Unit(name='SCV', tag=4350017537)] for zone 1 to safety
06:26 8660  114ms   335M  905G  81/102U INFO terranbot.builds.plans.acts.zone_defense:1062 Pulling worker [Unit(name='SCV', tag=4374396929), Unit(name='SCV', tag=4387766273), Unit(name='SCV', tag=4368891905), Unit(name='SCV', tag=4349755393), Unit(name='SCV', tag=4347920385), Unit(name='SCV', tag=4372037633), Unit(name='SCV', tag=4375183361), Unit(name='SCV', tag=4352901121), Unit(name='SCV', tag=4348444673), Unit(name='SCV', tag=4350279681)] for zone 1 to safety
06:26 8664  130ms   285M  905G  81/102U INFO terranbot.builds.plans.acts.zone_defense:1062 Pulling worker [Unit(name='SCV', tag=4390387713), Unit(name='SCV', tag=4350803969), Unit(name='SCV', tag=4370989057), Unit(name='SCV', tag=4350541825), Unit(name='SCV', tag=4391960577), Unit(name='SCV', tag=4379377665), Unit(name='SCV', tag=4354473986), Unit(name='SCV', tag=4386717697), Unit(name='SCV', tag=4389339137), Unit(name='SCV', tag=4352114689), Unit(name='SCV', tag=4355260417), Unit(name='SCV', tag=4348706817)] for zone 1 to safety
06:26 8668  113ms   290M  905G  82/102U INFO terranbot.builds.plans.acts.zone_defense:1062 Pulling worker [Unit(name='SCV', tag=4383571969), Unit(name='SCV', tag=4375707649), Unit(name='SCV', tag=4359979009), Unit(name='SCV', tag=4378329089), Unit(name='SCV', tag=4362862593), Unit(name='SCV', tag=4350017537)] for zone 1 to safety
06:27 8672   82ms   315M  905G  82/102U INFO sharpy.managers.core.log_manager:80 [GameAnalyzer] Income advantage is now SmallDisadvantage
06:27 8672   82ms   315M  905G  82/102U INFO terranbot.builds.plans.acts.zone_defense:1062 Pulling worker [Unit(name='SCV', tag=4368891905), Unit(name='SCV', tag=4374396929), Unit(name='SCV', tag=4387766273), Unit(name='SCV', tag=4357881857), Unit(name='SCV', tag=4382261249), Unit(name='SCV', tag=4372037633), Unit(name='SCV', tag=4375183361), Unit(name='SCV', tag=4352901121), Unit(name='SCV', tag=4349493249)] for zone 1 to safety
06:27 8676  139ms   315M  905G  82/102U INFO sharpy.managers.core.log_manager:80 [GameAnalyzer] Income advantage is now ClearDisadvantage
06:27 8676  139ms   315M  905G  82/102U INFO terranbot.builds.plans.acts.zone_defense:1062 Pulling worker [Unit(name='SCV', tag=4354473986), Unit(name='SCV', tag=4370989057), Unit(name='SCV', tag=4350279681), Unit(name='SCV', tag=4391960577), Unit(name='SCV', tag=4347920385), Unit(name='SCV', tag=4390387713), Unit(name='SCV', tag=4350541825), Unit(name='SCV', tag=4379377665), Unit(name='SCV', tag=4386717697), Unit(name='SCV', tag=4348444673), Unit(name='SCV', tag=4348706817), Unit(name='SCV', tag=4352114689)] for zone 1 to safety
06:27 8680  102ms   315M  905G  82/102U INFO terranbot.builds.plans.acts.zone_defense:1062 Pulling worker [Unit(name='SCV', tag=4383571969), Unit(name='SCV', tag=4375707649), Unit(name='SCV', tag=4350803969), Unit(name='SCV', tag=4362862593), Unit(name='SCV', tag=4350017537), Unit(name='SCV', tag=4355260417), Unit(name='SCV', tag=4389339137), Unit(name='SCV', tag=4378329089)] for zone 1 to safety
06:27 8684  102ms   315M  905G  82/102U INFO terranbot.builds.plans.acts.zone_defense:1062 Pulling worker [Unit(name='SCV', tag=4368891905), Unit(name='SCV', tag=4374396929), Unit(name='SCV', tag=4387766273), Unit(name='SCV', tag=4372037633), Unit(name='SCV', tag=4382261249), Unit(name='SCV', tag=4375183361), Unit(name='SCV', tag=4359979009), Unit(name='SCV', tag=4349493249)] for zone 1 to safety
06:27 8688   96ms   315M  905G  82/102U INFO sharpy.managers.core.log_manager:80 [GameAnalyzer] Income advantage is now SmallDisadvantage
06:27 8688   96ms   315M  905G  82/102U INFO terranbot.builds.plans.acts.zone_defense:1062 Pulling worker [Unit(name='SCV', tag=4390387713), Unit(name='SCV', tag=4379377665), Unit(name='SCV', tag=4349755393), Unit(name='SCV', tag=4370989057), Unit(name='SCV', tag=4357881857), Unit(name='SCV', tag=4352901121), Unit(name='SCV', tag=4347920385), Unit(name='SCV', tag=4350541825), Unit(name='SCV', tag=4354473986), Unit(name='SCV', tag=4352114689), Unit(name='SCV', tag=4348444673), Unit(name='SCV', tag=4386717697)] for zone 1 to safety
06:28 8692  141ms   315M  905G  82/102U INFO sharpy.managers.core.log_manager:80 [GameAnalyzer] Income advantage is now ClearDisadvantage
06:28 8692  141ms   315M  905G  82/102U INFO terranbot.builds.plans.acts.zone_defense:1062 Pulling worker [Unit(name='SCV', tag=4383571969), Unit(name='SCV', tag=4375707649), Unit(name='SCV', tag=4350279681), Unit(name='SCV', tag=4378329089), Unit(name='SCV', tag=4362862593), Unit(name='SCV', tag=4348706817), Unit(name='SCV', tag=4391960577)] for zone 1 to safety
06:28 8696  103ms   315M  909G  82/102U INFO sharpy.managers.core.log_manager:80 [GameAnalyzer] Income advantage is now SmallDisadvantage
06:28 8696  103ms   315M  909G  82/102U INFO terranbot.builds.plans.acts.zone_defense:1062 Pulling worker [Unit(name='SCV', tag=4374396929), Unit(name='SCV', tag=4368891905), Unit(name='SCV', tag=4387766273), Unit(name='SCV', tag=4372037633), Unit(name='SCV', tag=4382261249), Unit(name='SCV', tag=4350803969), Unit(name='SCV', tag=4375183361), Unit(name='SCV', tag=4349493249), Unit(name='SCV', tag=4359979009), Unit(name='SCV', tag=4389339137)] for zone 1 to safety
06:28 8700   89ms   315M  909G  82/102U INFO terranbot.builds.plans.acts.zone_defense:1062 Pulling worker [Unit(name='SCV', tag=4379377665), Unit(name='SCV', tag=4390387713), Unit(name='SCV', tag=4354473986), Unit(name='SCV', tag=4370989057), Unit(name='SCV', tag=4357881857), Unit(name='SCV', tag=4347920385), Unit(name='SCV', tag=4350541825), Unit(name='SCV', tag=4386717697), Unit(name='SCV', tag=4352901121), Unit(name='SCV', tag=4352114689)] for zone 1 to safety
06:28 8704  109ms   315M  913G  82/102U INFO sharpy.managers.core.log_manager:80 [GameAnalyzer] Income advantage is now ClearDisadvantage
06:28 8704  109ms   315M  913G  82/102U INFO terranbot.builds.plans.acts.zone_defense:1062 Pulling worker [Unit(name='SCV', tag=4383571969), Unit(name='SCV', tag=4350279681), Unit(name='SCV', tag=4350017537), Unit(name='SCV', tag=4391960577), Unit(name='SCV', tag=4362862593), Unit(name='SCV', tag=4348706817)] for zone 1 to safety
06:28 8708   97ms   320M  913G  82/102U INFO sharpy.managers.core.log_manager:80 [GameAnalyzer] Income advantage is now SmallDisadvantage
06:28 8708   97ms   320M  913G  82/102U INFO terranbot.builds.plans.acts.zone_defense:1062 Pulling worker [Unit(name='SCV', tag=4368891905), Unit(name='SCV', tag=4387766273), Unit(name='SCV', tag=4374396929), Unit(name='SCV', tag=4372037633), Unit(name='SCV', tag=4382261249), Unit(name='SCV', tag=4348444673), Unit(name='SCV', tag=4375183361), Unit(name='SCV', tag=4359979009), Unit(name='SCV', tag=4389339137)] for zone 1 to safety
06:28 8712   88ms   320M  913G  82/102U INFO terranbot.builds.plans.acts.zone_defense:1062 Pulling worker [Unit(name='SCV', tag=4379377665), Unit(name='SCV', tag=4390387713), Unit(name='SCV', tag=4352901121), Unit(name='SCV', tag=4370989057), Unit(name='SCV', tag=4365484033), Unit(name='SCV', tag=4349755393), Unit(name='SCV', tag=4350541825), Unit(name='SCV', tag=4347920385), Unit(name='SCV', tag=4354473986), Unit(name='SCV', tag=4386717697)] for zone 1 to safety
06:29 8716  105ms   320M  913G  82/102U INFO terranbot.builds.plans.acts.zone_defense:1062 Pulling worker [Unit(name='SCV', tag=4383571969), Unit(name='SCV', tag=4350279681), Unit(name='SCV', tag=4350803969), Unit(name='SCV', tag=4350017537), Unit(name='SCV', tag=4362862593), Unit(name='SCV', tag=4375707649), Unit(name='SCV', tag=4378329089), Unit(name='SCV', tag=4348706817), Unit(name='SCV', tag=4352114689)] for zone 1 to safety
06:29 8720  108ms   325M  913G  82/102U INFO terranbot.builds.plans.acts.zone_defense:1062 Pulling worker [Unit(name='SCV', tag=4387766273), Unit(name='SCV', tag=4374396929), Unit(name='SCV', tag=4368891905), Unit(name='SCV', tag=4348444673), Unit(name='SCV', tag=4372037633), Unit(name='SCV', tag=4375183361), Unit(name='SCV', tag=4357881857), Unit(name='SCV', tag=4349493249)] for zone 1 to safety
06:29 8724  104ms   325M  913G  82/102U INFO terranbot.builds.plans.acts.zone_defense:1062 Pulling worker [Unit(name='SCV', tag=4354473986), Unit(name='SCV', tag=4350541825), Unit(name='SCV', tag=4347920385), Unit(name='SCV', tag=4391960577), Unit(name='SCV', tag=4352901121), Unit(name='SCV', tag=4390387713), Unit(name='SCV', tag=4379377665), Unit(name='SCV', tag=4386717697), Unit(name='SCV', tag=4359979009), Unit(name='SCV', tag=4389339137)] for zone 1 to safety
06:29 8728   99ms   325M  913G  82/102U INFO terranbot.builds.plans.acts.zone_defense:1062 Pulling worker [Unit(name='SCV', tag=4383571969), Unit(name='SCV', tag=4382261249), Unit(name='SCV', tag=4362862593), Unit(name='SCV', tag=4349755393), Unit(name='SCV', tag=4378329089), Unit(name='SCV', tag=4375707649), Unit(name='SCV', tag=4348706817)] for zone 1 to safety
06:29 8732  109ms   325M  913G  82/102U INFO terranbot.builds.plans.acts.zone_defense:1062 Pulling worker [Unit(name='SCV', tag=4368891905), Unit(name='SCV', tag=4387766273), Unit(name='SCV', tag=4375183361), Unit(name='SCV', tag=4374396929), Unit(name='SCV', tag=4348444673), Unit(name='SCV', tag=4372037633), Unit(name='SCV', tag=4355260417), Unit(name='SCV', tag=4350803969), Unit(name='SCV', tag=4357881857), Unit(name='SCV', tag=4352114689), Unit(name='SCV', tag=4350017537)] for zone 1 to safety
06:30 8736  131ms   325M  913G  82/102U INFO sharpy.managers.core.log_manager:80 [GameAnalyzer] Income advantage is now ClearDisadvantage
06:30 8736  131ms   325M  913G  82/102U INFO terranbot.builds.plans.acts.zone_defense:1062 Pulling worker [Unit(name='SCV', tag=4354473986), Unit(name='SCV', tag=4386717697), Unit(name='SCV', tag=4379377665), Unit(name='SCV', tag=4352901121), Unit(name='SCV', tag=4390387713), Unit(name='SCV', tag=4349493249), Unit(name='SCV', tag=4370989057), Unit(name='SCV', tag=4359979009)] for zone 1 to safety
06:30 8740  140ms   325M  917G  82/102U INFO sharpy.managers.core.log_manager:80 [GameAnalyzer] Income advantage is now SmallDisadvantage
06:30 8740  140ms   325M  917G  82/102U INFO terranbot.builds.plans.acts.zone_defense:1062 Pulling worker [Unit(name='SCV', tag=4349755393), Unit(name='SCV', tag=4362862593), Unit(name='SCV', tag=4347920385), Unit(name='SCV', tag=4382261249), Unit(name='SCV', tag=4383571969), Unit(name='SCV', tag=4350279681), Unit(name='SCV', tag=4378329089), Unit(name='SCV', tag=4389339137), Unit(name='SCV', tag=4348706817)] for zone 1 to safety
06:30 8744  213ms   330M  917G  82/102U INFO terranbot.builds.plans.acts.zone_defense:1062 Pulling worker [Unit(name='SCV', tag=4368891905), Unit(name='SCV', tag=4357881857), Unit(name='SCV', tag=4355260417), Unit(name='SCV', tag=4350541825), Unit(name='SCV', tag=4374396929), Unit(name='SCV', tag=4387766273), Unit(name='SCV', tag=4375183361), Unit(name='SCV', tag=4352114689), Unit(name='SCV', tag=4350017537)] for zone 1 to safety
06:30 8748  104ms   330M  921G  82/102U INFO sharpy.managers.core.log_manager:80 [GameAnalyzer] Income advantage is now ClearDisadvantage
06:30 8748  104ms   330M  921G  82/102U INFO terranbot.builds.plans.acts.zone_defense:1062 Pulling worker [Unit(name='SCV', tag=4354473986), Unit(name='SCV', tag=4386717697), Unit(name='SCV', tag=4379377665), Unit(name='SCV', tag=4352901121), Unit(name='SCV', tag=4348444673), Unit(name='SCV', tag=4391960577), Unit(name='SCV', tag=4390387713), Unit(name='SCV', tag=4349493249), Unit(name='SCV', tag=4350803969), Unit(name='SCV', tag=4359979009)] for zone 1 to safety
06:30 8752  127ms   330M  921G  82/102U INFO sharpy.managers.core.log_manager:80 [GameAnalyzer] Income advantage is now SmallDisadvantage
06:30 8752  127ms   330M  921G  82/102U INFO terranbot.builds.plans.acts.zone_defense:1062 Pulling worker [Unit(name='SCV', tag=4349755393), Unit(name='SCV', tag=4362862593), Unit(name='SCV', tag=4383571969), Unit(name='SCV', tag=4378329089), Unit(name='SCV', tag=4370989057)] for zone 1 to safety
06:30 8756  119ms   330M  921G  82/102U INFO terranbot.builds.plans.acts.zone_defense:1062 Pulling worker [Unit(name='SCV', tag=4374396929), Unit(name='SCV', tag=4368891905), Unit(name='SCV', tag=4350017537), Unit(name='SCV', tag=4365484033), Unit(name='SCV', tag=4347920385), Unit(name='SCV', tag=4382261249), Unit(name='SCV', tag=4372037633), Unit(name='SCV', tag=4357881857), Unit(name='SCV', tag=4375183361), Unit(name='SCV', tag=4387766273), Unit(name='SCV', tag=4348706817), Unit(name='SCV', tag=4352114689), Unit(name='SCV', tag=4350279681), Unit(name='SCV', tag=4389339137)] for zone 1 to safety
06:31 8760  126ms   330M  921G  82/102U INFO sharpy.managers.core.log_manager:80 [GameAnalyzer] Income advantage is now ClearDisadvantage
06:31 8760  126ms   330M  921G  82/102U INFO terranbot.builds.plans.acts.zone_defense:1062 Pulling worker [Unit(name='SCV', tag=4386717697), Unit(name='SCV', tag=4379377665), Unit(name='SCV', tag=4352901121), Unit(name='SCV', tag=4355260417), Unit(name='SCV', tag=4350541825), Unit(name='SCV', tag=4354473986), Unit(name='SCV', tag=4390387713), Unit(name='SCV', tag=4359979009), Unit(name='SCV', tag=4349493249)] for zone 1 to safety
06:31 8764  106ms   330M  921G  82/102U INFO terranbot.builds.plans.acts.zone_defense:1062 Pulling worker [Unit(name='SCV', tag=4383571969), Unit(name='SCV', tag=4349755393), Unit(name='SCV', tag=4362862593), Unit(name='SCV', tag=4370989057), Unit(name='SCV', tag=4350803969), Unit(name='SCV', tag=4391960577), Unit(name='SCV', tag=4378329089)] for zone 1 to safety
06:31 8768   81ms   335M  921G  82/102U INFO sharpy.managers.core.log_manager:80 [GameAnalyzer] Income advantage is now SmallDisadvantage
06:31 8768   81ms   335M  921G  82/102U INFO terranbot.builds.plans.acts.zone_defense:1062 Pulling worker [Unit(name='SCV', tag=4357881857), Unit(name='SCV', tag=4374396929), Unit(name='SCV', tag=4368891905), Unit(name='SCV', tag=4382261249), Unit(name='SCV', tag=4372037633), Unit(name='SCV', tag=4387766273), Unit(name='SCV', tag=4375183361), Unit(name='SCV', tag=4350279681), Unit(name='SCV', tag=4389339137), Unit(name='SCV', tag=4348444673), Unit(name='SCV', tag=4348706817)] for zone 1 to safety
06:31 8772  112ms   335M  921G  82/102U INFO sharpy.managers.core.log_manager:80 [GameAnalyzer] Income advantage is now ClearDisadvantage
06:31 8772  112ms   335M  921G  82/102U INFO terranbot.builds.plans.acts.zone_defense:1062 Pulling worker [Unit(name='SCV', tag=4386717697), Unit(name='SCV', tag=4390387713), Unit(name='SCV', tag=4350541825), Unit(name='SCV', tag=4354473986), Unit(name='SCV', tag=4379377665), Unit(name='SCV', tag=4349493249)] for zone 1 to safety
06:31 8776   93ms   335M  921G  82/102U INFO sharpy.managers.core.log_manager:80 [GameAnalyzer] Income advantage is now SmallDisadvantage
06:31 8776   93ms   335M  921G  82/102U INFO terranbot.builds.plans.acts.zone_defense:1062 Pulling worker [Unit(name='SCV', tag=4352901121), Unit(name='SCV', tag=4355260417), Unit(name='SCV', tag=4349755393), Unit(name='SCV', tag=4350803969), Unit(name='SCV', tag=4383571969), Unit(name='SCV', tag=4347920385), Unit(name='SCV', tag=4352114689), Unit(name='SCV', tag=4378329089)] for zone 1 to safety
06:31 8780   91ms   335M  921G  82/102U INFO sharpy.managers.core.log_manager:80 [GameAnalyzer] Income advantage is now ClearDisadvantage
06:31 8780   91ms   335M  921G  82/102U INFO terranbot.builds.plans.acts.zone_defense:1062 Pulling worker [Unit(name='SCV', tag=4389339137), Unit(name='SCV', tag=4374396929), Unit(name='SCV', tag=4357881857), Unit(name='SCV', tag=4368891905), Unit(name='SCV', tag=4382261249), Unit(name='SCV', tag=4375183361), Unit(name='SCV', tag=4387766273), Unit(name='SCV', tag=4391960577), Unit(name='SCV', tag=4350279681), Unit(name='SCV', tag=4359979009)] for zone 1 to safety
06:32 8784  102ms   335M  921G  82/102U INFO sharpy.managers.core.log_manager:80 [GameAnalyzer] Income advantage is now SmallDisadvantage
06:32 8784  102ms   335M  921G  82/102U INFO terranbot.builds.plans.acts.zone_defense:1062 Pulling worker [Unit(name='SCV', tag=4390387713), Unit(name='SCV', tag=4362862593), Unit(name='SCV', tag=4354473986), Unit(name='SCV', tag=4379377665), Unit(name='SCV', tag=4386717697), Unit(name='SCV', tag=4370989057)] for zone 1 to safety
06:32 8788  101ms   335M  921G  82/102U INFO terranbot.builds.plans.acts.zone_defense:1062 Pulling worker [Unit(name='SCV', tag=4383571969), Unit(name='SCV', tag=4372037633), Unit(name='SCV', tag=4348706817), Unit(name='SCV', tag=4350803969), Unit(name='SCV', tag=4347920385), Unit(name='SCV', tag=4348444673), Unit(name='SCV', tag=4378329089)] for zone 1 to safety
06:32 8792   88ms   335M  921G  82/102U INFO sharpy.managers.core.log_manager:80 [GameAnalyzer] Income advantage is now ClearDisadvantage
06:32 8792   88ms   335M  921G  82/102U INFO sharpy.managers.core.log_manager:80 [GameAnalyzer] Predicted army advantage is now SlightDisadvantage
06:32 8792   88ms   335M  921G  82/102U INFO terranbot.builds.plans.acts.zone_defense:1062 Pulling worker [Unit(name='SCV', tag=4389339137), Unit(name='SCV', tag=4387766273), Unit(name='SCV', tag=4368891905), Unit(name='SCV', tag=4350541825), Unit(name='SCV', tag=4357881857), Unit(name='SCV', tag=4374396929), Unit(name='SCV', tag=4352114689), Unit(name='SCV', tag=4391960577), Unit(name='SCV', tag=4349493249)] for zone 1 to safety
06:32 8796  104ms   290M  921G  82/102U INFO terranbot.builds.plans.acts.zone_defense:1062 Pulling worker [Unit(name='SCV', tag=4386717697), Unit(name='SCV', tag=4379377665), Unit(name='SCV', tag=4354473986), Unit(name='SCV', tag=4370989057), Unit(name='SCV', tag=4349755393), Unit(name='SCV', tag=4352901121)] for zone 1 to safety
06:32 8800   96ms   290M  921G  83/102U INFO sharpy.managers.core.log_manager:80 [GameAnalyzer] Income advantage is now SmallDisadvantage
06:32 8800   96ms   290M  921G  83/102U INFO terranbot.builds.plans.acts.zone_defense:1062 Pulling worker [Unit(name='SCV', tag=4375183361), Unit(name='SCV', tag=4390387713), Unit(name='SCV', tag=4355260417), Unit(name='SCV', tag=4350803969), Unit(name='SCV', tag=4383571969), Unit(name='SCV', tag=4347920385), Unit(name='SCV', tag=4362862593), Unit(name='SCV', tag=4350279681), Unit(name='SCV', tag=4378329089)] for zone 1 to safety
06:33 8804  110ms   290M  925G  83/102U INFO sharpy.managers.core.log_manager:80 [GameAnalyzer] Income advantage is now ClearDisadvantage
06:33 8804  110ms   290M  925G  83/102U INFO terranbot.builds.plans.acts.zone_defense:1062 Pulling worker [Unit(name='SCV', tag=4389339137), Unit(name='SCV', tag=4357881857), Unit(name='SCV', tag=4368891905), Unit(name='SCV', tag=4374396929), Unit(name='SCV', tag=4349493249), Unit(name='SCV', tag=4352114689), Unit(name='SCV', tag=4348444673)] for zone 1 to safety
06:33 8808   96ms   290M  925G  83/102U INFO sharpy.managers.core.log_manager:80 [GameAnalyzer] Income advantage is now SmallDisadvantage
06:33 8808   96ms   290M  925G  83/102U INFO terranbot.builds.plans.acts.zone_defense:1062 Pulling worker [Unit(name='SCV', tag=4352901121), Unit(name='SCV', tag=4387766273), Unit(name='SCV', tag=4354473986), Unit(name='SCV', tag=4349755393), Unit(name='SCV', tag=4379377665), Unit(name='SCV', tag=4386717697), Unit(name='SCV', tag=4348706817), Unit(name='SCV', tag=4359979009), Unit(name='SCV', tag=4350541825), Unit(name='SCV', tag=4370989057)] for zone 1 to safety
06:33 8812  105ms   290M  925G  83/102U INFO sharpy.managers.core.log_manager:80 [GameAnalyzer] Income advantage is now ClearDisadvantage
06:33 8812  105ms   290M  925G  83/102U INFO terranbot.builds.plans.acts.zone_defense:1062 Pulling worker [Unit(name='SCV', tag=4372037633), Unit(name='SCV', tag=4355260417), Unit(name='SCV', tag=4347920385), Unit(name='SCV', tag=4350803969), Unit(name='SCV', tag=4383571969), Unit(name='SCV', tag=4391960577)] for zone 1 to safety
06:33 8816   88ms   290M  925G  83/102U INFO terranbot.activity.location_modifiers:130 unit_to_place_beside: Unit(name='Barracks', tag=4380164097) - unit_to_place_beside.type_id=UnitTypeId.BARRACKS - position=(48.5, 63.5)
06:33 8816   88ms   290M  925G  83/102U INFO terranbot.builds.plans.acts.zone_defense:1062 Pulling worker [Unit(name='SCV', tag=4382261249), Unit(name='SCV', tag=4374396929), Unit(name='SCV', tag=4357881857), Unit(name='SCV', tag=4389339137), Unit(name='SCV', tag=4368891905), Unit(name='SCV', tag=4362862593), Unit(name='SCV', tag=4378329089), Unit(name='SCV', tag=4350279681), Unit(name='SCV', tag=4349493249)] for zone 1 to safety
06:33 8820  127ms   290M  925G  83/102U INFO sharpy.managers.core.log_manager:80 [GameAnalyzer] Income advantage is now SmallDisadvantage
06:33 8820  127ms   240M  925G  83/102U INFO terranbot.builds.plans.acts.zone_defense:1062 Pulling worker [Unit(name='SCV', tag=4387766273), Unit(name='SCV', tag=4375183361), Unit(name='SCV', tag=4354473986), Unit(name='SCV', tag=4349755393), Unit(name='SCV', tag=4348706817), Unit(name='SCV', tag=4379377665), Unit(name='SCV', tag=4386717697), Unit(name='SCV', tag=4359979009), Unit(name='SCV', tag=4350541825), Unit(name='SCV', tag=4390387713)] for zone 1 to safety
06:33 8824  103ms   240M  925G  84/102U INFO terranbot.builds.plans.acts.zone_defense:1062 Pulling worker [Unit(name='SCV', tag=4372037633), Unit(name='SCV', tag=4391960577), Unit(name='SCV', tag=4348444673), Unit(name='SCV', tag=4347920385), Unit(name='SCV', tag=4383571969), Unit(name='SCV', tag=4350803969), Unit(name='SCV', tag=4370989057)] for zone 1 to safety
06:34 8828   87ms   265M  929G  84/102U INFO sharpy.managers.core.log_manager:80 [GameAnalyzer] Income advantage is now ClearDisadvantage
06:34 8828   87ms   265M  929G  84/102U INFO terranbot.builds.plans.acts.zone_defense:1062 Pulling worker [Unit(name='SCV', tag=4374396929), Unit(name='SCV', tag=4352901121), Unit(name='SCV', tag=4352114689), Unit(name='SCV', tag=4389339137), Unit(name='SCV', tag=4368891905), Unit(name='SCV', tag=4357881857), Unit(name='SCV', tag=4362862593), Unit(name='SCV', tag=4350279681)] for zone 1 to safety
06:34 8832   97ms   265M  929G  84/102U INFO sharpy.managers.core.log_manager:80 [GameAnalyzer] Income advantage is now SmallDisadvantage
06:34 8832   97ms   215M  929G  84/102U INFO terranbot.builds.plans.acts.zone_defense:1062 Pulling worker [Unit(name='SCV', tag=4379377665), Unit(name='SCV', tag=4354473986), Unit(name='SCV', tag=4355260417), Unit(name='SCV', tag=4349755393), Unit(name='SCV', tag=4350541825), Unit(name='SCV', tag=4348706817), Unit(name='SCV', tag=4349493249), Unit(name='SCV', tag=4390387713), Unit(name='SCV', tag=4386717697), Unit(name='SCV', tag=4378329089)] for zone 1 to safety
06:34 8836  116ms   215M  929G  85/102U INFO terranbot.builds.plans.acts.zone_defense:1062 Pulling worker [Unit(name='SCV', tag=4375183361), Unit(name='SCV', tag=4387766273), Unit(name='SCV', tag=4391960577), Unit(name='SCV', tag=4383571969), Unit(name='SCV', tag=4347920385), Unit(name='SCV', tag=4372037633), Unit(name='SCV', tag=4350803969), Unit(name='SCV', tag=4370989057), Unit(name='SCV', tag=4348444673)] for zone 1 to safety
06:34 8840   91ms   215M  929G  85/102U INFO terranbot.builds.plans.acts.zone_defense:1062 Pulling worker [Unit(name='SCV', tag=4389339137), Unit(name='SCV', tag=4374396929), Unit(name='SCV', tag=4368891905), Unit(name='SCV', tag=4352114689), Unit(name='SCV', tag=4357881857), Unit(name='SCV', tag=4352901121), Unit(name='SCV', tag=4382261249), Unit(name='SCV', tag=4350279681), Unit(name='SCV', tag=4362862593)] for zone 1 to safety
06:34 8844   90ms   215M  929G  85/102U INFO terranbot.builds.plans.acts.zone_defense:1062 Pulling worker [Unit(name='SCV', tag=4379377665), Unit(name='SCV', tag=4349755393), Unit(name='SCV', tag=4348706817), Unit(name='SCV', tag=4386717697), Unit(name='SCV', tag=4350541825), Unit(name='SCV', tag=4378329089), Unit(name='SCV', tag=4349493249)] for zone 1 to safety
06:35 8848   93ms   215M  929G  85/102U INFO terranbot.builds.plans.acts.zone_defense:1062 Pulling worker [Unit(name='SCV', tag=4372037633), Unit(name='SCV', tag=4348444673), Unit(name='SCV', tag=4347920385), Unit(name='SCV', tag=4350803969), Unit(name='SCV', tag=4355260417), Unit(name='SCV', tag=4359979009), Unit(name='SCV', tag=4383571969), Unit(name='SCV', tag=4370989057)] for zone 1 to safety
06:35 8852   95ms   215M  929G  85/102U INFO terranbot.builds.plans.acts.zone_defense:1062 Pulling worker [Unit(name='SCV', tag=4389339137), Unit(name='SCV', tag=4368891905), Unit(name='SCV', tag=4374396929), Unit(name='SCV', tag=4357881857), Unit(name='SCV', tag=4352901121), Unit(name='SCV', tag=4350279681)] for zone 1 to safety
06:35 8856   86ms   220M  929G  85/102U INFO terranbot.builds.plans.acts.zone_defense:1062 Pulling worker [Unit(name='SCV', tag=4379377665), Unit(name='SCV', tag=4349755393), Unit(name='SCV', tag=4371513345), Unit(name='SCV', tag=4352114689), Unit(name='SCV', tag=4354473986), Unit(name='SCV', tag=4350541825), Unit(name='SCV', tag=4386717697), Unit(name='SCV', tag=4387766273), Unit(name='SCV', tag=4390387713), Unit(name='SCV', tag=4378329089), Unit(name='SCV', tag=4391960577)] for zone 1 to safety
06:35 8860  112ms   220M  929G  85/102U INFO terranbot.builds.plans.acts.zone_defense:1062 Pulling worker [Unit(name='SCV', tag=4383571969), Unit(name='SCV', tag=4347920385), Unit(name='SCV', tag=4348444673), Unit(name='SCV', tag=4348706817), Unit(name='SCV', tag=4355260417), Unit(name='SCV', tag=4350803969), Unit(name='SCV', tag=4370989057), Unit(name='SCV', tag=4382261249)] for zone 1 to safety
06:35 8864   86ms   220M  929G  85/102U INFO terranbot.builds.plans.acts.zone_defense:1062 Pulling worker [Unit(name='SCV', tag=4374396929), Unit(name='SCV', tag=4368891905), Unit(name='SCV', tag=4389339137), Unit(name='SCV', tag=4362862593), Unit(name='SCV', tag=4372037633), Unit(name='SCV', tag=4349493249), Unit(name='SCV', tag=4350279681), Unit(name='SCV', tag=4357881857), Unit(name='SCV', tag=4352901121), Unit(name='SCV', tag=4359979009), Unit(name='SCV', tag=4375183361)] for zone 1 to safety
06:35 8868  132ms   220M  929G  85/102U INFO terranbot.activity.location_modifiers:130 unit_to_place_beside: Unit(name='Barracks', tag=4378066945) - unit_to_place_beside.type_id=UnitTypeId.BARRACKS - position=(41.5, 63.5)
06:35 8868  132ms   170M  929G  85/102U INFO terranbot.builds.plans.acts.zone_defense:1062 Pulling worker [Unit(name='SCV', tag=4379377665), Unit(name='SCV', tag=4349755393), Unit(name='SCV', tag=4391960577), Unit(name='SCV', tag=4350541825), Unit(name='SCV', tag=4354473986), Unit(name='SCV', tag=4390387713), Unit(name='SCV', tag=4387766273), Unit(name='SCV', tag=4386717697)] for zone 1 to safety
06:36 8872   98ms   220M  929G  85/102U INFO terranbot.builds.plans.acts.zone_defense:1062 Pulling worker [Unit(name='SCV', tag=4348444673), Unit(name='SCV', tag=4383571969), Unit(name='SCV', tag=4347920385), Unit(name='SCV', tag=4355260417), Unit(name='SCV', tag=4368367617), Unit(name='SCV', tag=4378329089), Unit(name='SCV', tag=4350803969), Unit(name='SCV', tag=4370989057)] for zone 1 to safety
06:36 8876  102ms   220M  929G  85/102U INFO terranbot.builds.plans.acts.zone_defense:1062 Pulling worker [Unit(name='SCV', tag=4368891905), Unit(name='SCV', tag=4374396929), Unit(name='SCV', tag=4389339137), Unit(name='SCV', tag=4352114689), Unit(name='SCV', tag=4348706817), Unit(name='SCV', tag=4372037633), Unit(name='SCV', tag=4349493249), Unit(name='SCV', tag=4359979009), Unit(name='SCV', tag=4352901121), Unit(name='SCV', tag=4375183361)] for zone 1 to safety
06:36 8880  104ms   220M  929G  85/102U INFO sharpy.managers.core.log_manager:80 [GameAnalyzer] Income advantage is now ClearDisadvantage
06:36 8880  104ms   220M  929G  85/102U INFO terranbot.builds.plans.acts.zone_defense:1062 Pulling worker [Unit(name='SCV', tag=4349755393), Unit(name='SCV', tag=4379377665), Unit(name='SCV', tag=4350541825), Unit(name='SCV', tag=4354473986), Unit(name='SCV', tag=4357881857), Unit(name='SCV', tag=4371513345), Unit(name='SCV', tag=4387766273), Unit(name='SCV', tag=4390387713), Unit(name='SCV', tag=4382261249), Unit(name='SCV', tag=4386717697), Unit(name='SCV', tag=4350279681)] for zone 1 to safety
06:36 8884  138ms   220M  929G  85/102U INFO terranbot.builds.plans.acts.zone_defense:1062 Pulling worker [Unit(name='SCV', tag=4348444673), Unit(name='SCV', tag=4383571969), Unit(name='SCV', tag=4355260417), Unit(name='SCV', tag=4391960577), Unit(name='SCV', tag=4347920385), Unit(name='SCV', tag=4350803969)] for zone 1 to safety
06:36 8888   94ms   220M  929G  85/102U INFO sharpy.managers.core.log_manager:80 [GameAnalyzer] Income advantage is now SmallDisadvantage
06:36 8888   94ms   220M  929G  85/102U INFO terranbot.activity.location_modifiers:130 unit_to_place_beside: Unit(name='Barracks', tag=4380164097) - unit_to_place_beside.type_id=UnitTypeId.BARRACKS - position=(48.5, 63.5)
06:36 8888   94ms   220M  929G  85/102U INFO terranbot.builds.plans.acts.zone_defense:1062 Pulling worker [Unit(name='SCV', tag=4389339137), Unit(name='SCV', tag=4368891905), Unit(name='SCV', tag=4352114689), Unit(name='SCV', tag=4362862593), Unit(name='SCV', tag=4374396929), Unit(name='SCV', tag=4352901121), Unit(name='SCV', tag=4370989057), Unit(name='SCV', tag=4378329089), Unit(name='SCV', tag=4359979009)] for zone 1 to safety
06:36 8892  103ms   225M  929G  85/102U INFO sharpy.managers.core.log_manager:80 [GameAnalyzer] Income advantage is now ClearDisadvantage
06:36 8892  103ms   225M  929G  85/102U INFO terranbot.builds.plans.acts.zone_defense:1062 Pulling worker [Unit(name='SCV', tag=4379377665), Unit(name='SCV', tag=4349755393), Unit(name='SCV', tag=4387766273), Unit(name='SCV', tag=4375183361), Unit(name='SCV', tag=4371513345), Unit(name='SCV', tag=4349493249), Unit(name='SCV', tag=4350541825), Unit(name='SCV', tag=4390387713), Unit(name='SCV', tag=4382261249), Unit(name='SCV', tag=4372037633), Unit(name='SCV', tag=4386717697)] for zone 1 to safety
06:37 8896  132ms   225M  929G  85/102U INFO terranbot.builds.plans.acts.zone_defense:1062 Pulling worker [Unit(name='SCV', tag=4348444673), Unit(name='SCV', tag=4383571969), Unit(name='SCV', tag=4350803969), Unit(name='SCV', tag=4355260417), Unit(name='SCV', tag=4354473986), Unit(name='SCV', tag=4391960577), Unit(name='SCV', tag=4357881857), Unit(name='SCV', tag=4347920385), Unit(name='SCV', tag=4368367617), Unit(name='SCV', tag=4350279681)] for zone 1 to safety
06:37 8900  105ms   225M  929G  85/102U INFO sharpy.managers.core.log_manager:80 [GameAnalyzer] Income advantage is now SmallDisadvantage
06:37 8900  105ms   225M  929G  85/102U INFO terranbot.builds.plans.acts.zone_defense:1062 Pulling worker [Unit(name='SCV', tag=4389339137), Unit(name='SCV', tag=4368891905), Unit(name='SCV', tag=4352114689), Unit(name='SCV', tag=4374396929), Unit(name='SCV', tag=4352901121), Unit(name='SCV', tag=4359979009)] for zone 1 to safety
06:37 8904   93ms   225M  933G  85/102U INFO sharpy.managers.core.log_manager:80 [GameAnalyzer] Income advantage is now ClearDisadvantage
06:37 8904   93ms   225M  933G  85/102U INFO terranbot.builds.plans.acts.zone_defense:1062 Pulling worker [Unit(name='SCV', tag=4349755393), Unit(name='SCV', tag=4387766273), Unit(name='SCV', tag=4350541825), Unit(name='SCV', tag=4390387713), Unit(name='SCV', tag=4379377665), Unit(name='SCV', tag=4382261249), Unit(name='SCV', tag=4372037633), Unit(name='SCV', tag=4378329089), Unit(name='SCV', tag=4348706817), Unit(name='SCV', tag=4370989057), Unit(name='SCV', tag=4386717697)] for zone 1 to safety
06:37 8908  117ms   225M  933G  85/102U INFO sharpy.managers.core.log_manager:80 [GameAnalyzer] Income advantage is now SmallDisadvantage
06:37 8908  117ms   225M  933G  85/102U INFO terranbot.builds.plans.acts.zone_defense:1062 Pulling worker [Unit(name='SCV', tag=4383571969), Unit(name='SCV', tag=4348444673), Unit(name='SCV', tag=4349493249), Unit(name='SCV', tag=4354473986), Unit(name='SCV', tag=4357881857), Unit(name='SCV', tag=4350803969), Unit(name='SCV', tag=4347920385), Unit(name='SCV', tag=4350279681), Unit(name='SCV', tag=4368367617)] for zone 1 to safety
06:37 8912   94ms   225M  937G  85/102U INFO sharpy.managers.core.log_manager:80 [GameAnalyzer] Income advantage is now ClearDisadvantage
06:37 8912   94ms   225M  937G  85/102U INFO terranbot.builds.plans.acts.zone_defense:1062 Pulling worker [Unit(name='SCV', tag=4389339137), Unit(name='SCV', tag=4368891905), Unit(name='SCV', tag=4352114689), Unit(name='SCV', tag=4362862593), Unit(name='SCV', tag=4371513345), Unit(name='SCV', tag=4391960577), Unit(name='SCV', tag=4375183361), Unit(name='SCV', tag=4374396929), Unit(name='SCV', tag=4352901121)] for zone 1 to safety
06:38 8916  112ms   225M  937G  85/102U INFO terranbot.builds.plans.acts.zone_defense:1062 Pulling worker [Unit(name='SCV', tag=4378329089), Unit(name='SCV', tag=4349755393), Unit(name='SCV', tag=4387766273), Unit(name='SCV', tag=4379377665), Unit(name='SCV', tag=4348706817), Unit(name='SCV', tag=4390387713), Unit(name='SCV', tag=4359979009), Unit(name='SCV', tag=4386717697)] for zone 1 to safety
06:38 8920  102ms   225M  937G  85/102U INFO terranbot.builds.plans.acts.zone_defense:1062 Pulling worker [Unit(name='SCV', tag=4383571969), Unit(name='SCV', tag=4348444673), Unit(name='SCV', tag=4382261249), Unit(name='SCV', tag=4355260417), Unit(name='SCV', tag=4350803969), Unit(name='SCV', tag=4347920385)] for zone 1 to safety
06:38 8924   99ms   230M  937G  85/102U INFO sharpy.managers.core.log_manager:80 [GameAnalyzer] Income advantage is now SmallDisadvantage
06:38 8924   99ms   230M  937G  85/102U INFO terranbot.builds.plans.acts.zone_defense:1062 Pulling worker [Unit(name='SCV', tag=4368891905), Unit(name='SCV', tag=4354473986), Unit(name='SCV', tag=4372037633), Unit(name='SCV', tag=4352114689), Unit(name='SCV', tag=4375183361), Unit(name='SCV', tag=4389339137), Unit(name='SCV', tag=4374396929), Unit(name='SCV', tag=4352901121), Unit(name='SCV', tag=4357881857), Unit(name='SCV', tag=4368367617), Unit(name='SCV', tag=4350279681)] for zone 1 to safety
06:38 8928  104ms   230M  937G  85/102U INFO terranbot.builds.plans.acts.zone_defense:1062 Pulling worker [Unit(name='SCV', tag=4387766273), Unit(name='SCV', tag=4378329089), Unit(name='SCV', tag=4349755393), Unit(name='SCV', tag=4379377665), Unit(name='SCV', tag=4370989057), Unit(name='SCV', tag=4359979009)] for zone 1 to safety
06:38 8932  132ms   230M  937G  85/102U INFO sharpy.managers.core.log_manager:80 [GameAnalyzer] Income advantage is now ClearDisadvantage
06:38 8932  132ms   230M  937G  85/102U INFO terranbot.builds.plans.acts.zone_defense:1062 Pulling worker [Unit(name='SCV', tag=4347920385), Unit(name='SCV', tag=4383571969), Unit(name='SCV', tag=4348444673), Unit(name='SCV', tag=4349493249), Unit(name='SCV', tag=4391960577), Unit(name='SCV', tag=4382261249), Unit(name='SCV', tag=4371513345), Unit(name='SCV', tag=4350803969), Unit(name='SCV', tag=4390387713), Unit(name='SCV', tag=4386717697)] for zone 1 to safety
06:38 8936   93ms   230M  937G  85/102U INFO terranbot.builds.plans.acts.zone_defense:1062 Pulling worker [Unit(name='SCV', tag=4368891905), Unit(name='SCV', tag=4357881857), Unit(name='SCV', tag=4354473986), Unit(name='SCV', tag=4352901121), Unit(name='SCV', tag=4389339137), Unit(name='SCV', tag=4374396929), Unit(name='SCV', tag=4348706817), Unit(name='SCV', tag=4350279681), Unit(name='SCV', tag=4355260417)] for zone 1 to safety
06:39 8940   96ms   230M  937G  85/102U INFO terranbot.builds.plans.acts.zone_defense:1062 Pulling worker [Unit(name='SCV', tag=4349755393), Unit(name='SCV', tag=4387766273), Unit(name='SCV', tag=4378329089), Unit(name='SCV', tag=4379377665), Unit(name='SCV', tag=4368367617), Unit(name='SCV', tag=4370989057)] for zone 1 to safety
06:39 8944   87ms   230M  937G  85/102U INFO terranbot.builds.plans.acts.zone_defense:1062 Pulling worker [Unit(name='SCV', tag=4347920385), Unit(name='SCV', tag=4348444673), Unit(name='SCV', tag=4362862593), Unit(name='SCV', tag=4352114689), Unit(name='SCV', tag=4349493249), Unit(name='SCV', tag=4382261249), Unit(name='SCV', tag=4383571969), Unit(name='SCV', tag=4375183361)] for zone 1 to safety
06:39 8948   98ms   230M  941G  85/102U INFO terranbot.builds.plans.acts.zone_defense:1062 Pulling worker [Unit(name='SCV', tag=4368891905), Unit(name='SCV', tag=4371513345), Unit(name='SCV', tag=4357881857), Unit(name='SCV', tag=4352901121), Unit(name='SCV', tag=4374396929), Unit(name='SCV', tag=4389339137), Unit(name='SCV', tag=4359979009), Unit(name='SCV', tag=4386717697), Unit(name='SCV', tag=4350279681)] for zone 1 to safety
06:39 8952   88ms   235M  941G  85/102U INFO terranbot.builds.plans.acts.zone_defense:1062 Pulling worker [Unit(name='SCV', tag=4387766273), Unit(name='SCV', tag=4378329089), Unit(name='SCV', tag=4390387713), Unit(name='SCV', tag=4354473986), Unit(name='SCV', tag=4391960577), Unit(name='SCV', tag=4379377665), Unit(name='SCV', tag=4349755393), Unit(name='SCV', tag=4355260417), Unit(name='SCV', tag=4372037633), Unit(name='SCV', tag=4348706817), Unit(name='SCV', tag=4370989057)] for zone 1 to safety
06:39 8956  130ms   235M  945G  85/102U INFO terranbot.builds.plans.acts.zone_defense:1062 Pulling worker [Unit(name='SCV', tag=4347920385), Unit(name='SCV', tag=4382261249), Unit(name='SCV', tag=4350803969), Unit(name='SCV', tag=4350541825), Unit(name='SCV', tag=4352114689), Unit(name='SCV', tag=4375183361), Unit(name='SCV', tag=4348444673), Unit(name='SCV', tag=4383571969), Unit(name='SCV', tag=4368367617)] for zone 1 to safety
06:40 8960  121ms   235M  945G  85/102U INFO terranbot.builds.plans.acts.zone_defense:1062 Pulling worker [Unit(name='SCV', tag=4368891905), Unit(name='SCV', tag=4352901121), Unit(name='SCV', tag=4362862593), Unit(name='SCV', tag=4357881857), Unit(name='SCV', tag=4374396929), Unit(name='SCV', tag=4389339137), Unit(name='SCV', tag=4359979009), Unit(name='SCV', tag=4350279681)] for zone 1 to safety
06:40 8964  104ms   235M  945G  85/102U INFO terranbot.builds.plans.acts.zone_defense:1062 Pulling worker [Unit(name='SCV', tag=4387766273), Unit(name='SCV', tag=4378329089), Unit(name='SCV', tag=4354473986), Unit(name='SCV', tag=4391960577), Unit(name='SCV', tag=4349493249), Unit(name='SCV', tag=4349755393), Unit(name='SCV', tag=4379377665), Unit(name='SCV', tag=4372037633), Unit(name='SCV', tag=4370989057), Unit(name='SCV', tag=4355260417), Unit(name='SCV', tag=4348706817), Unit(name='SCV', tag=4386717697)] for zone 1 to safety
06:40 8968  111ms   235M  945G  85/102U INFO terranbot.builds.plans.acts.zone_defense:1062 Pulling worker [Unit(name='SCV', tag=4348444673), Unit(name='SCV', tag=4347920385), Unit(name='SCV', tag=4382261249), Unit(name='SCV', tag=4390387713), Unit(name='SCV', tag=4352114689), Unit(name='SCV', tag=4383571969), Unit(name='SCV', tag=4368367617), Unit(name='SCV', tag=4375183361)] for zone 1 to safety
06:40 8972  101ms   235M  945G  85/102U INFO terranbot.builds.plans.acts.zone_defense:1062 Pulling worker [Unit(name='SCV', tag=4368891905), Unit(name='SCV', tag=4362862593), Unit(name='SCV', tag=4371513345), Unit(name='SCV', tag=4352901121), Unit(name='SCV', tag=4374396929), Unit(name='SCV', tag=4389339137), Unit(name='SCV', tag=4359979009)] for zone 1 to safety
06:40 8976   97ms   235M  945G  85/102U INFO terranbot.builds.plans.acts.zone_defense:1062 Pulling worker [Unit(name='SCV', tag=4349755393), Unit(name='SCV', tag=4387766273), Unit(name='SCV', tag=4378329089), Unit(name='SCV', tag=4354473986), Unit(name='SCV', tag=4357881857), Unit(name='SCV', tag=4349493249), Unit(name='SCV', tag=4379377665), Unit(name='SCV', tag=4370989057), Unit(name='SCV', tag=4350279681), Unit(name='SCV', tag=4386717697), Unit(name='SCV', tag=4355260417)] for zone 1 to safety
06:40 8980  120ms   235M  949G  85/102U INFO terranbot.builds.plans.acts.zone_defense:1062 Pulling worker [Unit(name='SCV', tag=4347920385), Unit(name='SCV', tag=4348444673), Unit(name='SCV', tag=4382261249), Unit(name='SCV', tag=4350803969), Unit(name='SCV', tag=4348706817), Unit(name='SCV', tag=4368367617), Unit(name='SCV', tag=4350541825), Unit(name='SCV', tag=4383571969), Unit(name='SCV', tag=4375183361), Unit(name='SCV', tag=4391960577)] for zone 1 to safety
06:41 8984   89ms   235M  949G  85/102U INFO terranbot.builds.plans.acts.zone_defense:1062 Pulling worker [Unit(name='SCV', tag=4368891905), Unit(name='SCV', tag=4352901121), Unit(name='SCV', tag=4371513345), Unit(name='SCV', tag=4372037633), Unit(name='SCV', tag=4374396929), Unit(name='SCV', tag=4389339137)] for zone 1 to safety
06:41 8988   97ms   240M  949G  85/102U INFO terranbot.builds.plans.acts.zone_defense:1062 Pulling worker [Unit(name='SCV', tag=4387766273), Unit(name='SCV', tag=4349493249), Unit(name='SCV', tag=4379377665), Unit(name='SCV', tag=4378329089), Unit(name='SCV', tag=4390387713), Unit(name='SCV', tag=4352114689), Unit(name='SCV', tag=4359979009), Unit(name='SCV', tag=4349755393), Unit(name='SCV', tag=4370989057), Unit(name='SCV', tag=4355260417)] for zone 1 to safety
06:41 8992   97ms   240M  949G  85/102U INFO terranbot.builds.plans.acts.zone_defense:1062 Pulling worker [Unit(name='SCV', tag=4347920385), Unit(name='SCV', tag=4362862593), Unit(name='SCV', tag=4348444673), Unit(name='SCV', tag=4357357570), Unit(name='SCV', tag=4350541825), Unit(name='SCV', tag=4357881857), Unit(name='SCV', tag=4391960577), Unit(name='SCV', tag=4386717697), Unit(name='SCV', tag=4350279681), Unit(name='SCV', tag=4375183361), Unit(name='SCV', tag=4383571969)] for zone 1 to safety
06:41 8996  130ms   240M  949G  85/102U INFO terranbot.builds.plans.acts.zone_defense:1062 Pulling worker [Unit(name='SCV', tag=4368891905), Unit(name='SCV', tag=4352901121), Unit(name='SCV', tag=4389339137), Unit(name='SCV', tag=4354473986), Unit(name='SCV', tag=4368367617), Unit(name='SCV', tag=4374396929), Unit(name='SCV', tag=4371513345)] for zone 1 to safety
06:41 9000   88ms   240M  953G  85/102U INFO terranbot.builds.plans.acts.zone_defense:1062 Pulling worker [Unit(name='SCV', tag=4387766273), Unit(name='SCV', tag=4379377665), Unit(name='SCV', tag=4350803969), Unit(name='SCV', tag=4390387713), Unit(name='SCV', tag=4349493249), Unit(name='SCV', tag=4349755393), Unit(name='SCV', tag=4370989057), Unit(name='SCV', tag=4372037633), Unit(name='SCV', tag=4355260417)] for zone 1 to safety
06:41 9004  110ms   240M  953G  85/102U INFO terranbot.builds.plans.acts.zone_defense:1062 Pulling worker [Unit(name='SCV', tag=4383571969), Unit(name='SCV', tag=4347920385), Unit(name='SCV', tag=4357881857), Unit(name='SCV', tag=4378329089), Unit(name='SCV', tag=4348444673), Unit(name='SCV', tag=4375183361), Unit(name='SCV', tag=4362862593), Unit(name='SCV', tag=4350279681), Unit(name='SCV', tag=4359979009)] for zone 1 to safety
06:42 9008  104ms   240M  953G  85/102U INFO terranbot.builds.plans.acts.zone_defense:1062 Pulling worker [Unit(name='SCV', tag=4368891905), Unit(name='SCV', tag=4352901121), Unit(name='SCV', tag=4389339137), Unit(name='SCV', tag=4371513345), Unit(name='SCV', tag=4354473986), Unit(name='SCV', tag=4374396929), Unit(name='SCV', tag=4386717697)] for zone 1 to safety
06:42 9012   97ms   240M  953G  85/102U INFO terranbot.builds.plans.acts.zone_defense:1062 Pulling worker [Unit(name='SCV', tag=4379377665), Unit(name='SCV', tag=4387766273), Unit(name='SCV', tag=4349493249), Unit(name='SCV', tag=4350541825), Unit(name='SCV', tag=4349755393), Unit(name='SCV', tag=4348706817), Unit(name='SCV', tag=4370989057), Unit(name='SCV', tag=4391960577), Unit(name='SCV', tag=4352114689)] for zone 1 to safety
06:42 9016  117ms   240M  953G  85/102U INFO terranbot.builds.plans.acts.zone_defense:1062 Pulling worker [Unit(name='SCV', tag=4347920385), Unit(name='SCV', tag=4357881857), Unit(name='SCV', tag=4378329089), Unit(name='SCV', tag=4375183361), Unit(name='SCV', tag=4390387713), Unit(name='SCV', tag=4357357570), Unit(name='SCV', tag=4383571969), Unit(name='SCV', tag=4350279681), Unit(name='SCV', tag=4359979009)] for zone 1 to safety
06:42 9020   92ms   245M  953G  85/102U INFO terranbot.builds.plans.acts.zone_defense:1062 Pulling worker [Unit(name='SCV', tag=4389339137), Unit(name='SCV', tag=4368891905), Unit(name='SCV', tag=4371513345), Unit(name='SCV', tag=4362862593), Unit(name='SCV', tag=4368367617), Unit(name='SCV', tag=4352901121), Unit(name='SCV', tag=4374396929)] for zone 1 to safety
06:42 9024  113ms   245M  953G  85/102U INFO terranbot.builds.plans.acts.zone_defense:1062 Pulling worker [Unit(name='SCV', tag=4387766273), Unit(name='SCV', tag=4379377665), Unit(name='SCV', tag=4350541825), Unit(name='SCV', tag=4348444673), Unit(name='SCV', tag=4349493249), Unit(name='SCV', tag=4349755393), Unit(name='SCV', tag=4348706817), Unit(name='SCV', tag=4370989057), Unit(name='SCV', tag=4391960577), Unit(name='SCV', tag=4386717697), Unit(name='SCV', tag=4355260417)] for zone 1 to safety
06:43 9028  122ms   245M  953G  85/110U INFO terranbot.builds.plans.acts.zone_defense:1062 Pulling worker [Unit(name='SCV', tag=4347920385), Unit(name='SCV', tag=4357881857), Unit(name='SCV', tag=4350279681), Unit(name='SCV', tag=4378329089), Unit(name='SCV', tag=4357357570), Unit(name='SCV', tag=4372037633), Unit(name='SCV', tag=4383571969), Unit(name='SCV', tag=4359979009), Unit(name='SCV', tag=4375183361)] for zone 1 to safety
06:43 9032   93ms   245M  953G  85/110U INFO terranbot.builds.plans.acts.zone_defense:1062 Pulling worker [Unit(name='SCV', tag=4389339137), Unit(name='SCV', tag=4368891905), Unit(name='SCV', tag=4368367617), Unit(name='SCV', tag=4371513345), Unit(name='SCV', tag=4350803969), Unit(name='SCV', tag=4352901121), Unit(name='SCV', tag=4354473986), Unit(name='SCV', tag=4352114689), Unit(name='SCV', tag=4374396929)] for zone 1 to safety
06:43 9036   99ms   245M  953G  85/110U INFO terranbot.builds.plans.acts.zone_defense:1062 Pulling worker [Unit(name='SCV', tag=4379377665), Unit(name='SCV', tag=4349493249), Unit(name='SCV', tag=4387766273), Unit(name='SCV', tag=4348444673), Unit(name='SCV', tag=4362862593), Unit(name='SCV', tag=4386717697), Unit(name='SCV', tag=4349755393), Unit(name='SCV', tag=4355260417), Unit(name='SCV', tag=4390387713), Unit(name='SCV', tag=4348706817)] for zone 1 to safety
06:43 9040  102ms   245M  953G  85/110U INFO terranbot.builds.plans.acts.zone_defense:1062 Pulling worker [Unit(name='SCV', tag=4347920385), Unit(name='SCV', tag=4350279681), Unit(name='SCV', tag=4378329089), Unit(name='SCV', tag=4350541825), Unit(name='SCV', tag=4359979009), Unit(name='SCV', tag=4370989057), Unit(name='SCV', tag=4357881857), Unit(name='SCV', tag=4375183361), Unit(name='SCV', tag=4383571969)] for zone 1 to safety
06:43 9044  123ms   250M  953G  85/110U INFO terranbot.builds.plans.acts.zone_defense:1062 Pulling worker [Unit(name='SCV', tag=4352901121), Unit(name='SCV', tag=4368891905), Unit(name='SCV', tag=4371513345), Unit(name='SCV', tag=4382261249), Unit(name='SCV', tag=4357357570), Unit(name='SCV', tag=4372037633), Unit(name='SCV', tag=4352114689), Unit(name='SCV', tag=4389339137), Unit(name='SCV', tag=4374396929), Unit(name='SCV', tag=4391960577)] for zone 1 to safety
06:43 9048  108ms   250M  957G  85/110U INFO terranbot.builds.plans.acts.zone_defense:1062 Pulling worker [Unit(name='SCV', tag=4349755393), Unit(name='SCV', tag=4349493249), Unit(name='SCV', tag=4379377665), Unit(name='SCV', tag=4387766273), Unit(name='SCV', tag=4362862593), Unit(name='SCV', tag=4368367617), Unit(name='SCV', tag=4348444673), Unit(name='SCV', tag=4355260417), Unit(name='SCV', tag=4348706817)] for zone 1 to safety
06:44 9052   94ms   250M  961G  85/110U INFO terranbot.builds.plans.acts.zone_defense:1062 Pulling worker [Unit(name='SCV', tag=4350279681), Unit(name='SCV', tag=4347920385), Unit(name='SCV', tag=4378329089), Unit(name='SCV', tag=4357881857), Unit(name='SCV', tag=4354473986), Unit(name='SCV', tag=4359979009), Unit(name='SCV', tag=4390387713), Unit(name='SCV', tag=4386717697), Unit(name='SCV', tag=4375183361), Unit(name='SCV', tag=4370989057), Unit(name='SCV', tag=4383571969)] for zone 1 to safety
06:44 9056   97ms   250M  961G  85/110U INFO terranbot.builds.plans.acts.zone_defense:1062 Pulling worker [Unit(name='SCV', tag=4391960577), Unit(name='SCV', tag=4371513345), Unit(name='SCV', tag=4372037633), Unit(name='SCV', tag=4352114689), Unit(name='SCV', tag=4350803969), Unit(name='SCV', tag=4389339137), Unit(name='SCV', tag=4352901121), Unit(name='SCV', tag=4368891905), Unit(name='SCV', tag=4374396929)] for zone 1 to safety
06:44 9060   98ms   150M  861G  85/110U INFO terranbot.builds.plans.acts.zone_defense:1062 Pulling worker [Unit(name='SCV', tag=4349493249), Unit(name='SCV', tag=4387766273), Unit(name='SCV', tag=4379377665), Unit(name='SCV', tag=4362862593), Unit(name='SCV', tag=4348444673), Unit(name='SCV', tag=4357357570), Unit(name='SCV', tag=4355260417), Unit(name='SCV', tag=4349755393), Unit(name='SCV', tag=4350541825)] for zone 1 to safety
06:44 9064  102ms   150M  861G  87/110U INFO terranbot.builds.plans.acts.zone_defense:1062 Pulling worker [Unit(name='SCV', tag=4350279681), Unit(name='SCV', tag=4347920385), Unit(name='SCV', tag=4359979009), Unit(name='SCV', tag=4354473986), Unit(name='SCV', tag=4378329089), Unit(name='SCV', tag=4383571969), Unit(name='SCV', tag=4390387713), Unit(name='SCV', tag=4348706817), Unit(name='SCV', tag=4370989057), Unit(name='SCV', tag=4375183361)] for zone 1 to safety
06:44 9068   92ms   150M  861G  87/110U INFO terranbot.builds.plans.acts.zone_defense:1062 Pulling worker [Unit(name='SCV', tag=4391960577), Unit(name='SCV', tag=4352901121), Unit(name='SCV', tag=4382261249), Unit(name='SCV', tag=4374396929), Unit(name='SCV', tag=4368891905), Unit(name='SCV', tag=4389339137), Unit(name='SCV', tag=4386717697)] for zone 1 to safety
06:45 9072  102ms     0M  761G  87/110U INFO terranbot.builds.plans.acts.zone_defense:1062 Pulling worker [Unit(name='SCV', tag=4379377665), Unit(name='SCV', tag=4387766273), Unit(name='SCV', tag=4362862593), Unit(name='SCV', tag=4350803969), Unit(name='SCV', tag=4348444673), Unit(name='SCV', tag=4357881857), Unit(name='SCV', tag=4349755393), Unit(name='SCV', tag=4349493249), Unit(name='SCV', tag=4355260417), Unit(name='SCV', tag=4350541825), Unit(name='SCV', tag=4357357570)] for zone 1 to safety
06:45 9076  122ms     0M  761G  90/110U INFO terranbot.builds.plans.acts.zone_defense:1062 Pulling worker [Unit(name='SCV', tag=4347920385), Unit(name='SCV', tag=4350279681), Unit(name='SCV', tag=4390387713), Unit(name='SCV', tag=4383571969), Unit(name='SCV', tag=4378329089), Unit(name='SCV', tag=4368367617), Unit(name='SCV', tag=4375183361), Unit(name='SCV', tag=4370989057)] for zone 1 to safety
06:45 9080   83ms     0M  765G  90/110U INFO terranbot.builds.plans.acts.zone_defense:1062 Pulling worker [Unit(name='SCV', tag=4352901121), Unit(name='SCV', tag=4352114689), Unit(name='SCV', tag=4391960577), Unit(name='SCV', tag=4382261249), Unit(name='SCV', tag=4354473986), Unit(name='SCV', tag=4368891905), Unit(name='SCV', tag=4359979009), Unit(name='SCV', tag=4372037633), Unit(name='SCV', tag=4389339137), Unit(name='SCV', tag=4348706817)] for zone 1 to safety
06:45 9084   96ms     0M  769G  90/110U INFO terranbot.builds.plans.acts.zone_defense:1062 Pulling worker [Unit(name='SCV', tag=4387766273), Unit(name='SCV', tag=4379377665), Unit(name='SCV', tag=4362862593), Unit(name='SCV', tag=4374396929), Unit(name='SCV', tag=4357881857), Unit(name='SCV', tag=4349755393), Unit(name='SCV', tag=4349493249), Unit(name='SCV', tag=4355260417), Unit(name='SCV', tag=4386717697)] for zone 1 to safety
06:45 9088  112ms     5M  769G  90/110U INFO terranbot.builds.plans.acts.zone_defense:1062 Pulling worker [Unit(name='SCV', tag=4350279681), Unit(name='SCV', tag=4378329089), Unit(name='SCV', tag=4390387713), Unit(name='SCV', tag=4348444673), Unit(name='SCV', tag=4383571969), Unit(name='SCV', tag=4347920385), Unit(name='SCV', tag=4357357570), Unit(name='SCV', tag=4350541825), Unit(name='SCV', tag=4368367617), Unit(name='SCV', tag=4375183361)] for zone 1 to safety
06:45 9092  132ms     5M  769G  90/110U INFO terranbot.builds.plans.acts.zone_defense:1062 Pulling worker [Unit(name='SCV', tag=4352901121), Unit(name='SCV', tag=4359979009), Unit(name='SCV', tag=4372037633), Unit(name='SCV', tag=4368891905), Unit(name='SCV', tag=4348706817), Unit(name='SCV', tag=4370989057), Unit(name='SCV', tag=4389339137)] for zone 1 to safety
06:46 9096   85ms     5M  769G  90/110U INFO terranbot.builds.plans.acts.zone_defense:1062 Pulling worker [Unit(name='SCV', tag=4387766273), Unit(name='SCV', tag=4352114689), Unit(name='SCV', tag=4362862593), Unit(name='SCV', tag=4350803969), Unit(name='SCV', tag=4354473986), Unit(name='SCV', tag=4391960577), Unit(name='SCV', tag=4349755393), Unit(name='SCV', tag=4349493249), Unit(name='SCV', tag=4379377665), Unit(name='SCV', tag=4355260417)] for zone 1 to safety
06:46 9100   94ms     5M  769G  90/110U INFO terranbot.builds.plans.acts.zone_defense:1062 Pulling worker [Unit(name='SCV', tag=4350279681), Unit(name='SCV', tag=4390387713), Unit(name='SCV', tag=4357881857), Unit(name='SCV', tag=4382261249), Unit(name='SCV', tag=4348444673), Unit(name='SCV', tag=4347920385), Unit(name='SCV', tag=4378329089), Unit(name='SCV', tag=4383571969), Unit(name='SCV', tag=4386717697), Unit(name='SCV', tag=4375183361)] for zone 1 to safety
06:46 9104  103ms     5M  769G  90/110U INFO terranbot.builds.plans.acts.zone_defense:1062 Pulling worker [Unit(name='SCV', tag=4372037633), Unit(name='SCV', tag=4352901121), Unit(name='SCV', tag=4359979009), Unit(name='SCV', tag=4368891905), Unit(name='SCV', tag=4370989057), Unit(name='SCV', tag=4348706817), Unit(name='SCV', tag=4357357570), Unit(name='SCV', tag=4368367617), Unit(name='SCV', tag=4389339137)] for zone 1 to safety
06:46 9108  198ms     5M  769G  90/110U INFO terranbot.builds.plans.acts.zone_defense:1062 Pulling worker [Unit(name='SCV', tag=4349493249), Unit(name='SCV', tag=4379377665), Unit(name='SCV', tag=4387766273), Unit(name='SCV', tag=4362862593), Unit(name='SCV', tag=4350803969), Unit(name='SCV', tag=4349755393), Unit(name='SCV', tag=4352114689), Unit(name='SCV', tag=4350541825)] for zone 1 to safety
06:46 9112   86ms     5M  769G  90/110U INFO terranbot.builds.plans.acts.zone_defense:1062 Pulling worker [Unit(name='SCV', tag=4350279681), Unit(name='SCV', tag=4390387713), Unit(name='SCV', tag=4371513345), Unit(name='SCV', tag=4348444673), Unit(name='SCV', tag=4354473986), Unit(name='SCV', tag=4347920385), Unit(name='SCV', tag=4378329089), Unit(name='SCV', tag=4382261249), Unit(name='SCV', tag=4355260417), Unit(name='SCV', tag=4386717697), Unit(name='SCV', tag=4383571969)] for zone 1 to safety
06:46 9116  100ms     5M  769G  90/110U INFO terranbot.builds.plans.acts.zone_defense:1062 Pulling worker [Unit(name='SCV', tag=4372037633), Unit(name='SCV', tag=4370989057), Unit(name='SCV', tag=4352901121), Unit(name='SCV', tag=4391960577), Unit(name='SCV', tag=4374396929), Unit(name='SCV', tag=4359979009), Unit(name='SCV', tag=4389339137), Unit(name='SCV', tag=4368891905), Unit(name='SCV', tag=4368367617), Unit(name='SCV', tag=4348706817), Unit(name='SCV', tag=4375183361), Unit(name='SCV', tag=4357357570)] for zone 1 to safety
06:47 9120   95ms     5M  769G  90/110U INFO terranbot.builds.plans.acts.zone_defense:1062 Pulling worker [Unit(name='SCV', tag=4387766273), Unit(name='SCV', tag=4349493249), Unit(name='SCV', tag=4350803969), Unit(name='SCV', tag=4362862593), Unit(name='SCV', tag=4379377665), Unit(name='SCV', tag=4352114689), Unit(name='SCV', tag=4350541825)] for zone 1 to safety
06:47 9124  106ms     5M  769G  90/110U INFO terranbot.builds.plans.acts.zone_defense:1062 Pulling worker [Unit(name='SCV', tag=4350279681), Unit(name='SCV', tag=4390387713), Unit(name='SCV', tag=4348444673), Unit(name='SCV', tag=4357881857), Unit(name='SCV', tag=4355260417), Unit(name='SCV', tag=4354473986), Unit(name='SCV', tag=4383571969), Unit(name='SCV', tag=4378329089), Unit(name='SCV', tag=4347920385), Unit(name='SCV', tag=4382261249), Unit(name='SCV', tag=4386717697)] for zone 1 to safety
06:47 9128  112ms     5M  769G  90/110U INFO terranbot.builds.plans.acts.zone_defense:1062 Pulling worker [Unit(name='SCV', tag=4370989057), Unit(name='SCV', tag=4368891905), Unit(name='SCV', tag=4372037633), Unit(name='SCV', tag=4368367617), Unit(name='SCV', tag=4391960577), Unit(name='SCV', tag=4349755393), Unit(name='SCV', tag=4348706817), Unit(name='SCV', tag=4359979009), Unit(name='SCV', tag=4357357570), Unit(name='SCV', tag=4375183361)] for zone 1 to safety
06:47 9132  107ms     5M  769G  90/110U INFO terranbot.builds.plans.acts.zone_defense:1062 Pulling worker [Unit(name='SCV', tag=4387766273), Unit(name='SCV', tag=4349493249), Unit(name='SCV', tag=4352901121), Unit(name='SCV', tag=4389339137), Unit(name='SCV', tag=4350803969), Unit(name='SCV', tag=4371513345), Unit(name='SCV', tag=4362862593), Unit(name='SCV', tag=4350541825), Unit(name='SCV', tag=4352114689), Unit(name='SCV', tag=4379377665)] for zone 1 to safety
06:47 9136  107ms     5M  773G  90/110U INFO terranbot.builds.plans.acts.zone_defense:1062 Pulling worker [Unit(name='SCV', tag=4383571969), Unit(name='SCV', tag=4350279681), Unit(name='SCV', tag=4390387713), Unit(name='SCV', tag=4354473986), Unit(name='SCV', tag=4347920385), Unit(name='SCV', tag=4378329089), Unit(name='SCV', tag=4382261249)] for zone 1 to safety
06:48 9140   97ms     5M  773G  90/110U INFO terranbot.builds.plans.acts.zone_defense:1062 Pulling worker [Unit(name='SCV', tag=4372037633), Unit(name='SCV', tag=4368891905), Unit(name='SCV', tag=4348706817), Unit(name='SCV', tag=4391960577), Unit(name='SCV', tag=4374396929), Unit(name='SCV', tag=4368367617), Unit(name='SCV', tag=4349755393), Unit(name='SCV', tag=4370989057), Unit(name='SCV', tag=4355260417), Unit(name='SCV', tag=4375183361), Unit(name='SCV', tag=4386717697)] for zone 1 to safety
06:48 9144  106ms    10M  777G  90/110U INFO terranbot.builds.plans.acts.zone_defense:1062 Pulling worker [Unit(name='SCV', tag=4349493249), Unit(name='SCV', tag=4387766273), Unit(name='SCV', tag=4362862593), Unit(name='SCV', tag=4371513345), Unit(name='SCV', tag=4379377665), Unit(name='SCV', tag=4357881857), Unit(name='SCV', tag=4350541825)] for zone 1 to safety
06:48 9148   86ms    10M  777G  90/110U INFO terranbot.builds.plans.acts.zone_defense:1062 Pulling worker [Unit(name='SCV', tag=4350279681), Unit(name='SCV', tag=4383571969), Unit(name='SCV', tag=4359979009), Unit(name='SCV', tag=4390387713), Unit(name='SCV', tag=4347920385), Unit(name='SCV', tag=4378329089), Unit(name='SCV', tag=4348444673), Unit(name='SCV', tag=4352114689), Unit(name='SCV', tag=4389339137)] for zone 1 to safety
06:48 9152   84ms    10M  777G  90/110U INFO terranbot.builds.plans.acts.zone_defense:1062 Pulling worker [Unit(name='SCV', tag=4368891905), Unit(name='SCV', tag=4348706817), Unit(name='SCV', tag=4370989057), Unit(name='SCV', tag=4354473986), Unit(name='SCV', tag=4350803969), Unit(name='SCV', tag=4391960577), Unit(name='SCV', tag=4355260417), Unit(name='SCV', tag=4372037633), Unit(name='SCV', tag=4357357570)] for zone 1 to safety
06:48 9156  112ms    10M  777G  90/110U INFO terranbot.builds.plans.acts.zone_defense:1062 Pulling worker [Unit(name='SCV', tag=4387766273), Unit(name='SCV', tag=4349493249), Unit(name='SCV', tag=4371513345), Unit(name='SCV', tag=4352901121), Unit(name='SCV', tag=4368367617), Unit(name='SCV', tag=4382261249), Unit(name='SCV', tag=4349755393), Unit(name='SCV', tag=4362862593), Unit(name='SCV', tag=4379377665), Unit(name='SCV', tag=4386717697), Unit(name='SCV', tag=4350541825), Unit(name='SCV', tag=4357881857), Unit(name='SCV', tag=4375183361)] for zone 1 to safety
06:48 9160  116ms    10M  777G  90/110U INFO terranbot.builds.plans.acts.zone_defense:1062 Pulling worker [Unit(name='SCV', tag=4383571969), Unit(name='SCV', tag=4350279681), Unit(name='SCV', tag=4352114689), Unit(name='SCV', tag=4354736129), Unit(name='SCV', tag=4390387713), Unit(name='SCV', tag=4378329089), Unit(name='SCV', tag=4348444673), Unit(name='SCV', tag=4347920385)] for zone 1 to safety
06:49 9164   95ms    10M  777G  90/110U INFO terranbot.builds.plans.acts.zone_defense:1062 Pulling worker [Unit(name='SCV', tag=4368891905), Unit(name='SCV', tag=4348706817), Unit(name='SCV', tag=4370989057), Unit(name='SCV', tag=4389339137), Unit(name='SCV', tag=4374396929), Unit(name='SCV', tag=4355260417), Unit(name='SCV', tag=4357357570), Unit(name='SCV', tag=4372037633)] for zone 1 to safety
06:49 9168  113ms    15M  777G  90/110U INFO terranbot.builds.plans.acts.zone_defense:1062 Pulling worker [Unit(name='SCV', tag=4349493249), Unit(name='SCV', tag=4387766273), Unit(name='SCV', tag=4382261249), Unit(name='SCV', tag=4349755393), Unit(name='SCV', tag=4371513345), Unit(name='SCV', tag=4379377665), Unit(name='SCV', tag=4362862593), Unit(name='SCV', tag=4386717697), Unit(name='SCV', tag=4375183361), Unit(name='SCV', tag=4357881857)] for zone 1 to safety
06:49 9172  107ms    15M  781G  90/110U INFO terranbot.builds.plans.acts.zone_defense:1062 Pulling worker [Unit(name='SCV', tag=4383571969), Unit(name='SCV', tag=4350279681), Unit(name='SCV', tag=4352114689), Unit(name='SCV', tag=4368367617), Unit(name='SCV', tag=4352901121), Unit(name='SCV', tag=4359979009), Unit(name='SCV', tag=4378329089), Unit(name='SCV', tag=4390387713), Unit(name='SCV', tag=4347920385)] for zone 1 to safety
06:49 9176  100ms    15M  781G  90/110U INFO terranbot.builds.plans.acts.zone_defense:1062 Pulling worker [Unit(name='SCV', tag=4368891905), Unit(name='SCV', tag=4370989057), Unit(name='SCV', tag=4374396929), Unit(name='SCV', tag=4348444673), Unit(name='SCV', tag=4354473986), Unit(name='SCV', tag=4355260417), Unit(name='SCV', tag=4357357570), Unit(name='SCV', tag=4372037633)] for zone 1 to safety
06:49 9180  100ms    15M  785G  90/110U INFO terranbot.builds.plans.acts.zone_defense:1062 Pulling worker [Unit(name='SCV', tag=4379377665), Unit(name='SCV', tag=4387766273), Unit(name='SCV', tag=4349493249), Unit(name='SCV', tag=4362862593), Unit(name='SCV', tag=4382261249), Unit(name='SCV', tag=4348706817), Unit(name='SCV', tag=4371513345), Unit(name='SCV', tag=4350541825), Unit(name='SCV', tag=4389339137), Unit(name='SCV', tag=4375183361)] for zone 1 to safety
06:50 9184  114ms    15M  785G  90/110U INFO terranbot.activity.location_modifiers:130 unit_to_place_beside: Unit(name='Barracks', tag=4380164097) - unit_to_place_beside.type_id=UnitTypeId.BARRACKS - position=(41.5, 63.5)
06:50 9184  114ms    15M  785G  90/110U INFO terranbot.builds.plans.acts.zone_defense:1062 Pulling worker [Unit(name='SCV', tag=4350279681), Unit(name='SCV', tag=4390387713), Unit(name='SCV', tag=4368367617), Unit(name='SCV', tag=4349755393), Unit(name='SCV', tag=4354736129), Unit(name='SCV', tag=4359979009), Unit(name='SCV', tag=4383571969), Unit(name='SCV', tag=4378329089), Unit(name='SCV', tag=4357881857), Unit(name='SCV', tag=4386717697), Unit(name='SCV', tag=4347920385)] for zone 1 to safety
06:50 9188  112ms    15M  785G  90/110U INFO terranbot.activity.location_modifiers:130 unit_to_place_beside: Unit(name='Barracks', tag=4378066945) - unit_to_place_beside.type_id=UnitTypeId.BARRACKS - position=(48.5, 63.5)
06:50 9188  112ms    15M  785G  90/110U INFO terranbot.builds.plans.acts.zone_defense:1062 Pulling worker [Unit(name='SCV', tag=4368891905), Unit(name='SCV', tag=4370989057), Unit(name='SCV', tag=4352114689), Unit(name='SCV', tag=4354473986), Unit(name='SCV', tag=4350803969), Unit(name='SCV', tag=4355260417), Unit(name='SCV', tag=4372037633), Unit(name='SCV', tag=4352901121)] for zone 1 to safety
06:50 9192  116ms    15M  785G  90/110U INFO terranbot.builds.plans.acts.zone_defense:1062 Pulling worker [Unit(name='SCV', tag=4349493249), Unit(name='SCV', tag=4387766273), Unit(name='SCV', tag=4379377665), Unit(name='SCV', tag=4350541825), Unit(name='SCV', tag=4371513345), Unit(name='SCV', tag=4362862593), Unit(name='SCV', tag=4375183361), Unit(name='SCV', tag=4389339137)] for zone 1 to safety
06:50 9196   88ms    15M  785G  90/110U INFO terranbot.builds.plans.acts.zone_defense:1062 Pulling worker [Unit(name='SCV', tag=4350279681), Unit(name='SCV', tag=4382261249), Unit(name='SCV', tag=4368367617), Unit(name='SCV', tag=4359979009), Unit(name='SCV', tag=4349755393), Unit(name='SCV', tag=4390387713), Unit(name='SCV', tag=4383571969), Unit(name='SCV', tag=4347920385), Unit(name='SCV', tag=4378329089), Unit(name='SCV', tag=4357881857)] for zone 1 to safety
06:50 9200   98ms    15M  785G  90/110U INFO terranbot.builds.plans.acts.zone_defense:1062 Pulling worker [Unit(name='SCV', tag=4370989057), Unit(name='SCV', tag=4355260417), Unit(name='SCV', tag=4352901121), Unit(name='SCV', tag=4348444673), Unit(name='SCV', tag=4348706817), Unit(name='SCV', tag=4368891905), Unit(name='SCV', tag=4386717697), Unit(name='SCV', tag=4357357570)] for zone 1 to safety
06:50 9204  115ms    15M  785G  90/110U INFO terranbot.builds.plans.acts.zone_defense:1062 Pulling worker [Unit(name='SCV', tag=4349493249), Unit(name='SCV', tag=4362862593), Unit(name='SCV', tag=4387766273), Unit(name='SCV', tag=4379377665), Unit(name='SCV', tag=4350541825), Unit(name='SCV', tag=4352114689), Unit(name='SCV', tag=4371513345), Unit(name='SCV', tag=4354736129), Unit(name='SCV', tag=4375183361)] for zone 1 to safety
06:51 9208  110ms    15M  785G  90/110U INFO terranbot.builds.plans.acts.zone_defense:1062 Pulling worker [Unit(name='SCV', tag=4350279681), Unit(name='SCV', tag=4349755393), Unit(name='SCV', tag=4390387713), Unit(name='SCV', tag=4372037633), Unit(name='SCV', tag=4350803969), Unit(name='SCV', tag=4359979009), Unit(name='SCV', tag=4383571969), Unit(name='SCV', tag=4378329089), Unit(name='SCV', tag=4357881857), Unit(name='SCV', tag=4389339137), Unit(name='SCV', tag=4347920385)] for zone 1 to safety
06:51 9212  103ms    15M  785G  90/110U INFO terranbot.builds.plans.acts.zone_defense:1062 Pulling worker [Unit(name='SCV', tag=4355260417), Unit(name='SCV', tag=4382261249), Unit(name='SCV', tag=4370989057), Unit(name='SCV', tag=4348706817), Unit(name='SCV', tag=4368367617), Unit(name='SCV', tag=4368891905), Unit(name='SCV', tag=4386717697)] for zone 1 to safety
06:51 9216  100ms    15M  785G  90/110U INFO terranbot.builds.plans.acts.zone_defense:1062 Pulling worker [Unit(name='SCV', tag=4349493249), Unit(name='SCV', tag=4379377665), Unit(name='SCV', tag=4371513345), Unit(name='SCV', tag=4387766273), Unit(name='SCV', tag=4362862593), Unit(name='SCV', tag=4350541825), Unit(name='SCV', tag=4348444673), Unit(name='SCV', tag=4354736129), Unit(name='SCV', tag=4375183361), Unit(name='SCV', tag=4357357570)] for zone 1 to safety
06:51 9220  137ms    15M  785G  90/110U INFO terranbot.builds.plans.acts.zone_defense:1062 Pulling worker [Unit(name='SCV', tag=4390387713), Unit(name='SCV', tag=4359979009), Unit(name='SCV', tag=4354473986), Unit(name='SCV', tag=4352901121), Unit(name='SCV', tag=4383571969), Unit(name='SCV', tag=4349755393), Unit(name='SCV', tag=4350279681), Unit(name='SCV', tag=4347920385), Unit(name='SCV', tag=4389339137)] for zone 1 to safety
06:51 9224  109ms    15M  789G  90/110U INFO sharpy.managers.core.log_manager:80 [GameAnalyzer] Predicted army advantage is now Even
06:51 9224  109ms    15M  789G  90/110U INFO terranbot.builds.plans.acts.zone_defense:1062 Pulling worker [Unit(name='SCV', tag=4382261249), Unit(name='SCV', tag=4350803969), Unit(name='SCV', tag=4352114689), Unit(name='SCV', tag=4355260417), Unit(name='SCV', tag=4368891905), Unit(name='SCV', tag=4378329089), Unit(name='SCV', tag=4386717697), Unit(name='SCV', tag=4348706817)] for zone 1 to safety
06:51 9228  107ms    15M  789G  90/110U INFO terranbot.builds.plans.acts.zone_defense:1062 Pulling worker [Unit(name='SCV', tag=4349493249), Unit(name='SCV', tag=4379377665), Unit(name='SCV', tag=4387766273), Unit(name='SCV', tag=4357357570), Unit(name='SCV', tag=4350541825), Unit(name='SCV', tag=4372037633), Unit(name='SCV', tag=4370989057), Unit(name='SCV', tag=4368367617), Unit(name='SCV', tag=4348444673), Unit(name='SCV', tag=4371513345), Unit(name='SCV', tag=4375183361), Unit(name='SCV', tag=4362862593)] for zone 1 to safety
06:52 9232  119ms    15M  789G  90/110U INFO terranbot.builds.plans.acts.zone_defense:1062 Pulling worker [Unit(name='SCV', tag=4350279681), Unit(name='SCV', tag=4359979009), Unit(name='SCV', tag=4354736129), Unit(name='SCV', tag=4357881857), Unit(name='SCV', tag=4383571969), Unit(name='SCV', tag=4349755393), Unit(name='SCV', tag=4347920385), Unit(name='SCV', tag=4389339137)] for zone 1 to safety
06:52 9236  115ms    15M  789G  90/110U INFO terranbot.builds.plans.acts.zone_defense:1062 Pulling worker [Unit(name='SCV', tag=4382261249), Unit(name='SCV', tag=4374396929), Unit(name='SCV', tag=4355260417), Unit(name='SCV', tag=4390387713), Unit(name='SCV', tag=4352901121), Unit(name='SCV', tag=4368891905), Unit(name='SCV', tag=4386717697), Unit(name='SCV', tag=4378329089), Unit(name='SCV', tag=4348706817)] for zone 1 to safety
06:52 9240  102ms    15M  789G  90/110U INFO terranbot.builds.plans.acts.zone_defense:1062 Pulling worker [Unit(name='SCV', tag=4349493249), Unit(name='SCV', tag=4379377665), Unit(name='SCV', tag=4387766273), Unit(name='SCV', tag=4362862593), Unit(name='SCV', tag=4350541825), Unit(name='SCV', tag=4370989057), Unit(name='SCV', tag=4357357570), Unit(name='SCV', tag=4375183361), Unit(name='SCV', tag=4371513345), Unit(name='SCV', tag=4348444673), Unit(name='SCV', tag=4352114689)] for zone 1 to safety
06:52 9244  116ms    15M  789G  90/110U INFO terranbot.builds.plans.acts.zone_defense:1062 Pulling worker [Unit(name='SCV', tag=4383571969), Unit(name='SCV', tag=4357881857), Unit(name='SCV', tag=4354473986), Unit(name='SCV', tag=4350279681), Unit(name='SCV', tag=4349755393), Unit(name='SCV', tag=4347920385), Unit(name='SCV', tag=4354736129)] for zone 1 to safety
06:52 9248  105ms    15M  789G  90/110U INFO terranbot.builds.plans.acts.zone_defense:1062 Pulling worker [Unit(name='SCV', tag=4390387713), Unit(name='SCV', tag=4382261249), Unit(name='SCV', tag=4350803969), Unit(name='SCV', tag=4348706817), Unit(name='SCV', tag=4389339137), Unit(name='SCV', tag=4352901121), Unit(name='SCV', tag=4368891905), Unit(name='SCV', tag=4368367617), Unit(name='SCV', tag=4386717697), Unit(name='SCV', tag=4378329089)] for zone 1 to safety
06:53 9252  109ms    15M  789G  90/110U INFO terranbot.builds.plans.acts.zone_defense:1062 Pulling worker [Unit(name='SCV', tag=4349493249), Unit(name='SCV', tag=4362862593), Unit(name='SCV', tag=4372037633), Unit(name='SCV', tag=4370989057), Unit(name='SCV', tag=4350541825), Unit(name='SCV', tag=4359979009), Unit(name='SCV', tag=4355260417), Unit(name='SCV', tag=4379377665), Unit(name='SCV', tag=4387766273), Unit(name='SCV', tag=4352114689), Unit(name='SCV', tag=4357357570), Unit(name='SCV', tag=4371513345), Unit(name='SCV', tag=4348444673)] for zone 1 to safety
06:53 9256  114ms    15M  793G  90/110U INFO terranbot.builds.plans.acts.zone_defense:1062 Pulling worker [Unit(name='SCV', tag=4383571969), Unit(name='SCV', tag=4350279681), Unit(name='SCV', tag=4354473986), Unit(name='SCV', tag=4375183361), Unit(name='SCV', tag=4357881857), Unit(name='SCV', tag=4354736129), Unit(name='SCV', tag=4349755393)] for zone 1 to safety
06:53 9260   79ms    15M  793G  90/110U INFO terranbot.builds.plans.acts.zone_defense:1062 Pulling worker [Unit(name='SCV', tag=4352901121), Unit(name='SCV', tag=4382261249), Unit(name='SCV', tag=4374396929), Unit(name='SCV', tag=4390387713), Unit(name='SCV', tag=4347920385), Unit(name='SCV', tag=4350803969), Unit(name='SCV', tag=4368891905), Unit(name='SCV', tag=4368367617), Unit(name='SCV', tag=4378329089)] for zone 1 to safety
06:53 9264   89ms    15M  793G  90/110U INFO terranbot.builds.plans.acts.zone_defense:1062 Pulling worker [Unit(name='SCV', tag=4349493249), Unit(name='SCV', tag=4362862593), Unit(name='SCV', tag=4379377665), Unit(name='SCV', tag=4357357570), Unit(name='SCV', tag=4355260417), Unit(name='SCV', tag=4352114689), Unit(name='SCV', tag=4387766273), Unit(name='SCV', tag=4371513345), Unit(name='SCV', tag=4389339137), Unit(name='SCV', tag=4386717697)] for zone 1 to safety
06:53 9268  108ms    20M  793G  90/110U INFO terranbot.builds.plans.acts.zone_defense:1062 Pulling worker [Unit(name='SCV', tag=4383571969), Unit(name='SCV', tag=4350279681), Unit(name='SCV', tag=4354473986), Unit(name='SCV', tag=4350541825), Unit(name='SCV', tag=4354736129), Unit(name='SCV', tag=4349755393), Unit(name='SCV', tag=4348706817)] for zone 1 to safety
06:53 9272  115ms    20M  793G  90/110U INFO terranbot.builds.plans.acts.zone_defense:1062 Pulling worker [Unit(name='SCV', tag=4382261249), Unit(name='SCV', tag=4378329089), Unit(name='SCV', tag=4350803969), Unit(name='SCV', tag=4368891905), Unit(name='SCV', tag=4352901121), Unit(name='SCV', tag=4359979009)] for zone 1 to safety
06:54 9276  105ms    20M  793G  90/110U INFO terranbot.builds.plans.acts.zone_defense:1062 Pulling worker [Unit(name='SCV', tag=4349493249), Unit(name='SCV', tag=4362862593), Unit(name='SCV', tag=4348444673), Unit(name='SCV', tag=4374396929), Unit(name='SCV', tag=4370989057), Unit(name='SCV', tag=4379377665), Unit(name='SCV', tag=4367319041), Unit(name='SCV', tag=4352114689), Unit(name='SCV', tag=4357881857), Unit(name='SCV', tag=4387766273), Unit(name='SCV', tag=4386717697), Unit(name='SCV', tag=4347920385)] for zone 1 to safety
06:54 9280  110ms    20M  797G  90/110U INFO terranbot.builds.plans.acts.zone_defense:1062 Pulling worker [Unit(name='SCV', tag=4383571969), Unit(name='SCV', tag=4354473986), Unit(name='SCV', tag=4348706817), Unit(name='SCV', tag=4354736129), Unit(name='SCV', tag=4372037633), Unit(name='SCV', tag=4357357570), Unit(name='SCV', tag=4350279681), Unit(name='SCV', tag=4349755393), Unit(name='SCV', tag=4389339137), Unit(name='SCV', tag=4368367617)] for zone 1 to safety
06:54 9284  128ms    25M  797G  90/110U INFO terranbot.builds.plans.acts.zone_defense:1062 Pulling worker [Unit(name='SCV', tag=4382261249), Unit(name='SCV', tag=4378329089), Unit(name='SCV', tag=4390387713), Unit(name='SCV', tag=4350803969), Unit(name='SCV', tag=4352901121), Unit(name='SCV', tag=4368891905), Unit(name='SCV', tag=4371513345)] for zone 1 to safety
06:54 9288   94ms    25M  797G  90/110U INFO terranbot.builds.plans.acts.zone_defense:1062 Pulling worker [Unit(name='SCV', tag=4349493249), Unit(name='SCV', tag=4352114689), Unit(name='SCV', tag=4374396929), Unit(name='SCV', tag=4355260417), Unit(name='SCV', tag=4362862593), Unit(name='SCV', tag=4357881857), Unit(name='SCV', tag=4379377665), Unit(name='SCV', tag=4387766273), Unit(name='SCV', tag=4359979009), Unit(name='SCV', tag=4386717697)] for zone 1 to safety
06:54 9292  110ms    25M  797G  90/110U INFO terranbot.builds.plans.acts.zone_defense:1062 Pulling worker [Unit(name='SCV', tag=4354473986), Unit(name='SCV', tag=4349755393), Unit(name='SCV', tag=4368367617), Unit(name='SCV', tag=4350541825), Unit(name='SCV', tag=4370989057), Unit(name='SCV', tag=4350279681), Unit(name='SCV', tag=4383571969), Unit(name='SCV', tag=4389339137), Unit(name='SCV', tag=4347920385)] for zone 1 to safety
06:55 9296   95ms    25M  797G  90/110U INFO terranbot.builds.plans.acts.zone_defense:1062 Pulling worker [Unit(name='SCV', tag=4378329089), Unit(name='SCV', tag=4390387713), Unit(name='SCV', tag=4350803969), Unit(name='SCV', tag=4357357570), Unit(name='SCV', tag=4348706817), Unit(name='SCV', tag=4371513345), Unit(name='SCV', tag=4348444673), Unit(name='SCV', tag=4352901121), Unit(name='SCV', tag=4382261249), Unit(name='SCV', tag=4368891905)] for zone 1 to safety
06:55 9300  126ms    25M  797G  90/110U INFO terranbot.builds.plans.acts.zone_defense:1062 Pulling worker [Unit(name='SCV', tag=4352114689), Unit(name='SCV', tag=4379377665), Unit(name='SCV', tag=4349493249), Unit(name='SCV', tag=4387766273), Unit(name='SCV', tag=4367319041), Unit(name='SCV', tag=4374396929), Unit(name='SCV', tag=4359979009), Unit(name='SCV', tag=4386717697), Unit(name='SCV', tag=4357881857)] for zone 1 to safety
06:55 9304  104ms    25M  797G  90/110U INFO terranbot.builds.plans.acts.zone_defense:1062 Pulling worker [Unit(name='SCV', tag=4370989057), Unit(name='SCV', tag=4349755393), Unit(name='SCV', tag=4354473986), Unit(name='SCV', tag=4372037633), Unit(name='SCV', tag=4389339137), Unit(name='SCV', tag=4355260417), Unit(name='SCV', tag=4354736129), Unit(name='SCV', tag=4350279681), Unit(name='SCV', tag=4368367617), Unit(name='SCV', tag=4347920385), Unit(name='SCV', tag=4383571969)] for zone 1 to safety
06:55 9308  102ms    25M  797G  90/110U INFO terranbot.builds.plans.acts.zone_defense:1062 Pulling worker [Unit(name='SCV', tag=4378329089), Unit(name='SCV', tag=4390387713), Unit(name='SCV', tag=4368891905), Unit(name='SCV', tag=4350803969), Unit(name='SCV', tag=4348444673), Unit(name='SCV', tag=4352901121), Unit(name='SCV', tag=4348706817), Unit(name='SCV', tag=4382261249)] for zone 1 to safety
06:55 9312  107ms    25M  801G  90/110U INFO terranbot.builds.plans.acts.zone_defense:1062 Pulling worker [Unit(name='SCV', tag=4349493249), Unit(name='SCV', tag=4379377665), Unit(name='SCV', tag=4359979009), Unit(name='SCV', tag=4374396929), Unit(name='SCV', tag=4350541825), Unit(name='SCV', tag=4371513345), Unit(name='SCV', tag=4357357570), Unit(name='SCV', tag=4386717697), Unit(name='SCV', tag=4352114689), Unit(name='SCV', tag=4362862593), Unit(name='SCV', tag=4357881857)] for zone 1 to safety
06:55 9316  137ms    25M  801G  90/110U INFO terranbot.builds.plans.acts.zone_defense:1062 Pulling worker [Unit(name='SCV', tag=4370989057), Unit(name='SCV', tag=4349755393), Unit(name='SCV', tag=4354736129), Unit(name='SCV', tag=4387766273), Unit(name='SCV', tag=4367319041), Unit(name='SCV', tag=4347920385), Unit(name='SCV', tag=4389339137), Unit(name='SCV', tag=4350279681), Unit(name='SCV', tag=4383571969), Unit(name='SCV', tag=4368367617)] for zone 1 to safety
06:56 9320   98ms    25M  801G  90/110U INFO terranbot.builds.plans.acts.zone_defense:1062 Pulling worker [Unit(name='SCV', tag=4390387713), Unit(name='SCV', tag=4378329089), Unit(name='SCV', tag=4368891905), Unit(name='SCV', tag=4382261249), Unit(name='SCV', tag=4350803969), Unit(name='SCV', tag=4352901121), Unit(name='SCV', tag=4348706817), Unit(name='SCV', tag=4355260417), Unit(name='SCV', tag=4348444673)] for zone 1 to safety
06:56 9324   90ms    30M  805G  90/110U INFO terranbot.builds.plans.acts.zone_defense:1062 Pulling worker [Unit(name='SCV', tag=4359979009), Unit(name='SCV', tag=4357881857), Unit(name='SCV', tag=4352114689), Unit(name='SCV', tag=4349493249), Unit(name='SCV', tag=4379377665), Unit(name='SCV', tag=4357357570), Unit(name='SCV', tag=4372037633), Unit(name='SCV', tag=4371513345), Unit(name='SCV', tag=4354473986), Unit(name='SCV', tag=4362862593), Unit(name='SCV', tag=4374396929)] for zone 1 to safety
06:56 9328  104ms    30M  805G  90/110U INFO terranbot.builds.plans.acts.zone_defense:1062 Pulling worker [Unit(name='SCV', tag=4370989057), Unit(name='SCV', tag=4367319041), Unit(name='SCV', tag=4386717697), Unit(name='SCV', tag=4350279681), Unit(name='SCV', tag=4350541825), Unit(name='SCV', tag=4383571969), Unit(name='SCV', tag=4368367617)] for zone 1 to safety
06:56 9332  110ms    30M  805G  90/110U INFO terranbot.builds.plans.acts.zone_defense:1062 Pulling worker [Unit(name='SCV', tag=4368891905), Unit(name='SCV', tag=4390387713), Unit(name='SCV', tag=4378329089), Unit(name='SCV', tag=4382261249), Unit(name='SCV', tag=4350803969), Unit(name='SCV', tag=4352901121), Unit(name='SCV', tag=4355260417), Unit(name='SCV', tag=4349755393), Unit(name='SCV', tag=4354736129), Unit(name='SCV', tag=4348444673), Unit(name='SCV', tag=4389339137)] for zone 1 to safety
06:56 9336  108ms    35M  805G  90/110U INFO terranbot.builds.plans.acts.zone_defense:1062 Pulling worker [Unit(name='SCV', tag=4349493249), Unit(name='SCV', tag=4352114689), Unit(name='SCV', tag=4374396929), Unit(name='SCV', tag=4357881857), Unit(name='SCV', tag=4379377665), Unit(name='SCV', tag=4357357570), Unit(name='SCV', tag=4371513345), Unit(name='SCV', tag=4372037633), Unit(name='SCV', tag=4348706817), Unit(name='SCV', tag=4359979009)] for zone 1 to safety
06:56 9340  107ms    35M  805G  90/110U INFO terranbot.builds.plans.acts.zone_defense:1062 Pulling worker [Unit(name='SCV', tag=4370989057), Unit(name='SCV', tag=4362862593), Unit(name='SCV', tag=4354473986), Unit(name='SCV', tag=4367319041), Unit(name='SCV', tag=4347920385), Unit(name='SCV', tag=4368367617), Unit(name='SCV', tag=4383571969)] for zone 1 to safety
06:57 9344   89ms    35M  805G  90/110U INFO terranbot.builds.plans.acts.zone_defense:1062 Pulling worker [Unit(name='SCV', tag=4378329089), Unit(name='SCV', tag=4368891905), Unit(name='SCV', tag=4390387713), Unit(name='SCV', tag=4382261249), Unit(name='SCV', tag=4350803969), Unit(name='SCV', tag=4386717697), Unit(name='SCV', tag=4389339137), Unit(name='SCV', tag=4350279681), Unit(name='SCV', tag=4350541825), Unit(name='SCV', tag=4352901121), Unit(name='SCV', tag=4348444673)] for zone 1 to safety
06:57 9348  105ms    35M  805G  90/110U INFO terranbot.builds.plans.acts.zone_defense:1062 Pulling worker [Unit(name='SCV', tag=4357881857), Unit(name='SCV', tag=4352114689), Unit(name='SCV', tag=4379377665), Unit(name='SCV', tag=4349493249), Unit(name='SCV', tag=4374396929), Unit(name='SCV', tag=4372037633), Unit(name='SCV', tag=4357357570), Unit(name='SCV', tag=4387766273), Unit(name='SCV', tag=4355260417), Unit(name='SCV', tag=4371513345), Unit(name='SCV', tag=4359979009)] for zone 1 to safety
06:57 9352   96ms    35M  805G  90/110U INFO terranbot.builds.plans.acts.zone_defense:1062 Pulling worker [Unit(name='SCV', tag=4362862593), Unit(name='SCV', tag=4348706817), Unit(name='SCV', tag=4370989057), Unit(name='SCV', tag=4367319041), Unit(name='SCV', tag=4368367617), Unit(name='SCV', tag=4383571969)] for zone 1 to safety
06:57 9356   91ms    35M  805G  90/110U INFO terranbot.builds.plans.acts.zone_defense:1062 Pulling worker [Unit(name='SCV', tag=4390387713), Unit(name='SCV', tag=4350803969), Unit(name='SCV', tag=4378329089), Unit(name='SCV', tag=4352901121), Unit(name='SCV', tag=4368891905), Unit(name='SCV', tag=4382261249), Unit(name='SCV', tag=4354736129), Unit(name='SCV', tag=4349755393), Unit(name='SCV', tag=4348444673), Unit(name='SCV', tag=4350279681), Unit(name='SCV', tag=4386717697), Unit(name='SCV', tag=4354473986)] for zone 1 to safety
06:57 9360  138ms    35M  805G  90/110U INFO terranbot.builds.plans.acts.zone_defense:1062 Pulling worker [Unit(name='SCV', tag=4349493249), Unit(name='SCV', tag=4357881857), Unit(name='SCV', tag=4352114689), Unit(name='SCV', tag=4374396929), Unit(name='SCV', tag=4350541825), Unit(name='SCV', tag=4357357570), Unit(name='SCV', tag=4372037633), Unit(name='SCV', tag=4389339137), Unit(name='SCV', tag=4355260417), Unit(name='SCV', tag=4359979009), Unit(name='SCV', tag=4379377665), Unit(name='SCV', tag=4347920385)] for zone 1 to safety
06:58 9364  132ms    35M  805G  90/110U INFO terranbot.builds.plans.acts.zone_defense:1062 Pulling worker [Unit(name='SCV', tag=4370989057), Unit(name='SCV', tag=4362862593), Unit(name='SCV', tag=4368367617), Unit(name='SCV', tag=4367319041), Unit(name='SCV', tag=4383571969)] for zone 1 to safety
06:58 9368   89ms    35M  805G  90/110U INFO terranbot.builds.plans.acts.zone_defense:1062 Pulling worker [Unit(name='SCV', tag=4390387713), Unit(name='SCV', tag=4352901121), Unit(name='SCV', tag=4378329089), Unit(name='SCV', tag=4382261249), Unit(name='SCV', tag=4368891905), Unit(name='SCV', tag=4350803969), Unit(name='SCV', tag=4348444673), Unit(name='SCV', tag=4386717697), Unit(name='SCV', tag=4349755393), Unit(name='SCV', tag=4371513345), Unit(name='SCV', tag=4354736129), Unit(name='SCV', tag=4354473986)] for zone 1 to safety
06:58 9372  131ms    35M  809G  90/110U INFO terranbot.builds.plans.acts.zone_defense:1062 Pulling worker [Unit(name='SCV', tag=4352114689), Unit(name='SCV', tag=4349493249), Unit(name='SCV', tag=4374396929), Unit(name='SCV', tag=4350541825), Unit(name='SCV', tag=4350279681), Unit(name='SCV', tag=4387766273), Unit(name='SCV', tag=4355260417), Unit(name='SCV', tag=4357357570), Unit(name='SCV', tag=4359979009), Unit(name='SCV', tag=4357881857), Unit(name='SCV', tag=4379377665), Unit(name='SCV', tag=4347920385)] for zone 1 to safety
06:58 9376  109ms    35M  809G  90/110U INFO terranbot.builds.plans.acts.zone_defense:1062 Pulling worker [Unit(name='SCV', tag=4368367617), Unit(name='SCV', tag=4370989057), Unit(name='SCV', tag=4362862593), Unit(name='SCV', tag=4372037633), Unit(name='SCV', tag=4389339137), Unit(name='SCV', tag=4348706817), Unit(name='SCV', tag=4367319041), Unit(name='SCV', tag=4383571969)] for zone 1 to safety
06:58 9380  123ms    35M  809G  90/110U INFO terranbot.builds.plans.acts.zone_defense:1062 Pulling worker [Unit(name='SCV', tag=4390387713), Unit(name='SCV', tag=4352901121), Unit(name='SCV', tag=4368891905), Unit(name='SCV', tag=4378329089), Unit(name='SCV', tag=4350803969), Unit(name='SCV', tag=4348444673), Unit(name='SCV', tag=4371513345), Unit(name='SCV', tag=4382261249), Unit(name='SCV', tag=4354473986)] for zone 1 to safety
06:58 9384   93ms    35M  809G  90/110U INFO terranbot.builds.plans.acts.zone_defense:1062 Pulling worker [Unit(name='SCV', tag=4352114689), Unit(name='SCV', tag=4349493249), Unit(name='SCV', tag=4374396929), Unit(name='SCV', tag=4359979009), Unit(name='SCV', tag=4350279681), Unit(name='SCV', tag=4357357570), Unit(name='SCV', tag=4354736129), Unit(name='SCV', tag=4387766273), Unit(name='SCV', tag=4386717697), Unit(name='SCV', tag=4357881857), Unit(name='SCV', tag=4379377665)] for zone 1 to safety
06:59 9388   99ms    35M  809G  90/110U INFO terranbot.builds.plans.acts.zone_defense:1062 Pulling worker [Unit(name='SCV', tag=4368367617), Unit(name='SCV', tag=4370989057), Unit(name='SCV', tag=4348706817), Unit(name='SCV', tag=4362862593), Unit(name='SCV', tag=4372037633), Unit(name='SCV', tag=4350541825), Unit(name='SCV', tag=4349755393), Unit(name='SCV', tag=4347920385), Unit(name='SCV', tag=4355260417), Unit(name='SCV', tag=4389339137), Unit(name='SCV', tag=4367319041), Unit(name='SCV', tag=4383571969)] for zone 1 to safety
06:59 9392  111ms    35M  809G  90/110U INFO terranbot.builds.plans.acts.zone_defense:1062 Pulling worker [Unit(name='SCV', tag=4352901121), Unit(name='SCV', tag=4390387713), Unit(name='SCV', tag=4378329089), Unit(name='SCV', tag=4350803969), Unit(name='SCV', tag=4348444673), Unit(name='SCV', tag=4368891905), Unit(name='SCV', tag=4382261249), Unit(name='SCV', tag=4354473986)] for zone 1 to safety
06:59 9396  110ms    40M  809G  90/110U INFO terranbot.builds.plans.acts.zone_defense:1062 Pulling worker [Unit(name='SCV', tag=4352114689), Unit(name='SCV', tag=4349493249), Unit(name='SCV', tag=4359979009), Unit(name='SCV', tag=4374396929), Unit(name='SCV', tag=4348968961), Unit(name='SCV', tag=4357881857), Unit(name='SCV', tag=4379377665)] for zone 1 to safety
06:59 9400   93ms    45M  813G  90/110U INFO terranbot.builds.plans.acts.zone_defense:1062 Pulling worker [Unit(name='SCV', tag=4362862593), Unit(name='SCV', tag=4370989057), Unit(name='SCV', tag=4372037633), Unit(name='SCV', tag=4348706817), Unit(name='SCV', tag=4386717697), Unit(name='SCV', tag=4357357570), Unit(name='SCV', tag=4371513345), Unit(name='SCV', tag=4387766273), Unit(name='SCV', tag=4367319041), Unit(name='SCV', tag=4368367617), Unit(name='SCV', tag=4383571969)] for zone 1 to safety
06:59 9404  101ms    45M  813G  90/110U INFO terranbot.builds.plans.acts.zone_defense:1062 Pulling worker [Unit(name='SCV', tag=4368891905), Unit(name='SCV', tag=4378329089), Unit(name='SCV', tag=4352901121), Unit(name='SCV', tag=4390387713), Unit(name='SCV', tag=4348444673), Unit(name='SCV', tag=4350803969), Unit(name='SCV', tag=4349755393), Unit(name='SCV', tag=4389339137), Unit(name='SCV', tag=4354736129), Unit(name='SCV', tag=4350279681), Unit(name='SCV', tag=4354473986), Unit(name='SCV', tag=4382261249)] for zone 1 to safety
07:00 9408  109ms    45M  813G  90/110U INFO terranbot.builds.plans.acts.zone_defense:1062 Pulling worker [Unit(name='SCV', tag=4352114689), Unit(name='SCV', tag=4349493249), Unit(name='SCV', tag=4359979009), Unit(name='SCV', tag=4374396929), Unit(name='SCV', tag=4355260417), Unit(name='SCV', tag=4379377665), Unit(name='SCV', tag=4357881857)] for zone 1 to safety
07:00 9412  106ms    45M  813G  90/110U INFO terranbot.builds.plans.acts.zone_defense:1062 Pulling worker [Unit(name='SCV', tag=4370989057), Unit(name='SCV', tag=4387766273), Unit(name='SCV', tag=4372037633), Unit(name='SCV', tag=4371513345), Unit(name='SCV', tag=4347920385), Unit(name='SCV', tag=4368367617), Unit(name='SCV', tag=4383571969)] for zone 1 to safety
07:00 9416   96ms    45M  813G  90/110U INFO terranbot.builds.plans.acts.zone_defense:1062 Pulling worker [Unit(name='SCV', tag=4378329089), Unit(name='SCV', tag=4352901121), Unit(name='SCV', tag=4348444673), Unit(name='SCV', tag=4390387713), Unit(name='SCV', tag=4362862593), Unit(name='SCV', tag=4367319041), Unit(name='SCV', tag=4389339137), Unit(name='SCV', tag=4350803969), Unit(name='SCV', tag=4354473986), Unit(name='SCV', tag=4386717697), Unit(name='SCV', tag=4368891905), Unit(name='SCV', tag=4382261249)] for zone 1 to safety
07:00 9420  110ms    45M  817G  90/110U INFO terranbot.builds.plans.acts.zone_defense:1062 Pulling worker [Unit(name='SCV', tag=4357357570), Unit(name='SCV', tag=4354736129), Unit(name='SCV', tag=4350279681), Unit(name='SCV', tag=4348706817), Unit(name='SCV', tag=4348968961), Unit(name='SCV', tag=4349493249), Unit(name='SCV', tag=4352114689), Unit(name='SCV', tag=4357881857)] for zone 1 to safety
07:00 9424  113ms    45M  817G  90/110U INFO terranbot.builds.plans.acts.zone_defense:1062 Pulling worker [Unit(name='SCV', tag=4370989057), Unit(name='SCV', tag=4387766273), Unit(name='SCV', tag=4372037633), Unit(name='SCV', tag=4371513345), Unit(name='SCV', tag=4368367617), Unit(name='SCV', tag=4383571969)] for zone 1 to safety
07:00 9428  103ms    45M  817G  90/110U INFO terranbot.builds.plans.acts.zone_defense:1062 Pulling worker [Unit(name='SCV', tag=4352901121), Unit(name='SCV', tag=4348444673), Unit(name='SCV', tag=4378329089), Unit(name='SCV', tag=4390387713), Unit(name='SCV', tag=4350803969), Unit(name='SCV', tag=4379377665), Unit(name='SCV', tag=4349755393), Unit(name='SCV', tag=4368891905), Unit(name='SCV', tag=4354473986), Unit(name='SCV', tag=4382261249)] for zone 1 to safety
07:01 9432  105ms    45M  817G  90/110U INFO terranbot.builds.plans.acts.zone_defense:1062 Pulling worker [Unit(name='SCV', tag=4357357570), Unit(name='SCV', tag=4352114689), Unit(name='SCV', tag=4349493249), Unit(name='SCV', tag=4350279681), Unit(name='SCV', tag=4374396929), Unit(name='SCV', tag=4367319041), Unit(name='SCV', tag=4357881857), Unit(name='SCV', tag=4386717697), Unit(name='SCV', tag=4354736129)] for zone 1 to safety
07:01 9436  110ms    50M  817G  90/110U INFO terranbot.builds.plans.acts.zone_defense:1062 Pulling worker [Unit(name='SCV', tag=4370989057), Unit(name='SCV', tag=4387766273), Unit(name='SCV', tag=4372037633), Unit(name='SCV', tag=4347920385), Unit(name='SCV', tag=4348968961), Unit(name='SCV', tag=4348706817), Unit(name='SCV', tag=4362862593), Unit(name='SCV', tag=4368367617), Unit(name='SCV', tag=4389339137), Unit(name='SCV', tag=4383571969)] for zone 1 to safety
07:01 9440  106ms    50M  817G  90/110U INFO terranbot.builds.plans.acts.zone_defense:1062 Pulling worker [Unit(name='SCV', tag=4390387713), Unit(name='SCV', tag=4348444673), Unit(name='SCV', tag=4378329089), Unit(name='SCV', tag=4352901121), Unit(name='SCV', tag=4350803969), Unit(name='SCV', tag=4349755393), Unit(name='SCV', tag=4354473986), Unit(name='SCV', tag=4368891905), Unit(name='SCV', tag=4371513345), Unit(name='SCV', tag=4382261249)] for zone 1 to safety
07:01 9444  143ms  -100M  817G  90/110U INFO terranbot.builds.plans.acts.zone_defense:1062 Pulling worker [Unit(name='SCV', tag=4349493249), Unit(name='SCV', tag=4350279681), Unit(name='SCV', tag=4354736129), Unit(name='SCV', tag=4357357570), Unit(name='SCV', tag=4379377665), Unit(name='SCV', tag=4359979009), Unit(name='SCV', tag=4352114689), Unit(name='SCV', tag=4357881857), Unit(name='SCV', tag=4367319041)] for zone 1 to safety
07:01 9448  113ms     0M  817G  91/110U INFO terranbot.builds.plans.acts.zone_defense:1062 Pulling worker [Unit(name='SCV', tag=4370989057), Unit(name='SCV', tag=4362862593), Unit(name='SCV', tag=4387766273), Unit(name='SCV', tag=4348968961), Unit(name='SCV', tag=4372037633), Unit(name='SCV', tag=4389339137), Unit(name='SCV', tag=4347920385), Unit(name='SCV', tag=4383571969), Unit(name='SCV', tag=4386717697), Unit(name='SCV', tag=4368367617)] for zone 1 to safety
07:01 9452  110ms     0M  821G  91/110U INFO terranbot.builds.plans.acts.zone_defense:1062 Pulling worker [Unit(name='SCV', tag=4390387713), Unit(name='SCV', tag=4378329089), Unit(name='SCV', tag=4352901121), Unit(name='SCV', tag=4350803969), Unit(name='SCV', tag=4374396929), Unit(name='SCV', tag=4371513345), Unit(name='SCV', tag=4354473986), Unit(name='SCV', tag=4368891905), Unit(name='SCV', tag=4348444673), Unit(name='SCV', tag=4382261249)] for zone 1 to safety
07:02 9456  115ms     0M  821G  91/110U INFO terranbot.builds.plans.acts.zone_defense:1062 Pulling worker [Unit(name='SCV', tag=4349493249), Unit(name='SCV', tag=4352114689), Unit(name='SCV', tag=4350279681), Unit(name='SCV', tag=4355260417), Unit(name='SCV', tag=4349755393), Unit(name='SCV', tag=4357881857), Unit(name='SCV', tag=4367319041), Unit(name='SCV', tag=4379377665)] for zone 1 to safety
07:02 9460  104ms     5M  821G  91/110U INFO terranbot.builds.plans.acts.zone_defense:1062 Pulling worker [Unit(name='SCV', tag=4362862593), Unit(name='SCV', tag=4370989057), Unit(name='SCV', tag=4357357570), Unit(name='SCV', tag=4348706817), Unit(name='SCV', tag=4347920385), Unit(name='SCV', tag=4387766273), Unit(name='SCV', tag=4359979009), Unit(name='SCV', tag=4383571969)] for zone 1 to safety
07:02 9464   93ms     5M  821G  91/110U INFO terranbot.builds.plans.acts.zone_defense:1062 Pulling worker [Unit(name='SCV', tag=4354473986), Unit(name='SCV', tag=4378329089), Unit(name='SCV', tag=4390387713), Unit(name='SCV', tag=4352901121), Unit(name='SCV', tag=4374396929), Unit(name='SCV', tag=4389339137), Unit(name='SCV', tag=4371513345), Unit(name='SCV', tag=4354736129), Unit(name='SCV', tag=4368367617), Unit(name='SCV', tag=4348444673), Unit(name='SCV', tag=4368891905), Unit(name='SCV', tag=4350803969), Unit(name='SCV', tag=4386717697)] for zone 1 to safety
07:02 9468  103ms     5M  825G  91/110U INFO terranbot.builds.plans.acts.zone_defense:1062 Pulling worker [Unit(name='SCV', tag=4352114689), Unit(name='SCV', tag=4350279681), Unit(name='SCV', tag=4349493249), Unit(name='SCV', tag=4349755393), Unit(name='SCV', tag=4348968961), Unit(name='SCV', tag=4357881857), Unit(name='SCV', tag=4367319041), Unit(name='SCV', tag=4379377665), Unit(name='SCV', tag=4382261249)] for zone 1 to safety
07:02 9472  103ms     5M  825G  91/110U INFO terranbot.builds.plans.acts.zone_defense:1062 Pulling worker [Unit(name='SCV', tag=4383571969), Unit(name='SCV', tag=4370989057), Unit(name='SCV', tag=4362862593), Unit(name='SCV', tag=4357357570)] for zone 1 to safety
07:03 9476   89ms     5M  825G  91/110U INFO terranbot.activity.location_modifiers:130 unit_to_place_beside: Unit(name='Barracks', tag=4352638977) - unit_to_place_beside.type_id=UnitTypeId.BARRACKS - position=(54.5, 58.5)
07:03 9476   89ms     5M  825G  91/110U INFO terranbot.builds.plans.acts.zone_defense:1062 Pulling worker [Unit(name='SCV', tag=4348444673), Unit(name='SCV', tag=4390387713), Unit(name='SCV', tag=4352901121), Unit(name='SCV', tag=4350803969), Unit(name='SCV', tag=4368367617), Unit(name='SCV', tag=4348706817), Unit(name='SCV', tag=4347920385), Unit(name='SCV', tag=4359979009), Unit(name='SCV', tag=4378329089), Unit(name='SCV', tag=4354473986), Unit(name='SCV', tag=4368891905), Unit(name='SCV', tag=4354736129), Unit(name='SCV', tag=4386717697)] for zone 1 to safety
07:03 9480  111ms     5M  825G  91/110U INFO terranbot.builds.plans.acts.zone_defense:1062 Pulling worker [Unit(name='SCV', tag=4352114689), Unit(name='SCV', tag=4349493249), Unit(name='SCV', tag=4348968961), Unit(name='SCV', tag=4387766273), Unit(name='SCV', tag=4355260417), Unit(name='SCV', tag=4371513345), Unit(name='SCV', tag=4382261249), Unit(name='SCV', tag=4349755393), Unit(name='SCV', tag=4357881857), Unit(name='SCV', tag=4379377665), Unit(name='SCV', tag=4389339137), Unit(name='SCV', tag=4367319041)] for zone 1 to safety
07:03 9484  137ms     5M  825G  91/110U INFO terranbot.activity.location_modifiers:130 unit_to_place_beside: Unit(name='Barracks', tag=4378066945) - unit_to_place_beside.type_id=UnitTypeId.BARRACKS - position=(48.5, 63.5)
07:03 9484  137ms     5M  825G  91/110U INFO terranbot.builds.plans.acts.zone_defense:1062 Pulling worker [Unit(name='SCV', tag=4383571969), Unit(name='SCV', tag=4362862593), Unit(name='SCV', tag=4372037633), Unit(name='SCV', tag=4374396929), Unit(name='SCV', tag=4350279681), Unit(name='SCV', tag=4370989057)] for zone 1 to safety
07:03 9488   93ms     5M  829G  91/110U INFO terranbot.builds.plans.acts.zone_defense:1062 Pulling worker [Unit(name='SCV', tag=4368891905), Unit(name='SCV', tag=4348444673), Unit(name='SCV', tag=4390387713), Unit(name='SCV', tag=4354473986), Unit(name='SCV', tag=4347920385), Unit(name='SCV', tag=4350803969), Unit(name='SCV', tag=4378329089), Unit(name='SCV', tag=4352901121), Unit(name='SCV', tag=4354736129), Unit(name='SCV', tag=4386717697)] for zone 1 to safety
07:03 9492  202ms     5M  829G  91/110U INFO terranbot.builds.plans.acts.zone_defense:1062 Pulling worker [Unit(name='SCV', tag=4349493249), Unit(name='SCV', tag=4352114689), Unit(name='SCV', tag=4348968961), Unit(name='SCV', tag=4349755393), Unit(name='SCV', tag=4355260417), Unit(name='SCV', tag=4357357570), Unit(name='SCV', tag=4348706817), Unit(name='SCV', tag=4357881857), Unit(name='SCV', tag=4367319041), Unit(name='SCV', tag=4379377665), Unit(name='SCV', tag=4389339137), Unit(name='SCV', tag=4371513345)] for zone 1 to safety
07:03 9496   96ms     5M  829G  91/110U INFO terranbot.builds.plans.acts.zone_defense:1062 Pulling worker [Unit(name='SCV', tag=4383571969), Unit(name='SCV', tag=4374396929), Unit(name='SCV', tag=4362862593), Unit(name='SCV', tag=4382261249), Unit(name='SCV', tag=4359979009)] for zone 1 to safety
07:04 9500   75ms     5M  829G  91/110U INFO terranbot.builds.plans.acts.zone_defense:1062 Pulling worker [Unit(name='SCV', tag=4390387713), Unit(name='SCV', tag=4368891905), Unit(name='SCV', tag=4387766273), Unit(name='SCV', tag=4378329089), Unit(name='SCV', tag=4347920385), Unit(name='SCV', tag=4354473986), Unit(name='SCV', tag=4370989057), Unit(name='SCV', tag=4350279681), Unit(name='SCV', tag=4348444673), Unit(name='SCV', tag=4352901121), Unit(name='SCV', tag=4354736129)] for zone 1 to safety
07:04 9504  115ms     5M  829G  91/110U INFO terranbot.builds.plans.acts.zone_defense:1062 Pulling worker [Unit(name='SCV', tag=4348968961), Unit(name='SCV', tag=4372037633), Unit(name='SCV', tag=4349755393), Unit(name='SCV', tag=4386717697), Unit(name='SCV', tag=4348706817), Unit(name='SCV', tag=4352114689), Unit(name='SCV', tag=4349493249), Unit(name='SCV', tag=4379377665), Unit(name='SCV', tag=4367319041), Unit(name='SCV', tag=4357881857), Unit(name='SCV', tag=4389339137)] for zone 1 to safety
07:04 9508  123ms     5M  829G  91/110U INFO terranbot.builds.plans.acts.zone_defense:1062 Pulling worker [Unit(name='SCV', tag=4383571969), Unit(name='SCV', tag=4382261249), Unit(name='SCV', tag=4385406977), Unit(name='SCV', tag=4355260417), Unit(name='SCV', tag=4359979009), Unit(name='SCV', tag=4371513345)] for zone 1 to safety
07:04 9512   87ms    10M  833G  91/110U INFO terranbot.builds.plans.acts.zone_defense:1062 Pulling worker [Unit(name='SCV', tag=4390387713), Unit(name='SCV', tag=4368891905), Unit(name='SCV', tag=4362862593), Unit(name='SCV', tag=4387766273), Unit(name='SCV', tag=4378329089), Unit(name='SCV', tag=4350803969), Unit(name='SCV', tag=4370989057), Unit(name='SCV', tag=4348444673), Unit(name='SCV', tag=4352901121), Unit(name='SCV', tag=4354736129)] for zone 1 to safety
07:04 9516   95ms    10M  833G  91/110U INFO terranbot.builds.plans.acts.zone_defense:1062 Pulling worker [Unit(name='SCV', tag=4367319041), Unit(name='SCV', tag=4348968961), Unit(name='SCV', tag=4349493249), Unit(name='SCV', tag=4347920385), Unit(name='SCV', tag=4372037633), Unit(name='SCV', tag=4349755393), Unit(name='SCV', tag=4357357570), Unit(name='SCV', tag=4348706817), Unit(name='SCV', tag=4374396929), Unit(name='SCV', tag=4352114689), Unit(name='SCV', tag=4357881857), Unit(name='SCV', tag=4389339137), Unit(name='SCV', tag=4379377665), Unit(name='SCV', tag=4386717697)] for zone 1 to safety
07:05 9520  123ms    10M  833G  91/110U INFO terranbot.activity.location_modifiers:130 unit_to_place_beside: Unit(name='Barracks', tag=4363649026) - unit_to_place_beside.type_id=UnitTypeId.BARRACKS - position=(95.5, 42.5)
07:05 9520  123ms    10M  833G  91/110U WARNING terranbot.activity.location_modifiers:177 NearUnit preferred-zone miss: tag=4363649026 unit_type=UnitTypeId.BARRACKS unit_zone=0 target_zone=0 selected=(95.5, 42.5) selected_zone=2 main_candidates=['(47.5, 47.5) (overlaps_other_structure)', '(50.5, 50.5) (overlaps_other_structure)', '(41.5, 52.5) (overlaps_other_structure)', '(44.5, 55.5) (overlaps_other_structure)', '(51.5, 55.5) (overlaps_other_structure)', '(37.5, 55.5) (overlaps_other_structure)', '(54.5, 58.5) (reserved_target_move_location)', '(45.5, 60.5) (reserved_target_move_location)', '(34.5, 52.5) (overlaps_other_structure)', '(38.5, 60.5) (overlaps_other_structure)', '(48.5, 63.5) (reserved_target_move_location)', '(41.5, 63.5) (overlaps_other_structure)'] non_main_candidates=['(68.5, 46.5) (overlaps_other_structure)', '(71.5, 49.5) (cannot_place_structure)', '(95.5, 42.5) (ok)', '(98.5, 45.5) (ok)', '(113.5, 46.5) (ok)', '(116.5, 49.5) (ok)']
07:05 9520  123ms    10M  833G  91/110U INFO terranbot.builds.plans.acts.zone_defense:1062 Pulling worker [Unit(name='SCV', tag=4383571969), Unit(name='SCV', tag=4382261249), Unit(name='SCV', tag=4354473986), Unit(name='SCV', tag=4359979009), Unit(name='SCV', tag=4371513345), Unit(name='SCV', tag=4355260417)] for zone 1 to safety
07:05 9524  118ms    10M  833G  91/110U INFO terranbot.builds.plans.acts.zone_defense:1062 Pulling worker [Unit(name='SCV', tag=4368891905), Unit(name='SCV', tag=4352901121), Unit(name='SCV', tag=4390387713), Unit(name='SCV', tag=4387766273), Unit(name='SCV', tag=4362862593), Unit(name='SCV', tag=4350279681), Unit(name='SCV', tag=4378329089), Unit(name='SCV', tag=4348444673), Unit(name='SCV', tag=4354736129)] for zone 1 to safety
07:05 9528   92ms    10M  833G  91/110U INFO terranbot.builds.plans.acts.zone_defense:1062 Pulling worker [Unit(name='SCV', tag=4367319041), Unit(name='SCV', tag=4348968961), Unit(name='SCV', tag=4370989057), Unit(name='SCV', tag=4389339137), Unit(name='SCV', tag=4349755393), Unit(name='SCV', tag=4379377665), Unit(name='SCV', tag=4349493249), Unit(name='SCV', tag=4352114689), Unit(name='SCV', tag=4357881857)] for zone 1 to safety
07:05 9532  102ms    15M  833G  91/110U INFO terranbot.builds.plans.acts.zone_defense:1062 Pulling worker [Unit(name='SCV', tag=4383571969), Unit(name='SCV', tag=4385406977), Unit(name='SCV', tag=4372037633), Unit(name='SCV', tag=4382261249), Unit(name='SCV', tag=4371513345), Unit(name='SCV', tag=4347920385), Unit(name='SCV', tag=4354473986), Unit(name='SCV', tag=4380426241), Unit(name='SCV', tag=4350803969), Unit(name='SCV', tag=4355260417), Unit(name='SCV', tag=4386717697)] for zone 1 to safety
07:05 9536  136ms    15M  833G  91/110U INFO terranbot.builds.plans.acts.zone_defense:1062 Pulling worker [Unit(name='SCV', tag=4368891905), Unit(name='SCV', tag=4352901121), Unit(name='SCV', tag=4348444673), Unit(name='SCV', tag=4390387713), Unit(name='SCV', tag=4362862593), Unit(name='SCV', tag=4387766273), Unit(name='SCV', tag=4348706817), Unit(name='SCV', tag=4374396929), Unit(name='SCV', tag=4354736129)] for zone 1 to safety
07:05 9540  124ms    15M  833G  91/110U INFO terranbot.builds.plans.acts.zone_defense:1062 Pulling worker [Unit(name='SCV', tag=4367319041), Unit(name='SCV', tag=4348968961), Unit(name='SCV', tag=4359979009), Unit(name='SCV', tag=4349493249), Unit(name='SCV', tag=4389339137), Unit(name='SCV', tag=4379377665), Unit(name='SCV', tag=4349755393), Unit(name='SCV', tag=4352114689)] for zone 1 to safety
07:06 9544  130ms    15M  837G  91/110U INFO terranbot.builds.plans.acts.zone_defense:1062 Pulling worker [Unit(name='SCV', tag=4383571969), Unit(name='SCV', tag=4355260417), Unit(name='SCV', tag=4378329089), Unit(name='SCV', tag=4357357570), Unit(name='SCV', tag=4386717697), Unit(name='SCV', tag=4357881857)] for zone 1 to safety
07:06 9548   93ms    15M  837G  91/110U INFO terranbot.builds.plans.acts.zone_defense:1062 Pulling worker [Unit(name='SCV', tag=4368891905), Unit(name='SCV', tag=4348444673), Unit(name='SCV', tag=4390387713), Unit(name='SCV', tag=4387766273), Unit(name='SCV', tag=4350279681), Unit(name='SCV', tag=4350803969), Unit(name='SCV', tag=4352901121), Unit(name='SCV', tag=4370989057), Unit(name='SCV', tag=4354736129)] for zone 1 to safety
07:06 9552  103ms    15M  837G  91/110U INFO terranbot.builds.plans.acts.zone_defense:1062 Pulling worker [Unit(name='MULE', tag=4401922049), Unit(name='SCV', tag=4367319041), Unit(name='SCV', tag=4349493249), Unit(name='SCV', tag=4348968961), Unit(name='SCV', tag=4374396929), Unit(name='SCV', tag=4362862593), Unit(name='SCV', tag=4389339137), Unit(name='SCV', tag=4379377665), Unit(name='SCV', tag=4352114689)] for zone 1 to safety
07:06 9556  115ms    15M  837G  91/110U INFO terranbot.builds.plans.acts.zone_defense:1062 Pulling worker [Unit(name='SCV', tag=4383571969), Unit(name='SCV', tag=4354473986), Unit(name='SCV', tag=4382261249), Unit(name='SCV', tag=4371513345), Unit(name='SCV', tag=4355260417), Unit(name='SCV', tag=4349755393), Unit(name='SCV', tag=4378329089), Unit(name='SCV', tag=4386717697)] for zone 1 to safety
07:06 9560  100ms    20M  841G  91/110U INFO terranbot.builds.plans.acts.zone_defense:1062 Pulling worker [Unit(name='SCV', tag=4348444673), Unit(name='SCV', tag=4390387713), Unit(name='SCV', tag=4368891905), Unit(name='SCV', tag=4387766273), Unit(name='SCV', tag=4348706817), Unit(name='SCV', tag=4357881857), Unit(name='SCV', tag=4357357570), Unit(name='SCV', tag=4370989057), Unit(name='SCV', tag=4352901121)] for zone 1 to safety
07:06 9564  106ms    20M  841G  91/110U INFO terranbot.builds.plans.acts.zone_defense:1062 Pulling worker [Unit(name='MULE', tag=4401922049), Unit(name='SCV', tag=4367319041), Unit(name='SCV', tag=4349493249), Unit(name='SCV', tag=4348968961), Unit(name='SCV', tag=4350279681), Unit(name='SCV', tag=4359979009), Unit(name='SCV', tag=4389339137), Unit(name='SCV', tag=4352114689), Unit(name='SCV', tag=4379377665), Unit(name='SCV', tag=4354736129)] for zone 1 to safety
07:07 9568  108ms    20M  841G  91/110U INFO terranbot.builds.plans.acts.zone_defense:1062 Pulling worker [Unit(name='SCV', tag=4383571969), Unit(name='SCV', tag=4378329089), Unit(name='SCV', tag=4354473986), Unit(name='SCV', tag=4382261249), Unit(name='SCV', tag=4380426241), Unit(name='SCV', tag=4374396929), Unit(name='SCV', tag=4371513345)] for zone 1 to safety
07:07 9572  112ms    20M  841G  91/110U INFO terranbot.builds.plans.acts.zone_defense:1062 Pulling worker [Unit(name='SCV', tag=4390387713), Unit(name='SCV', tag=4368891905), Unit(name='SCV', tag=4348444673), Unit(name='SCV', tag=4348706817), Unit(name='SCV', tag=4352901121), Unit(name='SCV', tag=4386717697), Unit(name='SCV', tag=4357881857)] for zone 1 to safety
07:07 9576   93ms    20M  841G  91/110U INFO terranbot.builds.plans.acts.zone_defense:1062 Pulling worker [Unit(name='MULE', tag=4401922049), Unit(name='SCV', tag=4367319041), Unit(name='SCV', tag=4348968961), Unit(name='SCV', tag=4354736129), Unit(name='SCV', tag=4349755393), Unit(name='SCV', tag=4355260417), Unit(name='SCV', tag=4385406977), Unit(name='SCV', tag=4357357570), Unit(name='SCV', tag=4362862593), Unit(name='SCV', tag=4359979009), Unit(name='SCV', tag=4389339137), Unit(name='SCV', tag=4349493249), Unit(name='SCV', tag=4379377665), Unit(name='SCV', tag=4350803969), Unit(name='SCV', tag=4352114689)] for zone 1 to safety
07:07 9580  115ms    20M  841G  91/110U INFO terranbot.builds.plans.acts.zone_defense:1062 Pulling worker [Unit(name='SCV', tag=4354473986), Unit(name='SCV', tag=4347920385), Unit(name='SCV', tag=4371513345), Unit(name='SCV', tag=4382261249), Unit(name='SCV', tag=4387766273), Unit(name='SCV', tag=4370989057), Unit(name='SCV', tag=4383571969), Unit(name='SCV', tag=4378329089)] for zone 1 to safety
07:07 9584   90ms    20M  841G  91/110U INFO terranbot.builds.plans.acts.zone_defense:1062 Pulling worker [Unit(name='SCV', tag=4390387713), Unit(name='SCV', tag=4348444673), Unit(name='SCV', tag=4352901121), Unit(name='SCV', tag=4386717697), Unit(name='SCV', tag=4374396929), Unit(name='SCV', tag=4368891905), Unit(name='SCV', tag=4350279681)] for zone 1 to safety
07:08 9588  116ms    20M  841G  91/110U INFO sharpy.managers.core.log_manager:80 [GameAnalyzer] Income advantage is now SmallDisadvantage
07:08 9588  116ms    20M  841G  91/110U INFO terranbot.builds.plans.acts.zone_defense:1062 Pulling worker [Unit(name='SCV', tag=4367319041), Unit(name='MULE', tag=4401922049), Unit(name='SCV', tag=4349493249), Unit(name='SCV', tag=4362862593), Unit(name='SCV', tag=4348968961), Unit(name='SCV', tag=4349755393), Unit(name='SCV', tag=4380426241), Unit(name='SCV', tag=4357881857), Unit(name='SCV', tag=4357357570), Unit(name='SCV', tag=4389339137), Unit(name='SCV', tag=4354736129), Unit(name='SCV', tag=4350803969), Unit(name='SCV', tag=4352114689), Unit(name='SCV', tag=4379377665)] for zone 1 to safety
07:08 9592  122ms    20M  841G  91/110U INFO sharpy.managers.core.log_manager:80 [GameAnalyzer] Income advantage is now ClearDisadvantage
07:08 9592  122ms    20M  841G  91/110U INFO terranbot.builds.plans.acts.zone_defense:1062 Pulling worker [Unit(name='SCV', tag=4378329089), Unit(name='SCV', tag=4354473986), Unit(name='SCV', tag=4387766273), Unit(name='SCV', tag=4385406977), Unit(name='SCV', tag=4359979009), Unit(name='SCV', tag=4371513345), Unit(name='SCV', tag=4383571969), Unit(name='SCV', tag=4348706817)] for zone 1 to safety
07:08 9596  104ms    20M  841G  91/110U INFO terranbot.builds.plans.acts.zone_defense:1062 Pulling worker [Unit(name='SCV', tag=4390387713), Unit(name='SCV', tag=4368891905), Unit(name='SCV', tag=4352901121), Unit(name='SCV', tag=4348444673), Unit(name='SCV', tag=4382261249), Unit(name='SCV', tag=4370989057)] for zone 1 to safety
07:08 9600  110ms    20M  841G  91/110U INFO terranbot.builds.plans.acts.zone_defense:1062 Pulling worker [Unit(name='SCV', tag=4389339137), Unit(name='SCV', tag=4367319041), Unit(name='MULE', tag=4401922049), Unit(name='SCV', tag=4348968961), Unit(name='SCV', tag=4349755393), Unit(name='SCV', tag=4362862593), Unit(name='SCV', tag=4355260417), Unit(name='SCV', tag=4374396929), Unit(name='SCV', tag=4386717697), Unit(name='SCV', tag=4350279681), Unit(name='SCV', tag=4349493249), Unit(name='SCV', tag=4354736129), Unit(name='SCV', tag=4350803969)] for zone 1 to safety
07:08 9604  138ms    20M  841G  91/110U INFO terranbot.builds.plans.acts.zone_defense:1062 Pulling worker [Unit(name='SCV', tag=4383571969), Unit(name='SCV', tag=4378329089), Unit(name='SCV', tag=4380426241), Unit(name='SCV', tag=4357357570), Unit(name='SCV', tag=4347920385), Unit(name='SCV', tag=4354473986), Unit(name='SCV', tag=4371513345), Unit(name='SCV', tag=4348706817)] for zone 1 to safety
07:08 9608  101ms    20M  841G  91/110U INFO terranbot.builds.plans.acts.zone_defense:1062 Pulling worker [Unit(name='SCV', tag=4390387713), Unit(name='SCV', tag=4348444673), Unit(name='SCV', tag=4385406977), Unit(name='SCV', tag=4379377665), Unit(name='SCV', tag=4352114689), Unit(name='SCV', tag=4370989057), Unit(name='SCV', tag=4352901121), Unit(name='SCV', tag=4368891905), Unit(name='SCV', tag=4359979009)] for zone 1 to safety
07:09 9612   99ms    25M  841G  91/110U INFO terranbot.builds.plans.acts.zone_defense:1062 Pulling worker [Unit(name='SCV', tag=4389339137), Unit(name='SCV', tag=4367319041), Unit(name='MULE', tag=4401922049), Unit(name='SCV', tag=4362862593), Unit(name='SCV', tag=4349755393), Unit(name='SCV', tag=4382261249), Unit(name='SCV', tag=4355260417), Unit(name='SCV', tag=4387766273), Unit(name='SCV', tag=4386717697), Unit(name='SCV', tag=4357881857), Unit(name='SCV', tag=4349493249), Unit(name='SCV', tag=4350279681), Unit(name='SCV', tag=4354736129)] for zone 1 to safety
07:09 9616  120ms    25M  841G  91/110U INFO terranbot.builds.plans.acts.zone_defense:1062 Pulling worker [Unit(name='SCV', tag=4371513345), Unit(name='SCV', tag=4378329089), Unit(name='SCV', tag=4380426241), Unit(name='SCV', tag=4348968961), Unit(name='SCV', tag=4374396929), Unit(name='SCV', tag=4354473986), Unit(name='SCV', tag=4383571969)] for zone 1 to safety
07:09 9620  127ms    25M  841G  91/110U INFO terranbot.builds.plans.acts.zone_defense:1062 Pulling worker [Unit(name='SCV', tag=4390387713), Unit(name='SCV', tag=4352901121), Unit(name='SCV', tag=4348444673), Unit(name='SCV', tag=4347920385), Unit(name='SCV', tag=4348706817), Unit(name='SCV', tag=4379377665), Unit(name='SCV', tag=4350803969), Unit(name='SCV', tag=4368891905), Unit(name='SCV', tag=4370989057), Unit(name='SCV', tag=4359979009)] for zone 1 to safety
07:09 9624  100ms    25M  845G  91/110U INFO terranbot.builds.plans.acts.zone_defense:1062 Pulling worker [Unit(name='MULE', tag=4401922049), Unit(name='SCV', tag=4367319041), Unit(name='SCV', tag=4389339137), Unit(name='SCV', tag=4362862593), Unit(name='SCV', tag=4355260417), Unit(name='SCV', tag=4349493249), Unit(name='SCV', tag=4349755393), Unit(name='SCV', tag=4385406977), Unit(name='SCV', tag=4382261249), Unit(name='SCV', tag=4352114689), Unit(name='SCV', tag=4350279681), Unit(name='SCV', tag=4354736129)] for zone 1 to safety
07:09 9628  146ms    30M  845G  91/110U INFO terranbot.builds.plans.acts.zone_defense:1062 Pulling worker [Unit(name='SCV', tag=4371513345), Unit(name='SCV', tag=4378329089), Unit(name='SCV', tag=4348968961), Unit(name='SCV', tag=4372037633), Unit(name='SCV', tag=4357357570), Unit(name='SCV', tag=4374396929), Unit(name='SCV', tag=4387766273), Unit(name='SCV', tag=4383571969), Unit(name='SCV', tag=4354473986), Unit(name='SCV', tag=4386717697)] for zone 1 to safety
07:10 9632  124ms    30M  845G  91/110U INFO terranbot.builds.plans.acts.zone_defense:1062 Pulling worker [Unit(name='SCV', tag=4347920385), Unit(name='SCV', tag=4352901121), Unit(name='SCV', tag=4380426241), Unit(name='SCV', tag=4368891905), Unit(name='SCV', tag=4390387713), Unit(name='SCV', tag=4370989057), Unit(name='SCV', tag=4350803969)] for zone 1 to safety
07:10 9636  115ms    35M  845G  91/110U INFO terranbot.builds.plans.acts.zone_defense:1062 Pulling worker [Unit(name='MULE', tag=4401922049), Unit(name='SCV', tag=4362862593), Unit(name='SCV', tag=4367319041), Unit(name='SCV', tag=4348706817), Unit(name='SCV', tag=4355260417), Unit(name='SCV', tag=4385406977), Unit(name='SCV', tag=4357881857), Unit(name='SCV', tag=4354736129), Unit(name='SCV', tag=4359979009), Unit(name='SCV', tag=4379377665), Unit(name='SCV', tag=4389339137), Unit(name='SCV', tag=4349493249), Unit(name='SCV', tag=4350279681)] for zone 1 to safety
07:10 9640  112ms    35M  845G  91/110U INFO terranbot.builds.plans.acts.zone_defense:1062 Pulling worker [Unit(name='SCV', tag=4378329089), Unit(name='SCV', tag=4371513345), Unit(name='SCV', tag=4348968961), Unit(name='SCV', tag=4354473986), Unit(name='SCV', tag=4382261249), Unit(name='SCV', tag=4386717697), Unit(name='SCV', tag=4352114689), Unit(name='SCV', tag=4357357570), Unit(name='SCV', tag=4349755393), Unit(name='SCV', tag=4383571969)] for zone 1 to safety
07:10 9644  108ms    35M  845G  91/110U INFO terranbot.builds.plans.acts.zone_defense:1062 Pulling worker [Unit(name='SCV', tag=4390387713), Unit(name='SCV', tag=4352901121), Unit(name='SCV', tag=4374396929), Unit(name='SCV', tag=4350803969), Unit(name='SCV', tag=4348444673), Unit(name='SCV', tag=4387766273), Unit(name='SCV', tag=4368891905), Unit(name='SCV', tag=4370989057)] for zone 1 to safety
07:10 9648  104ms    35M  845G  91/110U INFO terranbot.builds.plans.acts.zone_defense:1062 Pulling worker [Unit(name='SCV', tag=4362862593), Unit(name='SCV', tag=4367319041), Unit(name='MULE', tag=4401922049), Unit(name='SCV', tag=4349493249), Unit(name='SCV', tag=4355260417), Unit(name='SCV', tag=4347920385), Unit(name='SCV', tag=4348706817), Unit(name='SCV', tag=4385406977), Unit(name='SCV', tag=4389339137), Unit(name='SCV', tag=4350279681)] for zone 1 to safety
07:10 9652  120ms    35M  849G  91/110U INFO terranbot.builds.plans.acts.zone_defense:1062 Pulling worker [Unit(name='SCV', tag=4383571969), Unit(name='SCV', tag=4378329089), Unit(name='SCV', tag=4348968961), Unit(name='SCV', tag=4354473986), Unit(name='SCV', tag=4382261249), Unit(name='SCV', tag=4354736129), Unit(name='SCV', tag=4352114689), Unit(name='SCV', tag=4372037633), Unit(name='SCV', tag=4371513345), Unit(name='SCV', tag=4359979009)] for zone 1 to safety
07:11 9656  120ms    35M  853G  91/110U INFO terranbot.builds.plans.acts.zone_defense:1062 Pulling worker [Unit(name='SCV', tag=4390387713), Unit(name='SCV', tag=4352901121), Unit(name='SCV', tag=4374396929), Unit(name='SCV', tag=4380426241), Unit(name='SCV', tag=4379377665), Unit(name='SCV', tag=4387766273), Unit(name='SCV', tag=4368891905), Unit(name='SCV', tag=4348444673), Unit(name='SCV', tag=4386717697)] for zone 1 to safety
07:11 9660  121ms    35M  853G  91/110U INFO terranbot.builds.plans.acts.zone_defense:1062 Pulling worker [Unit(name='SCV', tag=4355260417), Unit(name='SCV', tag=4367319041), Unit(name='MULE', tag=4401922049), Unit(name='SCV', tag=4362862593), Unit(name='SCV', tag=4349493249), Unit(name='SCV', tag=4347920385), Unit(name='SCV', tag=4357881857), Unit(name='SCV', tag=4389339137), Unit(name='SCV', tag=4385406977), Unit(name='SCV', tag=4350279681)] for zone 1 to safety
07:11 9664  116ms    35M  853G  91/110U INFO terranbot.builds.plans.acts.zone_defense:1062 Pulling worker [Unit(name='SCV', tag=4383571969), Unit(name='SCV', tag=4378329089), Unit(name='SCV', tag=4370989057), Unit(name='SCV', tag=4372037633), Unit(name='SCV', tag=4348968961), Unit(name='SCV', tag=4348706817), Unit(name='SCV', tag=4350803969), Unit(name='SCV', tag=4359979009), Unit(name='SCV', tag=4371513345)] for zone 1 to safety
07:11 9668  138ms    35M  853G  91/110U INFO terranbot.builds.plans.acts.zone_defense:1062 Pulling worker [Unit(name='SCV', tag=4352901121), Unit(name='SCV', tag=4349755393), Unit(name='SCV', tag=4380426241), Unit(name='SCV', tag=4379377665), Unit(name='SCV', tag=4386717697), Unit(name='SCV', tag=4368891905), Unit(name='SCV', tag=4390387713), Unit(name='SCV', tag=4348444673)] for zone 1 to safety
07:11 9672   94ms    35M  853G  91/110U INFO terranbot.builds.plans.acts.zone_defense:1062 Pulling worker [Unit(name='SCV', tag=4367319041), Unit(name='MULE', tag=4401922049), Unit(name='SCV', tag=4362862593), Unit(name='SCV', tag=4349493249), Unit(name='SCV', tag=4354736129), Unit(name='SCV', tag=4387766273), Unit(name='SCV', tag=4374396929), Unit(name='SCV', tag=4347920385), Unit(name='SCV', tag=4352114689), Unit(name='SCV', tag=4355260417), Unit(name='SCV', tag=4389339137), Unit(name='SCV', tag=4354473986), Unit(name='SCV', tag=4350279681)] for zone 1 to safety
07:11 9676  133ms    35M  853G  91/110U INFO terranbot.builds.plans.acts.zone_defense:1062 Pulling worker [Unit(name='SCV', tag=4383571969), Unit(name='SCV', tag=4359979009), Unit(name='SCV', tag=4370989057), Unit(name='SCV', tag=4382261249), Unit(name='SCV', tag=4350803969), Unit(name='SCV', tag=4371513345), Unit(name='SCV', tag=4378329089)] for zone 1 to safety
07:12 9680  120ms    35M  853G  91/110U INFO terranbot.builds.plans.acts.zone_defense:1062 Pulling worker [Unit(name='SCV', tag=4352901121), Unit(name='SCV', tag=4357881857), Unit(name='SCV', tag=4372037633), Unit(name='SCV', tag=4348706817), Unit(name='SCV', tag=4385406977), Unit(name='SCV', tag=4368891905), Unit(name='SCV', tag=4390387713), Unit(name='SCV', tag=4348444673)] for zone 1 to safety
07:12 9684  138ms    35M  853G  91/110U INFO terranbot.builds.plans.acts.zone_defense:1062 Pulling worker [Unit(name='MULE', tag=4401922049), Unit(name='SCV', tag=4367319041), Unit(name='SCV', tag=4349493249), Unit(name='SCV', tag=4362862593), Unit(name='SCV', tag=4349755393), Unit(name='SCV', tag=4348968961), Unit(name='SCV', tag=4380426241), Unit(name='SCV', tag=4374396929), Unit(name='SCV', tag=4379377665), Unit(name='SCV', tag=4386717697), Unit(name='SCV', tag=4355260417), Unit(name='SCV', tag=4354736129), Unit(name='SCV', tag=4354473986), Unit(name='SCV', tag=4389339137), Unit(name='SCV', tag=4350279681)] for zone 1 to safety
07:12 9688  156ms    35M  853G  91/110U INFO terranbot.builds.plans.acts.zone_defense:1062 Pulling worker [Unit(name='SCV', tag=4371513345), Unit(name='SCV', tag=4359979009), Unit(name='SCV', tag=4370989057), Unit(name='SCV', tag=4347920385), Unit(name='SCV', tag=4387766273), Unit(name='SCV', tag=4352114689), Unit(name='SCV', tag=4383571969), Unit(name='SCV', tag=4378329089), Unit(name='SCV', tag=4350803969)] for zone 1 to safety
07:12 9692   97ms    35M  853G  91/110U INFO terranbot.builds.plans.acts.zone_defense:1062 Pulling worker [Unit(name='SCV', tag=4390387713), Unit(name='SCV', tag=4352901121), Unit(name='SCV', tag=4382261249), Unit(name='SCV', tag=4385406977), Unit(name='SCV', tag=4368891905)] for zone 1 to safety
07:12 9696   91ms    35M  853G  91/110U INFO terranbot.builds.plans.acts.zone_defense:1062 Pulling worker [Unit(name='MULE', tag=4401922049), Unit(name='SCV', tag=4367319041), Unit(name='SCV', tag=4349493249), Unit(name='SCV', tag=4354736129), Unit(name='SCV', tag=4362862593), Unit(name='SCV', tag=4348706817), Unit(name='SCV', tag=4380426241), Unit(name='SCV', tag=4348968961), Unit(name='SCV', tag=4372037633), Unit(name='SCV', tag=4355260417), Unit(name='SCV', tag=4354473986), Unit(name='SCV', tag=4389339137)] for zone 1 to safety
07:13 9700  140ms    35M  853G  91/110U INFO terranbot.builds.plans.acts.zone_defense:1062 Pulling worker [Unit(name='SCV', tag=4371513345), Unit(name='SCV', tag=4370989057), Unit(name='SCV', tag=4348444673), Unit(name='SCV', tag=4349755393), Unit(name='SCV', tag=4387766273), Unit(name='SCV', tag=4352114689), Unit(name='SCV', tag=4386717697), Unit(name='SCV', tag=4383571969), Unit(name='SCV', tag=4378329089), Unit(name='SCV', tag=4359979009), Unit(name='SCV', tag=4350803969)] for zone 1 to safety
07:13 9704  118ms    35M  853G  91/110U INFO terranbot.builds.plans.acts.zone_defense:1062 Pulling worker [Unit(name='SCV', tag=4385406977), Unit(name='SCV', tag=4347920385), Unit(name='SCV', tag=4357881857), Unit(name='SCV', tag=4350279681), Unit(name='SCV', tag=4374396929), Unit(name='SCV', tag=4390387713), Unit(name='SCV', tag=4368891905)] for zone 1 to safety
07:13 9708  105ms    35M  853G  91/110U INFO terranbot.builds.plans.acts.zone_defense:1062 Pulling worker [Unit(name='SCV', tag=4367319041), Unit(name='MULE', tag=4401922049), Unit(name='SCV', tag=4349493249), Unit(name='SCV', tag=4354736129), Unit(name='SCV', tag=4379377665), Unit(name='SCV', tag=4352901121), Unit(name='SCV', tag=4362862593), Unit(name='SCV', tag=4372037633), Unit(name='SCV', tag=4355260417), Unit(name='SCV', tag=4389339137), Unit(name='SCV', tag=4348706817)] for zone 1 to safety
07:13 9712  112ms    35M  853G  91/110U INFO terranbot.builds.plans.acts.zone_defense:1062 Pulling worker [Unit(name='SCV', tag=4359979009), Unit(name='SCV', tag=4380426241), Unit(name='SCV', tag=4348444673), Unit(name='SCV', tag=4382261249), Unit(name='SCV', tag=4370989057), Unit(name='SCV', tag=4386717697), Unit(name='SCV', tag=4371513345), Unit(name='SCV', tag=4378329089), Unit(name='SCV', tag=4383571969), Unit(name='SCV', tag=4350803969)] for zone 1 to safety
07:13 9716  118ms    35M  853G  91/110U INFO terranbot.builds.plans.acts.zone_defense:1062 Pulling worker [Unit(name='SCV', tag=4390387713), Unit(name='SCV', tag=4348968961), Unit(name='SCV', tag=4357881857), Unit(name='SCV', tag=4354473986), Unit(name='SCV', tag=4350279681), Unit(name='SCV', tag=4385406977), Unit(name='SCV', tag=4374396929), Unit(name='SCV', tag=4368891905)] for zone 1 to safety
07:13 9720   88ms    35M  857G  91/110U INFO terranbot.builds.plans.acts.zone_defense:1062 Pulling worker [Unit(name='MULE', tag=4401922049), Unit(name='SCV', tag=4349493249), Unit(name='SCV', tag=4354736129), Unit(name='SCV', tag=4356308993), Unit(name='SCV', tag=4387766273), Unit(name='SCV', tag=4347920385), Unit(name='SCV', tag=4367319041), Unit(name='SCV', tag=4348706817), Unit(name='SCV', tag=4355260417), Unit(name='SCV', tag=4389339137)] for zone 1 to safety
07:14 9724  114ms    35M  857G  91/110U INFO terranbot.builds.plans.acts.zone_defense:1062 Pulling worker [Unit(name='SCV', tag=4359979009), Unit(name='SCV', tag=4372037633), Unit(name='SCV', tag=4383571969), Unit(name='SCV', tag=4371513345), Unit(name='SCV', tag=4378329089), Unit(name='SCV', tag=4352114689)] for zone 1 to safety
07:14 9728   98ms    45M  857G  91/110U INFO terranbot.builds.plans.acts.zone_defense:1062 Pulling worker [Unit(name='SCV', tag=4390387713), Unit(name='SCV', tag=4362862593), Unit(name='SCV', tag=4357881857), Unit(name='SCV', tag=4348968961), Unit(name='SCV', tag=4348444673), Unit(name='SCV', tag=4380426241), Unit(name='SCV', tag=4385406977), Unit(name='SCV', tag=4374396929), Unit(name='SCV', tag=4368891905), Unit(name='SCV', tag=4386717697)] for zone 1 to safety
07:14 9732  144ms    55M  857G  91/110U INFO sharpy.managers.core.log_manager:80 [BuildAddon] UnitTypeId.BARRACKSREACTOR to (57.0, 58.0)
07:14 9732  144ms    55M  857G  91/110U INFO terranbot.builds.plans.acts.zone_defense:1062 Pulling worker [Unit(name='SCV', tag=4367319041), Unit(name='SCV', tag=4347920385), Unit(name='SCV', tag=4382261249), Unit(name='SCV', tag=4352901121), Unit(name='SCV', tag=4354736129), Unit(name='SCV', tag=4379377665), Unit(name='SCV', tag=4354473986), Unit(name='SCV', tag=4370989057), Unit(name='SCV', tag=4349493249), Unit(name='SCV', tag=4348706817), Unit(name='SCV', tag=4389339137), Unit(name='MULE', tag=4401922049), Unit(name='SCV', tag=4355260417), Unit(name='SCV', tag=4350279681)] for zone 1 to safety
07:14 9736  156ms     5M  807G  91/110U INFO terranbot.builds.plans.acts.zone_defense:1062 Pulling worker [Unit(name='SCV', tag=4359979009), Unit(name='SCV', tag=4383571969), Unit(name='SCV', tag=4352114689), Unit(name='SCV', tag=4372037633)] for zone 1 to safety
07:14 9740   87ms     5M  807G  91/110U INFO terranbot.builds.plans.acts.zone_defense:1062 Pulling worker [Unit(name='SCV', tag=4380426241), Unit(name='SCV', tag=4348968961), Unit(name='SCV', tag=4371513345), Unit(name='SCV', tag=4350803969), Unit(name='SCV', tag=4362862593), Unit(name='SCV', tag=4390387713), Unit(name='SCV', tag=4385406977), Unit(name='SCV', tag=4378329089), Unit(name='SCV', tag=4368891905)] for zone 1 to safety
07:15 9744  109ms     5M  807G  91/110U INFO terranbot.builds.plans.acts.zone_defense:1062 Pulling worker [Unit(name='SCV', tag=4347920385), Unit(name='SCV', tag=4367319041), Unit(name='SCV', tag=4352901121), Unit(name='SCV', tag=4379377665), Unit(name='SCV', tag=4370989057), Unit(name='SCV', tag=4354473986), Unit(name='SCV', tag=4356308993), Unit(name='SCV', tag=4348444673), Unit(name='SCV', tag=4357881857), Unit(name='SCV', tag=4389339137), Unit(name='MULE', tag=4401922049), Unit(name='SCV', tag=4349493249), Unit(name='SCV', tag=4348706817), Unit(name='SCV', tag=4355260417), Unit(name='SCV', tag=4386717697)] for zone 1 to safety
07:15 9748  155ms     5M  811G  91/110U INFO terranbot.builds.plans.acts.zone_defense:1062 Pulling worker [Unit(name='SCV', tag=4359979009), Unit(name='SCV', tag=4374396929), Unit(name='SCV', tag=4352114689), Unit(name='SCV', tag=4350279681), Unit(name='SCV', tag=4372037633), Unit(name='SCV', tag=4387766273), Unit(name='SCV', tag=4383571969)] for zone 1 to safety
07:15 9752  100ms     5M  815G  91/110U INFO sharpy.managers.core.log_manager:80 [GameAnalyzer] Income advantage is now SmallDisadvantage
07:15 9752  100ms     5M  815G  91/110U INFO terranbot.builds.plans.acts.zone_defense:1062 Pulling worker [Unit(name='SCV', tag=4371513345), Unit(name='SCV', tag=4354736129), Unit(name='SCV', tag=4380426241), Unit(name='SCV', tag=4390387713), Unit(name='SCV', tag=4385406977), Unit(name='SCV', tag=4350803969), Unit(name='SCV', tag=4368891905)] for zone 1 to safety
07:15 9756   93ms     5M  815G  91/110U INFO terranbot.builds.plans.acts.zone_defense:1062 Pulling worker [Unit(name='SCV', tag=4349493249), Unit(name='SCV', tag=4347920385), Unit(name='SCV', tag=4367319041), Unit(name='SCV', tag=4352901121), Unit(name='SCV', tag=4362862593), Unit(name='SCV', tag=4348444673), Unit(name='SCV', tag=4357881857), Unit(name='SCV', tag=4348968961), Unit(name='SCV', tag=4382261249), Unit(name='SCV', tag=4348706817), Unit(name='SCV', tag=4355260417), Unit(name='MULE', tag=4401922049), Unit(name='SCV', tag=4354473986), Unit(name='SCV', tag=4389339137)] for zone 1 to safety
07:15 9760  113ms     5M  815G  91/110U INFO sharpy.managers.core.log_manager:80 [GameAnalyzer] Income advantage is now ClearDisadvantage
07:15 9760  113ms     5M  815G  91/110U INFO terranbot.builds.plans.acts.zone_defense:1062 Pulling worker [Unit(name='SCV', tag=4359979009), Unit(name='SCV', tag=4383571969), Unit(name='SCV', tag=4386717697), Unit(name='SCV', tag=4356308993)] for zone 1 to safety
07:15 9764  107ms     5M  815G  91/110U INFO sharpy.managers.core.log_manager:80 [GameAnalyzer] Income advantage is now SmallDisadvantage
07:15 9764  107ms     5M  815G  91/110U INFO terranbot.builds.plans.acts.zone_defense:1062 Pulling worker [Unit(name='SCV', tag=4390387713), Unit(name='SCV', tag=4371513345), Unit(name='SCV', tag=4380426241), Unit(name='SCV', tag=4385406977), Unit(name='SCV', tag=4387766273), Unit(name='SCV', tag=4368891905), Unit(name='SCV', tag=4370989057), Unit(name='SCV', tag=4350803969)] for zone 1 to safety
07:16 9768   93ms     5M  815G  91/110U INFO sharpy.managers.core.log_manager:80 [GameAnalyzer] Income advantage is now ClearDisadvantage
07:16 9768   93ms     5M  815G  91/110U INFO terranbot.builds.plans.acts.zone_defense:1062 Pulling worker [Unit(name='SCV', tag=4347920385), Unit(name='SCV', tag=4349493249), Unit(name='SCV', tag=4355260417), Unit(name='SCV', tag=4367319041), Unit(name='SCV', tag=4362862593), Unit(name='SCV', tag=4354736129), Unit(name='SCV', tag=4348968961), Unit(name='SCV', tag=4382261249), Unit(name='SCV', tag=4352901121), Unit(name='SCV', tag=4348706817), Unit(name='MULE', tag=4401922049), Unit(name='SCV', tag=4389339137), Unit(name='SCV', tag=4350279681), Unit(name='SCV', tag=4379377665), Unit(name='SCV', tag=4354473986)] for zone 1 to safety
07:16 9772  127ms     5M  815G  91/110U INFO terranbot.builds.plans.acts.zone_defense:1062 Pulling worker [Unit(name='SCV', tag=4356308993), Unit(name='SCV', tag=4357881857), Unit(name='SCV', tag=4383571969)] for zone 1 to safety
07:16 9776   87ms     5M  815G  91/110U INFO sharpy.managers.core.log_manager:80 [GameAnalyzer] Income advantage is now SmallDisadvantage
07:16 9776   87ms     5M  815G  91/110U INFO terranbot.builds.plans.acts.zone_defense:1062 Pulling worker [Unit(name='SCV', tag=4390387713), Unit(name='SCV', tag=4352114689), Unit(name='SCV', tag=4371513345), Unit(name='SCV', tag=4348444673), Unit(name='SCV', tag=4380426241), Unit(name='SCV', tag=4368891905), Unit(name='SCV', tag=4370989057), Unit(name='SCV', tag=4386717697), Unit(name='SCV', tag=4350803969)] for zone 1 to safety
07:16 9780  129ms     5M  815G  91/110U INFO terranbot.builds.plans.acts.zone_defense:1062 Pulling worker [Unit(name='SCV', tag=4349493249), Unit(name='SCV', tag=4367319041), Unit(name='SCV', tag=4355260417), Unit(name='SCV', tag=4352901121), Unit(name='SCV', tag=4354736129), Unit(name='SCV', tag=4362862593), Unit(name='SCV', tag=4385406977), Unit(name='SCV', tag=4350279681), Unit(name='SCV', tag=4387766273), Unit(name='SCV', tag=4389339137), Unit(name='SCV', tag=4347920385), Unit(name='SCV', tag=4348706817), Unit(name='MULE', tag=4401922049), Unit(name='SCV', tag=4379377665), Unit(name='SCV', tag=4354473986)] for zone 1 to safety
07:16 9784  139ms     5M  815G  91/110U INFO sharpy.managers.core.log_manager:80 [GameAnalyzer] Income advantage is now ClearDisadvantage
07:16 9784  139ms     5M  815G  91/110U INFO terranbot.builds.plans.acts.zone_defense:1062 Pulling worker [Unit(name='SCV', tag=4382261249), Unit(name='SCV', tag=4359979009), Unit(name='SCV', tag=4357881857), Unit(name='SCV', tag=4383571969)] for zone 1 to safety
07:16 9788   99ms     5M  815G  91/110U INFO sharpy.managers.core.log_manager:80 [GameAnalyzer] Income advantage is now SmallDisadvantage
07:16 9788   99ms     5M  815G  91/110U INFO terranbot.builds.plans.acts.zone_defense:1062 Pulling worker [Unit(name='SCV', tag=4368891905), Unit(name='SCV', tag=4380426241), Unit(name='SCV', tag=4390387713), Unit(name='SCV', tag=4371513345), Unit(name='SCV', tag=4348444673), Unit(name='SCV', tag=4348968961), Unit(name='SCV', tag=4356308993), Unit(name='SCV', tag=4370989057)] for zone 1 to safety
07:17 9792   94ms     5M  815G  91/110U INFO sharpy.managers.core.log_manager:80 [GameAnalyzer] Income advantage is now ClearDisadvantage
07:17 9792   94ms     5M  815G  91/110U INFO terranbot.builds.plans.acts.zone_defense:1062 Pulling worker [Unit(name='SCV', tag=4367319041), Unit(name='SCV', tag=4349493249), Unit(name='SCV', tag=4385406977), Unit(name='SCV', tag=4352901121), Unit(name='SCV', tag=4362862593), Unit(name='SCV', tag=4352114689), Unit(name='SCV', tag=4387766273), Unit(name='SCV', tag=4386717697), Unit(name='SCV', tag=4349755393), Unit(name='SCV', tag=4354736129), Unit(name='SCV', tag=4372037633), Unit(name='SCV', tag=4347920385), Unit(name='SCV', tag=4355260417), Unit(name='SCV', tag=4348706817), Unit(name='SCV', tag=4389339137), Unit(name='SCV', tag=4379377665), Unit(name='SCV', tag=4354473986), Unit(name='MULE', tag=4401922049), Unit(name='SCV', tag=4350803969)] for zone 1 to safety
07:17 9796  158ms     5M  815G  91/110U INFO terranbot.builds.plans.acts.zone_defense:1062 Pulling worker [Unit(name='SCV', tag=4357881857), Unit(name='SCV', tag=4383571969)] for zone 1 to safety
07:17 9800   85ms     5M  815G  91/110U INFO terranbot.builds.plans.acts.zone_defense:1062 Pulling worker [Unit(name='SCV', tag=4368891905), Unit(name='SCV', tag=4390387713), Unit(name='SCV', tag=4348444673), Unit(name='SCV', tag=4371513345), Unit(name='SCV', tag=4348968961), Unit(name='SCV', tag=4378329089), Unit(name='SCV', tag=4359979009), Unit(name='SCV', tag=4380426241), Unit(name='SCV', tag=4370989057)] for zone 1 to safety
07:17 9804  113ms     5M  815G  91/110U INFO terranbot.builds.plans.acts.zone_defense:1062 Pulling worker [Unit(name='SCV', tag=4389339137), Unit(name='SCV', tag=4349493249), Unit(name='SCV', tag=4352114689), Unit(name='SCV', tag=4362862593), Unit(name='SCV', tag=4355260417), Unit(name='SCV', tag=4385406977), Unit(name='SCV', tag=4386717697), Unit(name='SCV', tag=4367319041), Unit(name='SCV', tag=4348706817), Unit(name='SCV', tag=4347920385), Unit(name='SCV', tag=4354473986), Unit(name='SCV', tag=4356308993), Unit(name='MULE', tag=4401922049), Unit(name='SCV', tag=4350803969)] for zone 1 to safety
07:17 9808  118ms     5M  819G  91/110U INFO terranbot.activity.location_modifiers:130 unit_to_place_beside: Unit(name='Barracks', tag=4378066945) - unit_to_place_beside.type_id=UnitTypeId.BARRACKS - position=(45.5, 60.5)
07:17 9808  118ms     5M  819G  91/110U INFO terranbot.builds.plans.acts.zone_defense:1062 Pulling worker [Unit(name='SCV', tag=4350279681), Unit(name='SCV', tag=4382261249), Unit(name='SCV', tag=4352901121), Unit(name='SCV', tag=4383571969)] for zone 1 to safety
07:18 9812  104ms     5M  819G  91/110U INFO terranbot.builds.plans.acts.zone_defense:1062 Pulling worker [Unit(name='SCV', tag=4368891905), Unit(name='SCV', tag=4390387713), Unit(name='SCV', tag=4371513345), Unit(name='SCV', tag=4348444673), Unit(name='SCV', tag=4372037633), Unit(name='SCV', tag=4375707649), Unit(name='SCV', tag=4379377665), Unit(name='SCV', tag=4357881857), Unit(name='SCV', tag=4380426241), Unit(name='SCV', tag=4348968961), Unit(name='SCV', tag=4370989057), Unit(name='SCV', tag=4387766273)] for zone 1 to safety
07:18 9816  142ms     5M  819G  91/110U INFO terranbot.activity.location_modifiers:130 unit_to_place_beside: Unit(name='Barracks', tag=4363649026) - unit_to_place_beside.type_id=UnitTypeId.BARRACKS - position=(41.5, 63.5)
07:18 9816  142ms     5M  819G  91/110U INFO terranbot.builds.plans.acts.zone_defense:1062 Pulling worker [Unit(name='SCV', tag=4389339137), Unit(name='SCV', tag=4349493249), Unit(name='SCV', tag=4362862593), Unit(name='SCV', tag=4359979009), Unit(name='SCV', tag=4354736129), Unit(name='SCV', tag=4352114689), Unit(name='SCV', tag=4367319041), Unit(name='SCV', tag=4347920385), Unit(name='SCV', tag=4386717697), Unit(name='SCV', tag=4356308993), Unit(name='SCV', tag=4354473986), Unit(name='SCV', tag=4348706817)] for zone 1 to safety
07:18 9820  138ms     5M  819G  91/110U INFO terranbot.activity.location_modifiers:130 unit_to_place_beside: Unit(name='Starport', tag=4363124737) - unit_to_place_beside.type_id=UnitTypeId.STARPORT - position=(48.5, 63.5)
07:18 9820  138ms     5M  819G  91/110U INFO terranbot.builds.plans.acts.zone_defense:1062 Pulling worker [Unit(name='SCV', tag=4382261249), Unit(name='SCV', tag=4355260417), Unit(name='SCV', tag=4349755393), Unit(name='SCV', tag=4383571969)] for zone 1 to safety
07:18 9824   96ms     5M  819G  91/110U INFO terranbot.builds.plans.acts.zone_defense:1062 Pulling worker [Unit(name='SCV', tag=4390387713), Unit(name='SCV', tag=4368891905), Unit(name='SCV', tag=4348444673), Unit(name='SCV', tag=4378329089), Unit(name='MULE', tag=4401922049), Unit(name='SCV', tag=4380426241), Unit(name='SCV', tag=4371513345), Unit(name='SCV', tag=4348968961)] for zone 1 to safety
07:18 9828  135ms    20M  819G  91/110U INFO terranbot.builds.plans.acts.zone_defense:1062 Pulling worker [Unit(name='SCV', tag=4362862593), Unit(name='SCV', tag=4367319041), Unit(name='SCV', tag=4389339137), Unit(name='SCV', tag=4354736129), Unit(name='SCV', tag=4385406977), Unit(name='SCV', tag=4359979009), Unit(name='SCV', tag=4387766273), Unit(name='SCV', tag=4347920385), Unit(name='SCV', tag=4349493249), Unit(name='SCV', tag=4350279681), Unit(name='SCV', tag=4350803969), Unit(name='SCV', tag=4354473986), Unit(name='SCV', tag=4348706817)] for zone 1 to safety
07:18 9832  123ms    20M  819G  91/110U INFO terranbot.builds.plans.acts.zone_defense:1062 Pulling worker [Unit(name='SCV', tag=4379377665), Unit(name='SCV', tag=4352114689), Unit(name='SCV', tag=4355260417), Unit(name='SCV', tag=4356308993), Unit(name='SCV', tag=4383571969), Unit(name='SCV', tag=4357881857), Unit(name='SCV', tag=4370989057), Unit(name='SCV', tag=4386717697)] for zone 1 to safety
07:19 9836   90ms    25M  823G  91/110U INFO terranbot.builds.plans.acts.zone_defense:1062 Pulling worker [Unit(name='SCV', tag=4390387713), Unit(name='SCV', tag=4371513345), Unit(name='SCV', tag=4348444673), Unit(name='MULE', tag=4401922049), Unit(name='SCV', tag=4378329089), Unit(name='SCV', tag=4382261249), Unit(name='SCV', tag=4372037633), Unit(name='SCV', tag=4375707649), Unit(name='SCV', tag=4368891905), Unit(name='SCV', tag=4380426241), Unit(name='SCV', tag=4348968961)] for zone 1 to safety
07:19 9840  102ms    25M  823G  91/110U INFO terranbot.builds.plans.acts.zone_defense:1062 Pulling worker [Unit(name='SCV', tag=4367319041), Unit(name='SCV', tag=4389339137), Unit(name='SCV', tag=4385406977), Unit(name='SCV', tag=4354736129), Unit(name='SCV', tag=4349493249), Unit(name='SCV', tag=4347920385), Unit(name='SCV', tag=4348706817), Unit(name='SCV', tag=4362862593), Unit(name='SCV', tag=4350279681), Unit(name='SCV', tag=4350803969)] for zone 1 to safety
07:19 9844  111ms    25M  827G  91/110U INFO terranbot.builds.plans.acts.zone_defense:1062 Pulling worker [Unit(name='SCV', tag=4379377665), Unit(name='SCV', tag=4349755393), Unit(name='SCV', tag=4359979009), Unit(name='SCV', tag=4352901121), Unit(name='SCV', tag=4383571969), Unit(name='SCV', tag=4386717697), Unit(name='SCV', tag=4357881857)] for zone 1 to safety
07:19 9848  117ms    25M  827G  91/110U INFO terranbot.builds.plans.acts.zone_defense:1062 Pulling worker [Unit(name='SCV', tag=4390387713), Unit(name='SCV', tag=4348444673), Unit(name='SCV', tag=4356308993), Unit(name='SCV', tag=4374396929), Unit(name='SCV', tag=4354473986), Unit(name='MULE', tag=4401922049), Unit(name='SCV', tag=4380426241), Unit(name='SCV', tag=4375707649), Unit(name='SCV', tag=4371513345), Unit(name='SCV', tag=4368891905), Unit(name='SCV', tag=4348968961), Unit(name='SCV', tag=4370989057)] for zone 1 to safety
07:19 9852  143ms    25M  827G  91/110U INFO terranbot.builds.plans.acts.zone_defense:1062 Pulling worker [Unit(name='SCV', tag=4350279681), Unit(name='SCV', tag=4389339137), Unit(name='SCV', tag=4372037633), Unit(name='SCV', tag=4378329089), Unit(name='SCV', tag=4387766273), Unit(name='SCV', tag=4347920385), Unit(name='SCV', tag=4354736129), Unit(name='SCV', tag=4355260417), Unit(name='SCV', tag=4362862593), Unit(name='SCV', tag=4367319041), Unit(name='SCV', tag=4348706817)] for zone 1 to safety
07:20 9856  140ms    30M  827G  91/110U INFO terranbot.builds.plans.acts.zone_defense:1062 Pulling worker [Unit(name='SCV', tag=4379377665), Unit(name='SCV', tag=4349755393), Unit(name='SCV', tag=4382261249), Unit(name='SCV', tag=4350803969), Unit(name='SCV', tag=4383571969), Unit(name='SCV', tag=4357881857)] for zone 1 to safety
07:20 9860  116ms    30M  827G  91/110U INFO sharpy.managers.core.log_manager:80 [GameAnalyzer] Income advantage is now SmallDisadvantage
07:20 9860  116ms    30M  827G  91/110U INFO terranbot.builds.plans.acts.zone_defense:1062 Pulling worker [Unit(name='SCV', tag=4390387713), Unit(name='SCV', tag=4348444673), Unit(name='SCV', tag=4371513345), Unit(name='MULE', tag=4401922049), Unit(name='SCV', tag=4352901121), Unit(name='SCV', tag=4368891905), Unit(name='SCV', tag=4380426241), Unit(name='SCV', tag=4375707649), Unit(name='SCV', tag=4348968961), Unit(name='SCV', tag=4370989057), Unit(name='SCV', tag=4386717697)] for zone 1 to safety
07:20 9864  104ms    30M  827G  91/110U INFO terranbot.builds.plans.acts.zone_defense:1062 Pulling worker [Unit(name='SCV', tag=4350279681), Unit(name='SCV', tag=4362862593), Unit(name='SCV', tag=4378329089), Unit(name='SCV', tag=4356308993), Unit(name='SCV', tag=4367319041), Unit(name='SCV', tag=4387766273), Unit(name='SCV', tag=4354473986), Unit(name='SCV', tag=4347920385), Unit(name='SCV', tag=4389339137), Unit(name='SCV', tag=4348706817)] for zone 1 to safety
07:20 9868  126ms    30M  827G  91/110U INFO sharpy.managers.core.log_manager:80 [GameAnalyzer] Income advantage is now ClearDisadvantage
07:20 9868  126ms    30M  827G  91/110U INFO terranbot.activity.location_modifiers:130 unit_to_place_beside: Unit(name='Barracks', tag=4380164097) - unit_to_place_beside.type_id=UnitTypeId.BARRACKS - position=(48.5, 63.5)
07:20 9868  126ms    30M  827G  91/110U INFO terranbot.builds.plans.acts.zone_defense:1062 Pulling worker [Unit(name='SCV', tag=4349755393), Unit(name='SCV', tag=4350803969), Unit(name='SCV', tag=4359979009), Unit(name='SCV', tag=4357881857), Unit(name='SCV', tag=4349493249), Unit(name='SCV', tag=4372037633), Unit(name='SCV', tag=4352114689), Unit(name='SCV', tag=4382261249), Unit(name='SCV', tag=4383571969)] for zone 1 to safety
07:20 9872  124ms    30M  827G  91/110U INFO terranbot.builds.plans.acts.zone_defense:1062 Pulling worker [Unit(name='SCV', tag=4390387713), Unit(name='SCV', tag=4348444673), Unit(name='SCV', tag=4371513345), Unit(name='SCV', tag=4368891905), Unit(name='SCV', tag=4380426241), Unit(name='SCV', tag=4375707649), Unit(name='SCV', tag=4370989057)] for zone 1 to safety
07:20 9876  221ms    30M  827G  91/110U INFO terranbot.builds.plans.acts.zone_defense:1062 Pulling worker [Unit(name='SCV', tag=4347920385), Unit(name='SCV', tag=4354736129), Unit(name='SCV', tag=4379377665), Unit(name='SCV', tag=4367319041), Unit(name='SCV', tag=4352901121), Unit(name='SCV', tag=4356308993), Unit(name='SCV', tag=4389339137), Unit(name='SCV', tag=4362862593), Unit(name='SCV', tag=4378329089), Unit(name='SCV', tag=4350279681), Unit(name='SCV', tag=4374396929), Unit(name='SCV', tag=4348968961), Unit(name='SCV', tag=4386717697)] for zone 1 to safety
07:21 9880  141ms    30M  827G  91/110U INFO terranbot.builds.plans.acts.zone_defense:1062 Pulling worker [Unit(name='SCV', tag=4359979009), Unit(name='SCV', tag=4382261249), Unit(name='SCV', tag=4387766273), Unit(name='SCV', tag=4372037633), Unit(name='SCV', tag=4383571969), Unit(name='SCV', tag=4349493249)] for zone 1 to safety
07:21 9884   94ms    30M  827G  91/110U INFO terranbot.builds.plans.acts.zone_defense:1062 Pulling worker [Unit(name='SCV', tag=4380426241), Unit(name='SCV', tag=4390387713), Unit(name='SCV', tag=4375707649), Unit(name='SCV', tag=4371513345), Unit(name='SCV', tag=4350803969), Unit(name='SCV', tag=4349755393), Unit(name='SCV', tag=4354473986), Unit(name='SCV', tag=4348706817), Unit(name='SCV', tag=4368891905), Unit(name='SCV', tag=4348444673), Unit(name='MULE', tag=4401922049), Unit(name='SCV', tag=4370989057)] for zone 1 to safety
07:21 9888  126ms    30M  827G  91/110U INFO terranbot.builds.plans.acts.zone_defense:1062 Pulling worker [Unit(name='SCV', tag=4362862593), Unit(name='SCV', tag=4378329089), Unit(name='SCV', tag=4367319041), Unit(name='SCV', tag=4357881857), Unit(name='SCV', tag=4354736129), Unit(name='SCV', tag=4347920385), Unit(name='SCV', tag=4350279681), Unit(name='SCV', tag=4389339137), Unit(name='SCV', tag=4374396929)] for zone 1 to safety
07:21 9892  129ms    30M  827G  91/110U INFO terranbot.builds.plans.acts.zone_defense:1062 Pulling worker [Unit(name='SCV', tag=4359979009), Unit(name='SCV', tag=4382261249), Unit(name='SCV', tag=4352114689), Unit(name='SCV', tag=4348968961), Unit(name='SCV', tag=4379377665), Unit(name='SCV', tag=4352901121), Unit(name='SCV', tag=4383571969), Unit(name='SCV', tag=4349493249), Unit(name='SCV', tag=4386717697)] for zone 1 to safety
07:21 9896  116ms    30M  827G  91/110U INFO terranbot.builds.plans.acts.zone_defense:1062 Pulling worker [Unit(name='SCV', tag=4390387713), Unit(name='SCV', tag=4375707649), Unit(name='SCV', tag=4348444673), Unit(name='SCV', tag=4348706817), Unit(name='SCV', tag=4350803969), Unit(name='SCV', tag=4368891905), Unit(name='SCV', tag=4371513345), Unit(name='SCV', tag=4380426241), Unit(name='SCV', tag=4370989057), Unit(name='MULE', tag=4401922049)] for zone 1 to safety
07:21 9900  117ms    30M  827G  91/110U INFO terranbot.builds.plans.acts.zone_defense:1062 Pulling worker [Unit(name='SCV', tag=4378329089), Unit(name='SCV', tag=4349755393), Unit(name='SCV', tag=4357881857), Unit(name='SCV', tag=4354473986), Unit(name='SCV', tag=4367319041), Unit(name='SCV', tag=4372037633), Unit(name='SCV', tag=4354736129), Unit(name='SCV', tag=4356308993), Unit(name='SCV', tag=4362862593), Unit(name='SCV', tag=4389339137), Unit(name='SCV', tag=4350279681)] for zone 1 to safety
07:22 9904  123ms    30M  831G  91/110U INFO terranbot.builds.plans.acts.zone_defense:1062 Pulling worker [Unit(name='SCV', tag=4352114689), Unit(name='SCV', tag=4352901121), Unit(name='SCV', tag=4359979009), Unit(name='SCV', tag=4347920385), Unit(name='SCV', tag=4382261249), Unit(name='SCV', tag=4386717697), Unit(name='SCV', tag=4349493249), Unit(name='SCV', tag=4348968961), Unit(name='SCV', tag=4383571969)] for zone 1 to safety
07:22 9908  126ms    30M  835G  91/110U INFO terranbot.builds.plans.acts.zone_defense:1062 Pulling worker [Unit(name='SCV', tag=4390387713), Unit(name='SCV', tag=4368891905), Unit(name='SCV', tag=4371513345), Unit(name='SCV', tag=4348444673), Unit(name='SCV', tag=4379377665), Unit(name='SCV', tag=4385406977), Unit(name='SCV', tag=4374396929), Unit(name='SCV', tag=4375707649), Unit(name='SCV', tag=4380426241), Unit(name='SCV', tag=4370989057), Unit(name='SCV', tag=4387766273)] for zone 1 to safety
07:22 9912  133ms    30M  835G  91/110U INFO terranbot.builds.plans.acts.zone_defense:1062 Pulling worker [Unit(name='SCV', tag=4357881857), Unit(name='SCV', tag=4378329089), Unit(name='SCV', tag=4350803969), Unit(name='SCV', tag=4348706817), Unit(name='SCV', tag=4356308993), Unit(name='SCV', tag=4362862593), Unit(name='SCV', tag=4389339137), Unit(name='SCV', tag=4372037633), Unit(name='MULE', tag=4401922049)] for zone 1 to safety
07:22 9916  127ms    30M  835G  91/110U INFO terranbot.builds.plans.acts.zone_defense:1062 Pulling worker [Unit(name='SCV', tag=4359979009), Unit(name='SCV', tag=4352901121), Unit(name='SCV', tag=4349755393), Unit(name='SCV', tag=4354736129), Unit(name='SCV', tag=4350279681), Unit(name='SCV', tag=4382261249), Unit(name='SCV', tag=4383571969), Unit(name='SCV', tag=4349493249)] for zone 1 to safety
07:22 9920  103ms    30M  835G  91/110U INFO terranbot.builds.plans.acts.zone_defense:1062 Pulling worker [Unit(name='SCV', tag=4368891905), Unit(name='SCV', tag=4390387713), Unit(name='SCV', tag=4348444673), Unit(name='SCV', tag=4374396929), Unit(name='SCV', tag=4354473986), Unit(name='SCV', tag=4352114689), Unit(name='SCV', tag=4347920385), Unit(name='SCV', tag=4386717697), Unit(name='SCV', tag=4370989057), Unit(name='SCV', tag=4387766273), Unit(name='SCV', tag=4371513345), Unit(name='SCV', tag=4375707649), Unit(name='SCV', tag=4380426241)] for zone 1 to safety
07:23 9924  145ms    30M  835G  91/110U INFO terranbot.builds.plans.acts.zone_defense:1062 Pulling worker [Unit(name='SCV', tag=4389339137), Unit(name='SCV', tag=4378329089), Unit(name='SCV', tag=4348706817), Unit(name='SCV', tag=4357881857), Unit(name='SCV', tag=4367319041), Unit(name='SCV', tag=4379377665), Unit(name='SCV', tag=4362862593), Unit(name='SCV', tag=4372037633), Unit(name='SCV', tag=4348968961)] for zone 1 to safety
07:23 9928  148ms    40M  835G  91/110U INFO terranbot.builds.plans.acts.zone_defense:1062 Pulling worker [Unit(name='SCV', tag=4382261249), Unit(name='SCV', tag=4352901121), Unit(name='SCV', tag=4350803969), Unit(name='SCV', tag=4349493249), Unit(name='SCV', tag=4354736129), Unit(name='SCV', tag=4383571969)] for zone 1 to safety
07:23 9932  107ms    40M  835G  91/110U INFO terranbot.builds.plans.acts.zone_defense:1062 Pulling worker [Unit(name='SCV', tag=4390387713), Unit(name='SCV', tag=4368891905), Unit(name='SCV', tag=4349755393), Unit(name='SCV', tag=4356308993), Unit(name='SCV', tag=4374396929), Unit(name='SCV', tag=4348444673), Unit(name='SCV', tag=4387766273), Unit(name='SCV', tag=4375707649), Unit(name='SCV', tag=4371513345), Unit(name='SCV', tag=4370989057), Unit(name='SCV', tag=4380426241), Unit(name='SCV', tag=4386717697)] for zone 1 to safety
07:23 9936  117ms    40M  839G  91/110U INFO terranbot.builds.plans.acts.zone_defense:1062 Pulling worker [Unit(name='SCV', tag=4350279681), Unit(name='SCV', tag=4359979009), Unit(name='SCV', tag=4357881857), Unit(name='SCV', tag=4354473986), Unit(name='SCV', tag=4348968961), Unit(name='SCV', tag=4362862593), Unit(name='SCV', tag=4378329089), Unit(name='SCV', tag=4389339137), Unit(name='SCV', tag=4385406977)] for zone 1 to safety
07:23 9940  143ms    40M  839G  91/110U INFO terranbot.builds.plans.acts.zone_defense:1062 Pulling worker [Unit(name='SCV', tag=4382261249), Unit(name='SCV', tag=4352901121), Unit(name='SCV', tag=4367319041), Unit(name='SCV', tag=4348706817), Unit(name='SCV', tag=4379377665), Unit(name='SCV', tag=4383571969)] for zone 1 to safety
07:23 9944  107ms    40M  839G  91/110U INFO terranbot.builds.plans.acts.zone_defense:1062 Pulling worker [Unit(name='SCV', tag=4368891905), Unit(name='SCV', tag=4390387713), Unit(name='SCV', tag=4348444673), Unit(name='SCV', tag=4374396929), Unit(name='SCV', tag=4349755393), Unit(name='SCV', tag=4372037633), Unit(name='SCV', tag=4347920385), Unit(name='SCV', tag=4371513345), Unit(name='SCV', tag=4375707649), Unit(name='SCV', tag=4387766273), Unit(name='SCV', tag=4370989057)] for zone 1 to safety
07:24 9948  123ms    40M  839G  91/110U INFO terranbot.builds.plans.acts.zone_defense:1062 Pulling worker [Unit(name='SCV', tag=4359979009), Unit(name='SCV', tag=4380426241), Unit(name='SCV', tag=4378329089), Unit(name='SCV', tag=4362862593), Unit(name='SCV', tag=4350279681), Unit(name='SCV', tag=4354736129), Unit(name='SCV', tag=4357881857), Unit(name='SCV', tag=4354473986), Unit(name='SCV', tag=4352114689), Unit(name='SCV', tag=4389339137), Unit(name='SCV', tag=4348968961), Unit(name='SCV', tag=4386717697)] for zone 1 to safety
07:24 9952  142ms    40M  839G  91/110U INFO terranbot.builds.plans.acts.zone_defense:1062 Pulling worker [Unit(name='SCV', tag=4382261249), Unit(name='SCV', tag=4352901121), Unit(name='SCV', tag=4356308993), Unit(name='SCV', tag=4367319041), Unit(name='SCV', tag=4379377665), Unit(name='SCV', tag=4383571969)] for zone 1 to safety
07:24 9956  105ms    40M  839G  91/110U INFO terranbot.builds.plans.acts.zone_defense:1062 Pulling worker [Unit(name='SCV', tag=4368891905), Unit(name='SCV', tag=4375707649), Unit(name='SCV', tag=4371513345), Unit(name='SCV', tag=4390387713), Unit(name='SCV', tag=4374396929), Unit(name='SCV', tag=4348444673), Unit(name='SCV', tag=4372037633), Unit(name='SCV', tag=4349755393), Unit(name='SCV', tag=4387766273), Unit(name='SCV', tag=4370989057)] for zone 1 to safety
07:24 9960  109ms    40M  839G  91/110U INFO terranbot.builds.plans.acts.zone_defense:1062 Pulling worker [Unit(name='SCV', tag=4347920385), Unit(name='SCV', tag=4362862593), Unit(name='SCV', tag=4348968961), Unit(name='SCV', tag=4348706817), Unit(name='SCV', tag=4350279681), Unit(name='SCV', tag=4385406977), Unit(name='SCV', tag=4378329089), Unit(name='SCV', tag=4389339137), Unit(name='SCV', tag=4352114689), Unit(name='SCV', tag=4380426241)] for zone 1 to safety
07:24 9964  104ms    40M  839G  91/110U INFO terranbot.builds.plans.acts.zone_defense:1062 Pulling worker [Unit(name='SCV', tag=4382261249), Unit(name='SCV', tag=4359979009), Unit(name='SCV', tag=4386717697), Unit(name='SCV', tag=4379377665), Unit(name='SCV', tag=4354473986), Unit(name='SCV', tag=4354736129)] for zone 1 to safety
07:25 9968  108ms    40M  839G  91/110U INFO terranbot.builds.plans.acts.zone_defense:1062 Pulling worker [Unit(name='SCV', tag=4372037633), Unit(name='SCV', tag=4390387713), Unit(name='SCV', tag=4348444673), Unit(name='SCV', tag=4368891905), Unit(name='SCV', tag=4370989057), Unit(name='SCV', tag=4375707649), Unit(name='SCV', tag=4352901121), Unit(name='SCV', tag=4374396929), Unit(name='SCV', tag=4367319041), Unit(name='SCV', tag=4349493249), Unit(name='SCV', tag=4383571969), Unit(name='SCV', tag=4349755393), Unit(name='SCV', tag=4371513345), Unit(name='SCV', tag=4387766273)] for zone 1 to safety
07:25 9972  169ms    40M  839G  91/110U INFO terranbot.builds.plans.acts.zone_defense:1062 Pulling worker [Unit(name='SCV', tag=4378329089), Unit(name='SCV', tag=4389339137), Unit(name='SCV', tag=4362862593), Unit(name='SCV', tag=4350279681), Unit(name='SCV', tag=4348706817), Unit(name='SCV', tag=4356308993), Unit(name='SCV', tag=4348968961), Unit(name='SCV', tag=4352114689), Unit(name='SCV', tag=4380426241)] for zone 1 to safety
07:25 9976  129ms    40M  839G  91/110U INFO terranbot.builds.plans.acts.zone_defense:1062 Pulling worker [Unit(name='SCV', tag=4385406977), Unit(name='SCV', tag=4354473986), Unit(name='SCV', tag=4359979009), Unit(name='SCV', tag=4386717697), Unit(name='MULE', tag=4401922049), Unit(name='SCV', tag=4357881857), Unit(name='SCV', tag=4347920385), Unit(name='SCV', tag=4382261249), Unit(name='SCV', tag=4354736129)] for zone 1 to safety
07:25 9980  119ms    40M  839G  91/110U INFO terranbot.builds.plans.acts.zone_defense:1062 Pulling worker [Unit(name='SCV', tag=4390387713), Unit(name='SCV', tag=4348444673), Unit(name='SCV', tag=4372037633), Unit(name='SCV', tag=4375707649), Unit(name='SCV', tag=4367319041), Unit(name='SCV', tag=4374396929), Unit(name='SCV', tag=4352901121), Unit(name='SCV', tag=4379377665), Unit(name='SCV', tag=4383571969), Unit(name='SCV', tag=4371513345), Unit(name='SCV', tag=4370989057), Unit(name='SCV', tag=4368891905), Unit(name='SCV', tag=4387766273)] for zone 1 to safety
07:25 9984  147ms    40M  839G  91/110U INFO terranbot.builds.plans.acts.zone_defense:1062 Pulling worker [Unit(name='SCV', tag=4389339137), Unit(name='SCV', tag=4378329089), Unit(name='SCV', tag=4348706817), Unit(name='SCV', tag=4350279681), Unit(name='SCV', tag=4362862593), Unit(name='SCV', tag=4349755393), Unit(name='SCV', tag=4352114689), Unit(name='SCV', tag=4380426241), Unit(name='SCV', tag=4356308993), Unit(name='SCV', tag=4348968961)] for zone 1 to safety
07:25 9988  120ms    40M  839G  91/110U INFO terranbot.builds.plans.acts.zone_defense:1062 Pulling worker [Unit(name='SCV', tag=4382261249), Unit(name='SCV', tag=4347920385), Unit(name='SCV', tag=4359979009), Unit(name='SCV', tag=4354473986), Unit(name='SCV', tag=4357881857), Unit(name='MULE', tag=4401922049), Unit(name='SCV', tag=4385406977), Unit(name='SCV', tag=4354736129), Unit(name='SCV', tag=4386717697)] for zone 1 to safety
07:26 9992  125ms    40M  839G  91/110U INFO terranbot.builds.plans.acts.zone_defense:1062 Pulling worker [Unit(name='SCV', tag=4372037633), Unit(name='SCV', tag=4375707649), Unit(name='SCV', tag=4348444673), Unit(name='SCV', tag=4368891905), Unit(name='SCV', tag=4390387713), Unit(name='SCV', tag=4367319041), Unit(name='SCV', tag=4374396929), Unit(name='SCV', tag=4371513345), Unit(name='SCV', tag=4379377665), Unit(name='SCV', tag=4349493249), Unit(name='SCV', tag=4387766273), Unit(name='SCV', tag=4370989057)] for zone 1 to safety
07:26 9996  131ms    40M  839G  91/110U INFO terranbot.builds.plans.acts.zone_defense:1062 Pulling worker [Unit(name='SCV', tag=4389339137), Unit(name='SCV', tag=4378329089), Unit(name='SCV', tag=4348706817), Unit(name='SCV', tag=4350279681), Unit(name='SCV', tag=4352901121), Unit(name='SCV', tag=4380426241), Unit(name='SCV', tag=4348968961)] for zone 1 to safety
07:26 10000  124ms    40M  843G  91/110U INFO terranbot.builds.plans.acts.zone_defense:1062 Pulling worker [Unit(name='SCV', tag=4386717697), Unit(name='SCV', tag=4354736129), Unit(name='SCV', tag=4382261249), Unit(name='SCV', tag=4354473986), Unit(name='SCV', tag=4359979009), Unit(name='SCV', tag=4383571969), Unit(name='SCV', tag=4357881857), Unit(name='SCV', tag=4385406977), Unit(name='SCV', tag=4347920385)] for zone 1 to safety
07:26 10004  142ms    40M  843G  91/110U INFO terranbot.builds.plans.acts.zone_defense:1062 Pulling worker [Unit(name='SCV', tag=4372037633), Unit(name='SCV', tag=4390387713), Unit(name='SCV', tag=4348444673), Unit(name='SCV', tag=4375707649), Unit(name='SCV', tag=4368891905), Unit(name='SCV', tag=4374396929), Unit(name='SCV', tag=4371513345), Unit(name='SCV', tag=4367319041), Unit(name='SCV', tag=4350803969), Unit(name='SCV', tag=4379377665), Unit(name='MULE', tag=4401922049), Unit(name='SCV', tag=4370989057), Unit(name='SCV', tag=4387766273)] for zone 1 to safety
07:26 10008  139ms    45M  847G  91/110U INFO terranbot.builds.plans.acts.zone_defense:1062 Pulling worker [Unit(name='SCV', tag=4389339137), Unit(name='SCV', tag=4350279681), Unit(name='SCV', tag=4378329089), Unit(name='SCV', tag=4352901121), Unit(name='SCV', tag=4356308993), Unit(name='SCV', tag=4349493249)] for zone 1 to safety
07:26 10012   97ms    45M  847G  91/110U INFO terranbot.builds.plans.acts.zone_defense:1062 Pulling worker [Unit(name='SCV', tag=4386717697), Unit(name='SCV', tag=4382261249), Unit(name='SCV', tag=4347920385), Unit(name='SCV', tag=4354473986), Unit(name='SCV', tag=4348706817), Unit(name='SCV', tag=4352114689), Unit(name='SCV', tag=4359979009), Unit(name='SCV', tag=4354736129), Unit(name='SCV', tag=4383571969)] for zone 1 to safety
07:27 10016  103ms    45M  847G  91/110U INFO terranbot.builds.plans.acts.zone_defense:1062 Pulling worker [Unit(name='SCV', tag=4390387713), Unit(name='SCV', tag=4348444673), Unit(name='SCV', tag=4375707649), Unit(name='SCV', tag=4368891905), Unit(name='SCV', tag=4374396929), Unit(name='SCV', tag=4367319041), Unit(name='SCV', tag=4385406977), Unit(name='SCV', tag=4371513345), Unit(name='MULE', tag=4401922049), Unit(name='SCV', tag=4348968961), Unit(name='SCV', tag=4372037633), Unit(name='SCV', tag=4387766273), Unit(name='SCV', tag=4370989057)] for zone 1 to safety
07:27 10020  126ms    45M  847G  91/110U INFO terranbot.builds.plans.acts.zone_defense:1062 Pulling worker [Unit(name='SCV', tag=4389339137), Unit(name='SCV', tag=4378329089), Unit(name='SCV', tag=4379377665), Unit(name='SCV', tag=4357881857), Unit(name='SCV', tag=4349493249)] for zone 1 to safety
07:27 10024  100ms    50M  847G  91/110U INFO terranbot.builds.plans.acts.zone_defense:1062 Pulling worker [Unit(name='SCV', tag=4347920385), Unit(name='SCV', tag=4386717697), Unit(name='SCV', tag=4354473986), Unit(name='SCV', tag=4382261249), Unit(name='SCV', tag=4356308993), Unit(name='SCV', tag=4352901121), Unit(name='SCV', tag=4350279681), Unit(name='SCV', tag=4380426241), Unit(name='SCV', tag=4350803969), Unit(name='SCV', tag=4354736129), Unit(name='SCV', tag=4383571969)] for zone 1 to safety
07:27 10028  134ms    50M  847G  91/110U INFO terranbot.builds.plans.acts.zone_defense:1062 Pulling worker [Unit(name='SCV', tag=4372037633), Unit(name='SCV', tag=4390387713), Unit(name='SCV', tag=4368891905), Unit(name='SCV', tag=4375707649), Unit(name='SCV', tag=4348444673), Unit(name='SCV', tag=4374396929), Unit(name='SCV', tag=4348968961), Unit(name='SCV', tag=4367319041), Unit(name='SCV', tag=4352114689), Unit(name='SCV', tag=4359979009), Unit(name='SCV', tag=4370989057), Unit(name='SCV', tag=4387766273), Unit(name='SCV', tag=4371513345)] for zone 1 to safety
07:27 10032  119ms    50M  847G  91/110U INFO terranbot.builds.plans.acts.zone_defense:1062 Pulling worker [Unit(name='SCV', tag=4389339137), Unit(name='SCV', tag=4378329089), Unit(name='SCV', tag=4385406977), Unit(name='SCV', tag=4357881857)] for zone 1 to safety
07:28 10036  108ms    50M  851G  91/110U INFO terranbot.builds.plans.acts.zone_defense:1062 Pulling worker [Unit(name='SCV', tag=4386717697), Unit(name='SCV', tag=4354736129), Unit(name='SCV', tag=4356308993), Unit(name='SCV', tag=4382261249), Unit(name='SCV', tag=4354473986), Unit(name='SCV', tag=4352901121), Unit(name='MULE', tag=4401922049), Unit(name='SCV', tag=4349755393), Unit(name='SCV', tag=4379377665), Unit(name='SCV', tag=4350803969), Unit(name='SCV', tag=4347920385)] for zone 1 to safety
07:28 10040  117ms    50M  851G  91/110U INFO terranbot.builds.plans.acts.zone_defense:1062 Pulling worker [Unit(name='SCV', tag=4348444673), Unit(name='SCV', tag=4375707649), Unit(name='SCV', tag=4374396929), Unit(name='SCV', tag=4390387713), Unit(name='SCV', tag=4368891905), Unit(name='SCV', tag=4348968961), Unit(name='SCV', tag=4367319041), Unit(name='SCV', tag=4371513345), Unit(name='SCV', tag=4350279681), Unit(name='SCV', tag=4383571969), Unit(name='SCV', tag=4349493249), Unit(name='SCV', tag=4372037633), Unit(name='SCV', tag=4370989057), Unit(name='SCV', tag=4387766273)] for zone 1 to safety
07:28 10044  140ms     0M  851G  91/110U INFO terranbot.builds.plans.acts.zone_defense:1062 Pulling worker [Unit(name='SCV', tag=4389339137), Unit(name='SCV', tag=4378329089), Unit(name='SCV', tag=4359979009), Unit(name='SCV', tag=4357881857), Unit(name='SCV', tag=4380426241)] for zone 1 to safety
07:28 10048   91ms     0M  851G  92/110U INFO terranbot.activity.location_modifiers:130 unit_to_place_beside: Unit(name='Barracks', tag=4376231937) - unit_to_place_beside.type_id=UnitTypeId.BARRACKS - position=(48.5, 63.5)
07:28 10048   91ms     0M  851G  92/110U INFO terranbot.builds.plans.acts.zone_defense:1062 Pulling worker [Unit(name='SCV', tag=4386717697), Unit(name='SCV', tag=4354736129), Unit(name='SCV', tag=4382261249), Unit(name='SCV', tag=4352901121), Unit(name='SCV', tag=4356308993), Unit(name='SCV', tag=4348706817), Unit(name='MULE', tag=4401922049), Unit(name='SCV', tag=4347920385)] for zone 1 to safety
07:28 10052  132ms     0M  851G  92/110U INFO terranbot.builds.plans.acts.zone_defense:1062 Pulling worker [Unit(name='SCV', tag=4368891905), Unit(name='SCV', tag=4390387713), Unit(name='SCV', tag=4375707649), Unit(name='SCV', tag=4348444673), Unit(name='SCV', tag=4348968961), Unit(name='SCV', tag=4352114689), Unit(name='SCV', tag=4354473986), Unit(name='SCV', tag=4350803969), Unit(name='SCV', tag=4387766273), Unit(name='SCV', tag=4374396929), Unit(name='SCV', tag=4372037633), Unit(name='SCV', tag=4370989057), Unit(name='SCV', tag=4379377665), Unit(name='SCV', tag=4349493249)] for zone 1 to safety
07:28 10056  121ms     0M  855G  92/110U INFO terranbot.builds.plans.acts.zone_defense:1062 Pulling worker [Unit(name='SCV', tag=4389339137), Unit(name='SCV', tag=4380426241), Unit(name='SCV', tag=4378329089), Unit(name='SCV', tag=4367319041), Unit(name='SCV', tag=4359979009), Unit(name='SCV', tag=4385406977), Unit(name='SCV', tag=4383571969)] for zone 1 to safety
07:29 10060  124ms     0M  855G  92/110U INFO terranbot.builds.plans.acts.zone_defense:1062 Pulling worker [Unit(name='SCV', tag=4386717697), Unit(name='SCV', tag=4371513345), Unit(name='SCV', tag=4382261249), Unit(name='SCV', tag=4354736129), Unit(name='SCV', tag=4356308993), Unit(name='SCV', tag=4352901121), Unit(name='SCV', tag=4349755393), Unit(name='SCV', tag=4347920385)] for zone 1 to safety
07:29 10064  114ms     0M  855G  92/110U INFO terranbot.builds.plans.acts.zone_defense:1062 Pulling worker [Unit(name='SCV', tag=4390387713), Unit(name='SCV', tag=4375707649), Unit(name='SCV', tag=4348444673), Unit(name='SCV', tag=4368891905), Unit(name='SCV', tag=4348968961), Unit(name='SCV', tag=4352114689), Unit(name='SCV', tag=4379377665), Unit(name='SCV', tag=4348706817), Unit(name='SCV', tag=4372037633), Unit(name='SCV', tag=4374396929), Unit(name='SCV', tag=4350803969), Unit(name='SCV', tag=4370989057)] for zone 1 to safety
07:29 10068  151ms     0M  855G  92/110U INFO terranbot.builds.plans.acts.zone_defense:1062 Pulling worker [Unit(name='SCV', tag=4389339137), Unit(name='SCV', tag=4380426241), Unit(name='MULE', tag=4401922049), Unit(name='SCV', tag=4357881857), Unit(name='SCV', tag=4383571969)] for zone 1 to safety
07:29 10072  106ms     0M  855G  92/110U INFO terranbot.builds.plans.acts.zone_defense:1062 Pulling worker [Unit(name='SCV', tag=4386717697), Unit(name='SCV', tag=4354736129), Unit(name='SCV', tag=4382261249), Unit(name='SCV', tag=4385406977), Unit(name='SCV', tag=4378329089), Unit(name='SCV', tag=4354473986), Unit(name='SCV', tag=4349493249), Unit(name='SCV', tag=4367319041), Unit(name='SCV', tag=4387766273), Unit(name='SCV', tag=4371513345), Unit(name='SCV', tag=4356308993), Unit(name='SCV', tag=4347920385)] for zone 1 to safety
07:29 10076  126ms     0M  855G  92/110U INFO terranbot.builds.plans.acts.zone_defense:1062 Pulling worker [Unit(name='SCV', tag=4368891905), Unit(name='SCV', tag=4390387713), Unit(name='SCV', tag=4375707649), Unit(name='SCV', tag=4352114689), Unit(name='SCV', tag=4348968961), Unit(name='SCV', tag=4348444673), Unit(name='SCV', tag=4349755393), Unit(name='SCV', tag=4359979009), Unit(name='SCV', tag=4372037633), Unit(name='SCV', tag=4374396929), Unit(name='SCV', tag=4370989057)] for zone 1 to safety
07:30 10080  133ms     0M  855G  92/110U INFO terranbot.builds.plans.acts.zone_defense:1062 Pulling worker [Unit(name='SCV', tag=4380426241), Unit(name='SCV', tag=4348706817), Unit(name='SCV', tag=4352901121), Unit(name='SCV', tag=4350803969), Unit(name='SCV', tag=4357881857), Unit(name='SCV', tag=4389339137), Unit(name='SCV', tag=4383571969)] for zone 1 to safety
07:30 10084  139ms     0M  859G  92/110U INFO terranbot.builds.plans.acts.zone_defense:1062 Pulling worker [Unit(name='SCV', tag=4386717697), Unit(name='SCV', tag=4354736129), Unit(name='SCV', tag=4385406977), Unit(name='SCV', tag=4382261249), Unit(name='SCV', tag=4362862593), Unit(name='MULE', tag=4401922049), Unit(name='SCV', tag=4354473986), Unit(name='SCV', tag=4356308993), Unit(name='SCV', tag=4349493249), Unit(name='SCV', tag=4347920385)] for zone 1 to safety
07:30 10088  111ms     0M  859G  92/110U INFO terranbot.builds.plans.acts.zone_defense:1062 Pulling worker [Unit(name='SCV', tag=4390387713), Unit(name='SCV', tag=4368891905), Unit(name='SCV', tag=4371513345), Unit(name='SCV', tag=4374396929), Unit(name='SCV', tag=4378329089), Unit(name='SCV', tag=4391960577), Unit(name='SCV', tag=4359979009), Unit(name='SCV', tag=4379377665), Unit(name='SCV', tag=4372037633), Unit(name='SCV', tag=4375707649)] for zone 1 to safety
07:30 10092  114ms     0M  859G  92/110U INFO terranbot.builds.plans.acts.zone_defense:1062 Pulling worker [Unit(name='SCV', tag=4348706817), Unit(name='SCV', tag=4380426241), Unit(name='SCV', tag=4357881857), Unit(name='SCV', tag=4348444673), Unit(name='SCV', tag=4348968961), Unit(name='SCV', tag=4352114689), Unit(name='SCV', tag=4350803969), Unit(name='SCV', tag=4389339137), Unit(name='SCV', tag=4352901121)] for zone 1 to safety
07:30 10096  120ms     0M  859G  92/110U INFO terranbot.builds.plans.acts.zone_defense:1062 Pulling worker [Unit(name='SCV', tag=4382261249), Unit(name='SCV', tag=4354736129), Unit(name='SCV', tag=4356308993), Unit(name='SCV', tag=4385406977), Unit(name='SCV', tag=4367319041), Unit(name='SCV', tag=4387766273), Unit(name='SCV', tag=4349755393), Unit(name='SCV', tag=4354473986), Unit(name='SCV', tag=4386717697), Unit(name='SCV', tag=4347920385), Unit(name='MULE', tag=4401922049), Unit(name='SCV', tag=4383571969)] for zone 1 to safety
07:30 10100  147ms     0M  859G  92/110U INFO terranbot.builds.plans.acts.zone_defense:1062 Pulling worker [Unit(name='SCV', tag=4390387713), Unit(name='SCV', tag=4368891905), Unit(name='SCV', tag=4371513345), Unit(name='SCV', tag=4370989057), Unit(name='SCV', tag=4349493249), Unit(name='SCV', tag=4374396929), Unit(name='SCV', tag=4372037633), Unit(name='SCV', tag=4375707649)] for zone 1 to safety
07:31 10104  104ms     0M  863G  92/110U INFO terranbot.builds.plans.acts.zone_defense:1062 Pulling worker [Unit(name='SCV', tag=4348444673), Unit(name='SCV', tag=4380426241), Unit(name='SCV', tag=4362862593), Unit(name='SCV', tag=4378329089), Unit(name='SCV', tag=4357881857), Unit(name='SCV', tag=4389339137), Unit(name='SCV', tag=4352901121)] for zone 1 to safety
07:31 10108   98ms     5M  863G  92/110U INFO terranbot.builds.plans.acts.zone_defense:1062 Pulling worker [Unit(name='SCV', tag=4354736129), Unit(name='SCV', tag=4387766273), Unit(name='SCV', tag=4385406977), Unit(name='SCV', tag=4379377665), Unit(name='SCV', tag=4367319041), Unit(name='SCV', tag=4349755393), Unit(name='SCV', tag=4350803969), Unit(name='SCV', tag=4348706817), Unit(name='SCV', tag=4382261249), Unit(name='MULE', tag=4401922049), Unit(name='SCV', tag=4354473986), Unit(name='SCV', tag=4386717697), Unit(name='SCV', tag=4356308993), Unit(name='SCV', tag=4359979009)] for zone 1 to safety
07:31 10112  134ms     5M  863G  92/110U INFO terranbot.builds.plans.acts.zone_defense:1062 Pulling worker [Unit(name='SCV', tag=4390387713), Unit(name='SCV', tag=4347920385), Unit(name='SCV', tag=4371513345), Unit(name='SCV', tag=4375707649), Unit(name='SCV', tag=4372037633), Unit(name='SCV', tag=4368891905), Unit(name='SCV', tag=4383571969)] for zone 1 to safety
07:31 10116  115ms     5M  863G  92/110U INFO terranbot.builds.plans.acts.zone_defense:1062 Pulling worker [Unit(name='SCV', tag=4389339137), Unit(name='SCV', tag=4362862593), Unit(name='SCV', tag=4380426241), Unit(name='SCV', tag=4349493249), Unit(name='SCV', tag=4352114689), Unit(name='SCV', tag=4391960577), Unit(name='SCV', tag=4374396929), Unit(name='SCV', tag=4352901121), Unit(name='SCV', tag=4357881857)] for zone 1 to safety
07:31 10120  119ms     5M  863G  92/110U INFO terranbot.builds.plans.acts.zone_defense:1062 Pulling worker [Unit(name='SCV', tag=4386717697), Unit(name='SCV', tag=4354736129), Unit(name='SCV', tag=4356308993), Unit(name='SCV', tag=4385406977), Unit(name='SCV', tag=4382261249), Unit(name='MULE', tag=4401922049), Unit(name='SCV', tag=4367319041), Unit(name='SCV', tag=4379377665), Unit(name='SCV', tag=4348706817), Unit(name='SCV', tag=4370989057), Unit(name='SCV', tag=4378329089), Unit(name='SCV', tag=4348444673), Unit(name='SCV', tag=4348968961), Unit(name='SCV', tag=4350803969), Unit(name='SCV', tag=4359979009), Unit(name='SCV', tag=4354473986)] for zone 1 to safety
07:31 10124  132ms    10M  863G  92/110U INFO terranbot.builds.plans.acts.zone_defense:1062 Pulling worker [Unit(name='SCV', tag=4390387713), Unit(name='SCV', tag=4368891905), Unit(name='SCV', tag=4375707649), Unit(name='SCV', tag=4372037633)] for zone 1 to safety
07:32 10128   93ms    10M  863G  92/110U INFO terranbot.builds.plans.acts.zone_defense:1062 Pulling worker [Unit(name='SCV', tag=4380426241), Unit(name='SCV', tag=4389339137), Unit(name='SCV', tag=4374396929), Unit(name='SCV', tag=4362862593), Unit(name='SCV', tag=4387766273), Unit(name='SCV', tag=4357881857), Unit(name='SCV', tag=4391960577), Unit(name='SCV', tag=4349755393), Unit(name='SCV', tag=4383571969), Unit(name='SCV', tag=4352901121)] for zone 1 to safety
07:32 10132  144ms    10M  863G  92/110U INFO terranbot.builds.plans.acts.zone_defense:1062 Pulling worker [Unit(name='SCV', tag=4356308993), Unit(name='SCV', tag=4382261249), Unit(name='SCV', tag=4354736129), Unit(name='SCV', tag=4379377665), Unit(name='SCV', tag=4348444673), Unit(name='SCV', tag=4385406977), Unit(name='MULE', tag=4401922049), Unit(name='SCV', tag=4370989057), Unit(name='SCV', tag=4349493249), Unit(name='SCV', tag=4354473986), Unit(name='SCV', tag=4350803969), Unit(name='SCV', tag=4386717697), Unit(name='SCV', tag=4359979009)] for zone 1 to safety
07:32 10136  133ms    10M  867G  92/110U INFO terranbot.builds.plans.acts.zone_defense:1062 Pulling worker [Unit(name='SCV', tag=4390387713), Unit(name='SCV', tag=4368891905), Unit(name='SCV', tag=4350279681), Unit(name='SCV', tag=4378329089), Unit(name='SCV', tag=4372037633), Unit(name='SCV', tag=4348706817), Unit(name='SCV', tag=4352114689)] for zone 1 to safety
07:32 10140  110ms    10M  867G  92/110U INFO terranbot.builds.plans.acts.zone_defense:1062 Pulling worker [Unit(name='SCV', tag=4380426241), Unit(name='SCV', tag=4389339137), Unit(name='SCV', tag=4387766273), Unit(name='SCV', tag=4367319041), Unit(name='SCV', tag=4352901121), Unit(name='SCV', tag=4349755393), Unit(name='SCV', tag=4383571969), Unit(name='SCV', tag=4362862593)] for zone 1 to safety
07:32 10144  113ms    10M  867G  92/110U INFO terranbot.builds.plans.acts.zone_defense:1062 Pulling worker [Unit(name='SCV', tag=4382261249), Unit(name='SCV', tag=4354736129), Unit(name='SCV', tag=4356308993), Unit(name='SCV', tag=4349493249), Unit(name='SCV', tag=4348444673), Unit(name='MULE', tag=4401922049), Unit(name='SCV', tag=4385406977), Unit(name='SCV', tag=4374396929), Unit(name='SCV', tag=4348968961), Unit(name='SCV', tag=4370989057), Unit(name='SCV', tag=4391960577), Unit(name='SCV', tag=4350803969), Unit(name='SCV', tag=4386717697), Unit(name='SCV', tag=4354473986), Unit(name='SCV', tag=4359979009)] for zone 1 to safety
07:33 10148  148ms    10M  867G  92/110U INFO terranbot.builds.plans.acts.zone_defense:1062 Pulling worker [Unit(name='SCV', tag=4390387713), Unit(name='SCV', tag=4379377665), Unit(name='SCV', tag=4357881857), Unit(name='SCV', tag=4368891905), Unit(name='SCV', tag=4352114689)] for zone 1 to safety
07:33 10152   97ms    10M  867G  92/110U INFO terranbot.builds.plans.acts.zone_defense:1062 Pulling worker [Unit(name='SCV', tag=4389339137), Unit(name='SCV', tag=4380426241), Unit(name='SCV', tag=4387766273), Unit(name='SCV', tag=4378329089), Unit(name='SCV', tag=4362862593), Unit(name='SCV', tag=4348706817), Unit(name='SCV', tag=4372037633), Unit(name='SCV', tag=4375707649)] for zone 1 to safety
07:33 10156  111ms    15M  867G  92/110U INFO terranbot.builds.plans.acts.zone_defense:1062 Pulling worker [Unit(name='SCV', tag=4356308993), Unit(name='SCV', tag=4354736129), Unit(name='SCV', tag=4386717697), Unit(name='SCV', tag=4382261249), Unit(name='SCV', tag=4385406977), Unit(name='SCV', tag=4349493249), Unit(name='SCV', tag=4374396929), Unit(name='SCV', tag=4367319041), Unit(name='SCV', tag=4348968961), Unit(name='SCV', tag=4391960577), Unit(name='SCV', tag=4383571969), Unit(name='SCV', tag=4348444673), Unit(name='SCV', tag=4354473986), Unit(name='MULE', tag=4401922049), Unit(name='SCV', tag=4350803969), Unit(name='SCV', tag=4359979009)] for zone 1 to safety
07:33 10160  128ms    15M  867G  92/110U INFO terranbot.builds.plans.acts.zone_defense:1062 Pulling worker [Unit(name='SCV', tag=4390387713), Unit(name='SCV', tag=4349755393), Unit(name='SCV', tag=4350279681), Unit(name='SCV', tag=4368891905), Unit(name='SCV', tag=4352114689)] for zone 1 to safety
07:33 10164  123ms    20M  867G  92/110U INFO terranbot.builds.plans.acts.zone_defense:1062 Pulling worker [Unit(name='SCV', tag=4389339137), Unit(name='SCV', tag=4380426241), Unit(name='SCV', tag=4378329089), Unit(name='SCV', tag=4348706817), Unit(name='SCV', tag=4387766273), Unit(name='SCV', tag=4347920385), Unit(name='SCV', tag=4372037633), Unit(name='SCV', tag=4357881857), Unit(name='SCV', tag=4370989057), Unit(name='SCV', tag=4375707649)] for zone 1 to safety
07:33 10168  139ms    20M  867G  92/110U INFO terranbot.activity.location_modifiers:130 unit_to_place_beside: Unit(name='Starport', tag=4363124737) - unit_to_place_beside.type_id=UnitTypeId.STARPORT - position=(48.5, 63.5)
07:33 10168  139ms    20M  867G  92/110U INFO terranbot.builds.plans.acts.zone_defense:1062 Pulling worker [Unit(name='SCV', tag=4386717697), Unit(name='SCV', tag=4382261249), Unit(name='SCV', tag=4356308993), Unit(name='SCV', tag=4385406977), Unit(name='SCV', tag=4349493249), Unit(name='SCV', tag=4354736129), Unit(name='SCV', tag=4352901121), Unit(name='SCV', tag=4374396929), Unit(name='SCV', tag=4379377665), Unit(name='SCV', tag=4359979009), Unit(name='SCV', tag=4362862593), Unit(name='SCV', tag=4348444673), Unit(name='MULE', tag=4401922049), Unit(name='SCV', tag=4354473986), Unit(name='SCV', tag=4350803969)] for zone 1 to safety
07:34 10172  138ms    20M  871G  92/110U INFO terranbot.builds.plans.acts.zone_defense:1062 Pulling worker [Unit(name='SCV', tag=4390387713), Unit(name='SCV', tag=4383571969), Unit(name='SCV', tag=4368891905), Unit(name='SCV', tag=4352114689)] for zone 1 to safety
07:34 10176   86ms    20M  871G  92/110U INFO terranbot.builds.plans.acts.zone_defense:1062 Pulling worker [Unit(name='SCV', tag=4389339137), Unit(name='SCV', tag=4348706817), Unit(name='SCV', tag=4380426241), Unit(name='SCV', tag=4370989057), Unit(name='SCV', tag=4372037633), Unit(name='SCV', tag=4357881857), Unit(name='SCV', tag=4391960577), Unit(name='SCV', tag=4348968961), Unit(name='SCV', tag=4375707649), Unit(name='SCV', tag=4378329089)] for zone 1 to safety
07:34 10180  158ms    20M  871G  92/110U INFO terranbot.builds.plans.acts.zone_defense:1062 Pulling worker [Unit(name='SCV', tag=4356308993), Unit(name='SCV', tag=4382261249), Unit(name='SCV', tag=4385406977), Unit(name='SCV', tag=4354736129), Unit(name='SCV', tag=4362862593), Unit(name='SCV', tag=4367319041), Unit(name='SCV', tag=4379377665), Unit(name='SCV', tag=4374396929), Unit(name='SCV', tag=4349493249), Unit(name='MULE', tag=4401922049), Unit(name='SCV', tag=4354473986), Unit(name='SCV', tag=4386717697), Unit(name='SCV', tag=4350803969), Unit(name='SCV', tag=4348444673)] for zone 1 to safety
07:34 10184  126ms    20M  871G  92/110U INFO terranbot.builds.plans.acts.zone_defense:1062 Pulling worker [Unit(name='SCV', tag=4390387713), Unit(name='SCV', tag=4359979009), Unit(name='SCV', tag=4350279681), Unit(name='SCV', tag=4347920385), Unit(name='SCV', tag=4352901121), Unit(name='SCV', tag=4368891905)] for zone 1 to safety
07:34 10188  110ms    20M  871G  92/110U INFO terranbot.builds.plans.acts.zone_defense:1062 Pulling worker [Unit(name='SCV', tag=4389339137), Unit(name='SCV', tag=4380426241), Unit(name='SCV', tag=4348968961), Unit(name='SCV', tag=4378329089), Unit(name='SCV', tag=4348706817), Unit(name='SCV', tag=4391960577), Unit(name='SCV', tag=4387766273), Unit(name='SCV', tag=4375707649), Unit(name='SCV', tag=4383571969)] for zone 1 to safety
07:35 10192  130ms    20M  871G  92/110U INFO terranbot.builds.plans.acts.zone_defense:1062 Pulling worker [Unit(name='SCV', tag=4354736129), Unit(name='SCV', tag=4382261249), Unit(name='SCV', tag=4356308993), Unit(name='SCV', tag=4385406977), Unit(name='SCV', tag=4362862593), Unit(name='SCV', tag=4349493249), Unit(name='SCV', tag=4374396929), Unit(name='SCV', tag=4348444673), Unit(name='SCV', tag=4372037633), Unit(name='SCV', tag=4370989057), Unit(name='SCV', tag=4357881857), Unit(name='MULE', tag=4401922049), Unit(name='SCV', tag=4386717697), Unit(name='SCV', tag=4354473986), Unit(name='SCV', tag=4350803969)] for zone 1 to safety
07:35 10196  147ms    20M  871G  92/110U INFO terranbot.builds.plans.acts.zone_defense:1062 Pulling worker [Unit(name='SCV', tag=4352114689), Unit(name='SCV', tag=4350279681), Unit(name='SCV', tag=4347920385), Unit(name='SCV', tag=4367319041), Unit(name='SCV', tag=4379377665), Unit(name='SCV', tag=4390387713), Unit(name='SCV', tag=4368891905)] for zone 1 to safety
07:35 10200  116ms    20M  871G  92/110U INFO terranbot.builds.plans.acts.zone_defense:1062 Pulling worker [Unit(name='SCV', tag=4380426241), Unit(name='SCV', tag=4389339137), Unit(name='SCV', tag=4378329089), Unit(name='SCV', tag=4348968961), Unit(name='SCV', tag=4348706817), Unit(name='SCV', tag=4387766273), Unit(name='SCV', tag=4383571969), Unit(name='SCV', tag=4359979009), Unit(name='SCV', tag=4375707649)] for zone 1 to safety
07:35 10204  113ms    20M  875G  92/110U INFO terranbot.builds.plans.acts.zone_defense:1062 Pulling worker [Unit(name='SCV', tag=4362862593), Unit(name='SCV', tag=4382261249), Unit(name='SCV', tag=4385406977), Unit(name='SCV', tag=4354736129), Unit(name='SCV', tag=4374396929), Unit(name='SCV', tag=4349493249), Unit(name='SCV', tag=4372037633), Unit(name='SCV', tag=4370989057), Unit(name='SCV', tag=4391960577), Unit(name='SCV', tag=4348444673), Unit(name='SCV', tag=4352901121), Unit(name='SCV', tag=4386717697), Unit(name='MULE', tag=4401922049), Unit(name='SCV', tag=4356308993), Unit(name='SCV', tag=4354473986), Unit(name='SCV', tag=4350803969)] for zone 1 to safety
07:35 10208  138ms    25M  875G  92/110U INFO terranbot.builds.plans.acts.zone_defense:1062 Pulling worker [Unit(name='SCV', tag=4379377665), Unit(name='SCV', tag=4347920385), Unit(name='SCV', tag=4390387713), Unit(name='SCV', tag=4367319041), Unit(name='SCV', tag=4368891905)] for zone 1 to safety
07:35 10212  107ms    25M  879G  92/110U INFO terranbot.builds.plans.acts.zone_defense:1062 Pulling worker [Unit(name='SCV', tag=4378329089), Unit(name='SCV', tag=4380426241), Unit(name='SCV', tag=4348968961), Unit(name='SCV', tag=4359979009), Unit(name='SCV', tag=4357881857), Unit(name='SCV', tag=4375707649), Unit(name='SCV', tag=4389339137), Unit(name='SCV', tag=4383571969)] for zone 1 to safety
07:36 10216  205ms    25M  879G  92/110U INFO terranbot.builds.plans.acts.zone_defense:1062 Pulling worker [Unit(name='SCV', tag=4362862593), Unit(name='SCV', tag=4385406977), Unit(name='SCV', tag=4386717697), Unit(name='SCV', tag=4382261249), Unit(name='SCV', tag=4374396929), Unit(name='SCV', tag=4349493249), Unit(name='SCV', tag=4352901121), Unit(name='SCV', tag=4372037633), Unit(name='SCV', tag=4387766273), Unit(name='SCV', tag=4350803969), Unit(name='SCV', tag=4391960577), Unit(name='MULE', tag=4401922049), Unit(name='SCV', tag=4356308993), Unit(name='SCV', tag=4354736129), Unit(name='SCV', tag=4354473986)] for zone 1 to safety
07:36 10220  132ms    25M  879G  92/110U INFO terranbot.builds.plans.acts.zone_defense:1062 Pulling worker [Unit(name='SCV', tag=4367319041), Unit(name='SCV', tag=4379377665), Unit(name='SCV', tag=4370989057), Unit(name='SCV', tag=4348706817), Unit(name='SCV', tag=4368891905)] for zone 1 to safety
07:36 10224   93ms    30M  879G  92/110U INFO terranbot.builds.plans.acts.zone_defense:1062 Pulling worker [Unit(name='SCV', tag=4380426241), Unit(name='SCV', tag=4348968961), Unit(name='SCV', tag=4378329089), Unit(name='SCV', tag=4348444673), Unit(name='SCV', tag=4347920385), Unit(name='SCV', tag=4357881857), Unit(name='SCV', tag=4389339137), Unit(name='SCV', tag=4375707649), Unit(name='SCV', tag=4383571969)] for zone 1 to safety
07:36 10228  129ms    30M  879G  92/110U INFO terranbot.builds.plans.acts.zone_defense:1062 Pulling worker [Unit(name='SCV', tag=4362862593), Unit(name='SCV', tag=4386717697), Unit(name='SCV', tag=4385406977), Unit(name='SCV', tag=4382261249), Unit(name='SCV', tag=4374396929), Unit(name='SCV', tag=4349493249), Unit(name='SCV', tag=4387766273), Unit(name='SCV', tag=4390387713), Unit(name='SCV', tag=4349755393), Unit(name='SCV', tag=4354736129), Unit(name='SCV', tag=4356308993), Unit(name='SCV', tag=4354473986)] for zone 1 to safety
07:36 10232  128ms    30M  879G  92/110U INFO terranbot.activity.location_modifiers:130 unit_to_place_beside: Unit(name='Barracks', tag=4380164097) - unit_to_place_beside.type_id=UnitTypeId.BARRACKS - position=(48.5, 63.5)
07:36 10232  128ms    30M  879G  92/110U INFO terranbot.builds.plans.acts.zone_defense:1062 Pulling worker [Unit(name='SCV', tag=4379377665), Unit(name='SCV', tag=4367319041), Unit(name='SCV', tag=4350803969), Unit(name='SCV', tag=4370989057), Unit(name='SCV', tag=4350279681), Unit(name='SCV', tag=4359979009), Unit(name='SCV', tag=4368891905), Unit(name='SCV', tag=4352901121)] for zone 1 to safety
07:36 10236  143ms    30M  883G  92/110U INFO terranbot.builds.plans.acts.zone_defense:1062 Pulling worker [Unit(name='SCV', tag=4380426241), Unit(name='SCV', tag=4348968961), Unit(name='MULE', tag=4401922049), Unit(name='SCV', tag=4389339137), Unit(name='SCV', tag=4378329089)] for zone 1 to safety
07:37 10240  100ms    30M  883G  92/110U INFO terranbot.builds.plans.acts.zone_defense:1062 Pulling worker [Unit(name='SCV', tag=4385406977), Unit(name='SCV', tag=4386717697), Unit(name='SCV', tag=4382261249), Unit(name='SCV', tag=4348706817), Unit(name='SCV', tag=4347920385), Unit(name='SCV', tag=4374396929), Unit(name='SCV', tag=4362862593), Unit(name='SCV', tag=4372037633), Unit(name='SCV', tag=4356308993), Unit(name='SCV', tag=4354736129), Unit(name='SCV', tag=4349493249), Unit(name='SCV', tag=4383571969), Unit(name='SCV', tag=4354473986)] for zone 1 to safety
07:37 10244  166ms    30M  883G  92/110U INFO terranbot.builds.plans.acts.zone_defense:1062 Pulling worker [Unit(name='SCV', tag=4359979009), Unit(name='SCV', tag=4357881857), Unit(name='SCV', tag=4379377665), Unit(name='SCV', tag=4349755393), Unit(name='SCV', tag=4390387713), Unit(name='SCV', tag=4352901121), Unit(name='SCV', tag=4375707649), Unit(name='SCV', tag=4368891905), Unit(name='SCV', tag=4387766273)] for zone 1 to safety
07:37 10248  128ms    30M  883G  92/110U INFO terranbot.builds.plans.acts.zone_defense:1062 Pulling worker [Unit(name='SCV', tag=4378329089), Unit(name='SCV', tag=4348968961), Unit(name='SCV', tag=4354211841), Unit(name='SCV', tag=4348444673), Unit(name='SCV', tag=4389339137), Unit(name='SCV', tag=4380426241)] for zone 1 to safety
07:37 10252  105ms    30M  883G  92/110U INFO terranbot.builds.plans.acts.zone_defense:1062 Pulling worker [Unit(name='SCV', tag=4385406977), Unit(name='SCV', tag=4354736129), Unit(name='SCV', tag=4382261249), Unit(name='SCV', tag=4356308993), Unit(name='SCV', tag=4348706817), Unit(name='SCV', tag=4374396929), Unit(name='SCV', tag=4367319041), Unit(name='SCV', tag=4350279681), Unit(name='SCV', tag=4391960577), Unit(name='SCV', tag=4347920385), Unit(name='MULE', tag=4401922049), Unit(name='SCV', tag=4362862593), Unit(name='SCV', tag=4386717697), Unit(name='SCV', tag=4354473986), Unit(name='SCV', tag=4349493249)] for zone 1 to safety
07:37 10256  120ms    30M  883G  92/110U INFO terranbot.builds.plans.acts.zone_defense:1062 Pulling worker [Unit(name='SCV', tag=4349755393), Unit(name='SCV', tag=4357881857), Unit(name='SCV', tag=4387766273), Unit(name='SCV', tag=4372037633), Unit(name='SCV', tag=4390387713), Unit(name='SCV', tag=4368891905), Unit(name='SCV', tag=4375707649), Unit(name='SCV', tag=4383571969)] for zone 1 to safety
07:38 10260  136ms    30M  887G  92/110U INFO terranbot.builds.plans.acts.zone_defense:1062 Pulling worker [Unit(name='SCV', tag=4378329089), Unit(name='SCV', tag=4348968961), Unit(name='SCV', tag=4350803969), Unit(name='SCV', tag=4370989057), Unit(name='SCV', tag=4359979009), Unit(name='SCV', tag=4380426241), Unit(name='SCV', tag=4389339137)] for zone 1 to safety
07:38 10264  111ms    30M  887G  92/110U INFO terranbot.builds.plans.acts.zone_defense:1062 Pulling worker [Unit(name='SCV', tag=4354736129), Unit(name='SCV', tag=4362862593), Unit(name='SCV', tag=4382261249), Unit(name='SCV', tag=4385406977), Unit(name='SCV', tag=4374396929), Unit(name='SCV', tag=4356308993), Unit(name='MULE', tag=4401922049), Unit(name='SCV', tag=4391960577), Unit(name='SCV', tag=4352901121), Unit(name='SCV', tag=4348444673), Unit(name='SCV', tag=4386717697), Unit(name='SCV', tag=4354473986)] for zone 1 to safety
07:38 10268  114ms    30M  887G  92/110U INFO terranbot.builds.plans.acts.zone_defense:1062 Pulling worker [Unit(name='SCV', tag=4357881857), Unit(name='SCV', tag=4379377665), Unit(name='SCV', tag=4368891905), Unit(name='SCV', tag=4348706817), Unit(name='SCV', tag=4349755393), Unit(name='SCV', tag=4372037633), Unit(name='SCV', tag=4390387713), Unit(name='SCV', tag=4383571969), Unit(name='SCV', tag=4375707649)] for zone 1 to safety
07:38 10272  109ms    30M  887G  92/110U INFO terranbot.builds.plans.acts.zone_defense:1062 Pulling worker [Unit(name='SCV', tag=4348968961), Unit(name='SCV', tag=4350803969), Unit(name='SCV', tag=4387766273), Unit(name='SCV', tag=4350279681), Unit(name='SCV', tag=4354211841), Unit(name='SCV', tag=4349493249), Unit(name='SCV', tag=4380426241), Unit(name='SCV', tag=4378329089), Unit(name='SCV', tag=4389339137)] for zone 1 to safety
07:38 10276  136ms    30M  887G  92/110U INFO terranbot.builds.plans.acts.zone_defense:1062 Pulling worker [Unit(name='SCV', tag=4385406977), Unit(name='SCV', tag=4362862593), Unit(name='SCV', tag=4354736129), Unit(name='SCV', tag=4356308993), Unit(name='SCV', tag=4374396929), Unit(name='SCV', tag=4359979009), Unit(name='SCV', tag=4352901121), Unit(name='SCV', tag=4386717697), Unit(name='SCV', tag=4354473986), Unit(name='SCV', tag=4382261249)] for zone 1 to safety
07:38 10280  131ms    30M  887G  92/110U INFO terranbot.builds.plans.acts.zone_defense:1062 Pulling worker [Unit(name='SCV', tag=4368891905), Unit(name='SCV', tag=4357881857), Unit(name='SCV', tag=4390387713), Unit(name='SCV', tag=4347920385), Unit(name='SCV', tag=4372037633), Unit(name='SCV', tag=4348444673), Unit(name='SCV', tag=4375707649)] for zone 1 to safety
07:39 10284  102ms    30M  887G  92/110U INFO terranbot.builds.plans.acts.zone_defense:1062 Pulling worker [Unit(name='SCV', tag=4380426241), Unit(name='SCV', tag=4348968961), Unit(name='SCV', tag=4349493249), Unit(name='SCV', tag=4367319041), Unit(name='SCV', tag=4379377665), Unit(name='SCV', tag=4370989057), Unit(name='SCV', tag=4350803969), Unit(name='SCV', tag=4378329089), Unit(name='SCV', tag=4383571969), Unit(name='SCV', tag=4389339137)] for zone 1 to safety
07:39 10288  142ms    30M  887G  92/110U INFO terranbot.builds.plans.acts.zone_defense:1062 Pulling worker [Unit(name='SCV', tag=4362862593), Unit(name='SCV', tag=4354473986), Unit(name='SCV', tag=4354736129), Unit(name='SCV', tag=4374396929), Unit(name='SCV', tag=4350279681), Unit(name='SCV', tag=4391960577), Unit(name='SCV', tag=4387766273), Unit(name='SCV', tag=4356308993), Unit(name='SCV', tag=4349755393), Unit(name='SCV', tag=4359979009), Unit(name='SCV', tag=4382261249), Unit(name='SCV', tag=4386717697), Unit(name='SCV', tag=4385406977)] for zone 1 to safety
07:39 10292  134ms    30M  887G  92/110U INFO terranbot.builds.plans.acts.zone_defense:1062 Pulling worker [Unit(name='SCV', tag=4368891905), Unit(name='SCV', tag=4357881857), Unit(name='SCV', tag=4390387713), Unit(name='SCV', tag=4354211841), Unit(name='SCV', tag=4348444673), Unit(name='SCV', tag=4375707649), Unit(name='SCV', tag=4352901121)] for zone 1 to safety
07:39 10296  115ms    30M  887G  92/110U INFO terranbot.builds.plans.acts.zone_defense:1062 Pulling worker [Unit(name='SCV', tag=4349493249), Unit(name='SCV', tag=4372037633), Unit(name='SCV', tag=4379377665), Unit(name='SCV', tag=4348706817), Unit(name='SCV', tag=4347920385), Unit(name='SCV', tag=4378329089), Unit(name='SCV', tag=4350803969), Unit(name='SCV', tag=4389339137), Unit(name='SCV', tag=4383571969)] for zone 1 to safety
07:39 10300  129ms    30M  887G  92/110U INFO terranbot.builds.plans.acts.zone_defense:1062 Pulling worker [Unit(name='SCV', tag=4362862593), Unit(name='SCV', tag=4354473986), Unit(name='SCV', tag=4356308993), Unit(name='SCV', tag=4354736129), Unit(name='SCV', tag=4391960577), Unit(name='SCV', tag=4382261249), Unit(name='SCV', tag=4387766273), Unit(name='SCV', tag=4380426241), Unit(name='SCV', tag=4350279681), Unit(name='SCV', tag=4370989057), Unit(name='SCV', tag=4374396929), Unit(name='SCV', tag=4348968961), Unit(name='SCV', tag=4385406977), Unit(name='SCV', tag=4386717697)] for zone 1 to safety
07:40 10304  134ms    30M  891G  92/110U INFO terranbot.builds.plans.acts.zone_defense:1062 Pulling worker [Unit(name='SCV', tag=4368891905), Unit(name='SCV', tag=4390387713), Unit(name='SCV', tag=4354211841), Unit(name='SCV', tag=4349755393), Unit(name='SCV', tag=4352901121)] for zone 1 to safety
07:40 10308  115ms    30M  891G  92/110U INFO terranbot.builds.plans.acts.zone_defense:1062 Pulling worker [Unit(name='SCV', tag=4347920385), Unit(name='SCV', tag=4378329089), Unit(name='SCV', tag=4359979009), Unit(name='SCV', tag=4379377665), Unit(name='SCV', tag=4349493249), Unit(name='SCV', tag=4350803969), Unit(name='SCV', tag=4389339137), Unit(name='SCV', tag=4348706817), Unit(name='SCV', tag=4383571969)] for zone 1 to safety
07:40 10312  114ms    30M  891G  92/110U INFO terranbot.builds.plans.acts.zone_defense:1062 Pulling worker [Unit(name='SCV', tag=4386717697), Unit(name='SCV', tag=4356308993), Unit(name='SCV', tag=4362862593), Unit(name='SCV', tag=4354473986), Unit(name='SCV', tag=4382261249), Unit(name='SCV', tag=4391960577), Unit(name='SCV', tag=4348968961), Unit(name='SCV', tag=4374396929), Unit(name='SCV', tag=4350279681), Unit(name='SCV', tag=4372037633), Unit(name='SCV', tag=4367319041), Unit(name='SCV', tag=4375707649), Unit(name='SCV', tag=4387766273), Unit(name='SCV', tag=4385406977), Unit(name='SCV', tag=4354736129)] for zone 1 to safety
07:40 10316  139ms    30M  891G  92/110U INFO terranbot.builds.plans.acts.zone_defense:1062 Pulling worker [Unit(name='SCV', tag=4368891905), Unit(name='SCV', tag=4370989057), Unit(name='SCV', tag=4380426241), Unit(name='SCV', tag=4390387713)] for zone 1 to safety
07:40 10320   95ms    30M  891G  92/110U INFO terranbot.builds.plans.acts.zone_defense:1062 Pulling worker [Unit(name='SCV', tag=4383571969), Unit(name='SCV', tag=4349493249), Unit(name='SCV', tag=4347920385), Unit(name='SCV', tag=4352901121), Unit(name='SCV', tag=4348706817), Unit(name='SCV', tag=4349755393), Unit(name='SCV', tag=4378329089), Unit(name='SCV', tag=4350803969), Unit(name='SCV', tag=4389339137)] for zone 1 to safety
07:40 10324  131ms    40M  891G  92/110U INFO terranbot.builds.plans.acts.zone_defense:1062 Pulling worker [Unit(name='SCV', tag=4386717697), Unit(name='SCV', tag=4356308993), Unit(name='SCV', tag=4354473986), Unit(name='SCV', tag=4362862593), Unit(name='SCV', tag=4391960577), Unit(name='SCV', tag=4348968961), Unit(name='SCV', tag=4382261249), Unit(name='SCV', tag=4348444673), Unit(name='SCV', tag=4372037633), Unit(name='SCV', tag=4379377665), Unit(name='SCV', tag=4375707649), Unit(name='SCV', tag=4385406977), Unit(name='SCV', tag=4387766273), Unit(name='SCV', tag=4354736129), Unit(name='SCV', tag=4367319041)] for zone 1 to safety
07:41 10328  141ms    40M  891G  92/110U INFO terranbot.builds.plans.acts.zone_defense:1062 Pulling worker [Unit(name='SCV', tag=4368891905), Unit(name='SCV', tag=4370989057), Unit(name='SCV', tag=4350279681), Unit(name='SCV', tag=4380426241), Unit(name='SCV', tag=4354211841)] for zone 1 to safety
07:41 10332  102ms    40M  891G  92/110U INFO terranbot.builds.plans.acts.zone_defense:1062 Pulling worker [Unit(name='SCV', tag=4383571969), Unit(name='SCV', tag=4349493249), Unit(name='SCV', tag=4378329089), Unit(name='SCV', tag=4347920385), Unit(name='SCV', tag=4390387713), Unit(name='SCV', tag=4350803969), Unit(name='SCV', tag=4359979009), Unit(name='SCV', tag=4349755393), Unit(name='SCV', tag=4352901121), Unit(name='SCV', tag=4389339137)] for zone 1 to safety
07:41 10336  129ms    40M  895G  92/110U INFO terranbot.builds.plans.acts.zone_defense:1062 Pulling worker [Unit(name='SCV', tag=4354473986), Unit(name='SCV', tag=4391960577), Unit(name='SCV', tag=4386717697), Unit(name='SCV', tag=4356308993), Unit(name='SCV', tag=4362862593), Unit(name='SCV', tag=4348968961), Unit(name='SCV', tag=4382261249), Unit(name='SCV', tag=4385406977), Unit(name='SCV', tag=4348706817), Unit(name='SCV', tag=4372037633), Unit(name='SCV', tag=4374396929), Unit(name='SCV', tag=4379377665), Unit(name='SCV', tag=4387766273), Unit(name='SCV', tag=4354736129), Unit(name='SCV', tag=4367319041)] for zone 1 to safety
07:41 10340  136ms    40M  895G  92/110U INFO terranbot.builds.plans.acts.zone_defense:1062 Pulling worker [Unit(name='SCV', tag=4375707649), Unit(name='SCV', tag=4354211841), Unit(name='SCV', tag=4368891905)] for zone 1 to safety
07:41 10344   94ms    40M  895G  92/110U INFO terranbot.builds.plans.acts.zone_defense:1062 Pulling worker [Unit(name='SCV', tag=4383571969), Unit(name='SCV', tag=4349493249), Unit(name='SCV', tag=4378329089), Unit(name='SCV', tag=4348444673), Unit(name='SCV', tag=4359979009), Unit(name='SCV', tag=4347920385), Unit(name='SCV', tag=4390387713), Unit(name='SCV', tag=4349755393), Unit(name='SCV', tag=4389339137)] for zone 1 to safety
07:41 10348  128ms    40M  899G  92/110U INFO terranbot.builds.plans.acts.zone_defense:1062 Pulling worker [Unit(name='SCV', tag=4386717697), Unit(name='SCV', tag=4362862593), Unit(name='SCV', tag=4354473986), Unit(name='SCV', tag=4356308993), Unit(name='SCV', tag=4391960577), Unit(name='SCV', tag=4348968961), Unit(name='SCV', tag=4374396929), Unit(name='SCV', tag=4370989057), Unit(name='SCV', tag=4352901121), Unit(name='SCV', tag=4379377665), Unit(name='SCV', tag=4350803969), Unit(name='SCV', tag=4382261249), Unit(name='SCV', tag=4385406977), Unit(name='SCV', tag=4354736129), Unit(name='SCV', tag=4387766273), Unit(name='SCV', tag=4367319041)] for zone 1 to safety
07:42 10352  125ms    40M  899G  92/110U INFO terranbot.builds.plans.acts.zone_defense:1062 Pulling worker [Unit(name='SCV', tag=4348706817), Unit(name='SCV', tag=4380426241), Unit(name='SCV', tag=4372037633), Unit(name='SCV', tag=4354211841), Unit(name='SCV', tag=4368891905)] for zone 1 to safety
07:42 10356  125ms    40M  899G  92/110U INFO terranbot.builds.plans.acts.zone_defense:1062 Pulling worker [Unit(name='SCV', tag=4383571969), Unit(name='SCV', tag=4378329089), Unit(name='SCV', tag=4349493249), Unit(name='SCV', tag=4348444673), Unit(name='SCV', tag=4349755393), Unit(name='SCV', tag=4389339137)] for zone 1 to safety
07:42 10360  105ms    40M  899G  92/110U INFO terranbot.builds.plans.acts.zone_defense:1062 Pulling worker [Unit(name='SCV', tag=4387766273), Unit(name='SCV', tag=4356308993), Unit(name='SCV', tag=4362862593), Unit(name='SCV', tag=4391960577), Unit(name='SCV', tag=4375707649), Unit(name='SCV', tag=4347920385), Unit(name='SCV', tag=4348968961), Unit(name='SCV', tag=4350803969), Unit(name='SCV', tag=4359979009), Unit(name='SCV', tag=4382261249), Unit(name='SCV', tag=4354736129), Unit(name='SCV', tag=4386717697), Unit(name='SCV', tag=4354473986), Unit(name='SCV', tag=4385406977), Unit(name='SCV', tag=4367319041)] for zone 1 to safety
07:42 10364  137ms    40M  899G  92/110U INFO terranbot.builds.plans.acts.zone_defense:1062 Pulling worker [Unit(name='SCV', tag=4368891905), Unit(name='SCV', tag=4348706817), Unit(name='SCV', tag=4372037633), Unit(name='SCV', tag=4357881857), Unit(name='SCV', tag=4390387713), Unit(name='SCV', tag=4374396929), Unit(name='SCV', tag=4379377665)] for zone 1 to safety
07:42 10368   99ms    40M  899G  92/110U INFO terranbot.builds.plans.acts.zone_defense:1062 Pulling worker [Unit(name='SCV', tag=4383571969), Unit(name='SCV', tag=4378329089), Unit(name='SCV', tag=4349493249), Unit(name='SCV', tag=4352901121), Unit(name='SCV', tag=4380426241), Unit(name='SCV', tag=4348444673), Unit(name='SCV', tag=4349755393), Unit(name='SCV', tag=4389339137)] for zone 1 to safety
07:43 10372  123ms    40M  899G  92/110U INFO terranbot.builds.plans.acts.zone_defense:1062 Pulling worker [Unit(name='SCV', tag=4387766273), Unit(name='SCV', tag=4356308993), Unit(name='SCV', tag=4354473986), Unit(name='SCV', tag=4391960577), Unit(name='SCV', tag=4367319041), Unit(name='SCV', tag=4386717697), Unit(name='SCV', tag=4382261249), Unit(name='SCV', tag=4354736129), Unit(name='SCV', tag=4362862593), Unit(name='SCV', tag=4385406977)] for zone 1 to safety
07:43 10376  120ms    40M  903G  92/110U INFO terranbot.builds.plans.acts.zone_defense:1062 Pulling worker [Unit(name='SCV', tag=4348706817), Unit(name='SCV', tag=4354211841), Unit(name='SCV', tag=4390387713), Unit(name='SCV', tag=4368891905), Unit(name='SCV', tag=4374396929), Unit(name='SCV', tag=4370989057)] for zone 1 to safety
07:43 10380  104ms    45M  903G  92/110U INFO terranbot.builds.plans.acts.zone_defense:1062 Pulling worker [Unit(name='SCV', tag=4383571969), Unit(name='SCV', tag=4378329089), Unit(name='SCV', tag=4349493249), Unit(name='SCV', tag=4352901121), Unit(name='SCV', tag=4389339137), Unit(name='SCV', tag=4379377665), Unit(name='SCV', tag=4350803969), Unit(name='SCV', tag=4380426241), Unit(name='SCV', tag=4357881857), Unit(name='SCV', tag=4349755393)] for zone 1 to safety
07:43 10384  105ms    45M  903G  92/110U INFO terranbot.builds.plans.acts.zone_defense:1062 Pulling worker [Unit(name='SCV', tag=4356308993), Unit(name='SCV', tag=4391960577), Unit(name='SCV', tag=4362862593), Unit(name='SCV', tag=4348968961), Unit(name='SCV', tag=4375707649), Unit(name='SCV', tag=4354736129), Unit(name='SCV', tag=4359979009), Unit(name='SCV', tag=4354473986), Unit(name='SCV', tag=4387766273), Unit(name='SCV', tag=4386717697), Unit(name='SCV', tag=4372037633)] for zone 1 to safety
07:43 10388  134ms    45M  903G  92/110U INFO terranbot.builds.plans.acts.zone_defense:1062 Pulling worker [Unit(name='SCV', tag=4368891905), Unit(name='SCV', tag=4348444673), Unit(name='SCV', tag=4382261249), Unit(name='SCV', tag=4348706817), Unit(name='SCV', tag=4374396929)] for zone 1 to safety
07:43 10392  106ms    45M  903G  92/110U INFO terranbot.builds.plans.acts.zone_defense:1062 Pulling worker [Unit(name='SCV', tag=4350803969), Unit(name='SCV', tag=4378329089), Unit(name='SCV', tag=4352901121), Unit(name='SCV', tag=4390387713), Unit(name='SCV', tag=4354211841), Unit(name='SCV', tag=4370989057), Unit(name='SCV', tag=4380426241), Unit(name='SCV', tag=4383571969), Unit(name='SCV', tag=4349755393), Unit(name='SCV', tag=4357881857)] for zone 1 to safety
07:44 10396  117ms    45M  903G  92/110U INFO terranbot.builds.plans.acts.zone_defense:1062 Pulling worker [Unit(name='SCV', tag=4362862593), Unit(name='SCV', tag=4354473986), Unit(name='SCV', tag=4375707649), Unit(name='SCV', tag=4391960577), Unit(name='SCV', tag=4349493249), Unit(name='SCV', tag=4389339137), Unit(name='SCV', tag=4372037633), Unit(name='SCV', tag=4385406977), Unit(name='SCV', tag=4356308993), Unit(name='SCV', tag=4359979009), Unit(name='SCV', tag=4386717697), Unit(name='SCV', tag=4379377665)] for zone 1 to safety
07:44 10400  139ms    45M  903G  92/110U INFO terranbot.builds.plans.acts.zone_defense:1062 Pulling worker [Unit(name='SCV', tag=4368891905), Unit(name='SCV', tag=4348706817), Unit(name='SCV', tag=4348968961), Unit(name='SCV', tag=4382261249), Unit(name='SCV', tag=4387766273), Unit(name='SCV', tag=4374396929)] for zone 1 to safety
07:44 10404  114ms    45M  907G  92/110U INFO terranbot.activity.location_modifiers:130 unit_to_place_beside: Unit(name='Barracks', tag=4376231937) - unit_to_place_beside.type_id=UnitTypeId.BARRACKS - position=(95.5, 42.5)
07:44 10404  114ms    45M  907G  92/110U WARNING terranbot.activity.location_modifiers:177 NearUnit preferred-zone miss: tag=4376231937 unit_type=UnitTypeId.BARRACKS unit_zone=0 target_zone=0 selected=(95.5, 42.5) selected_zone=2 main_candidates=['(50.5, 50.5) (overlaps_other_structure)', '(51.5, 55.5) (overlaps_other_structure)', '(54.5, 58.5) (overlaps_other_structure)', '(47.5, 47.5) (overlaps_other_structure)', '(44.5, 55.5) (overlaps_other_structure)', '(45.5, 60.5) (overlaps_other_structure)', '(41.5, 52.5) (overlaps_other_structure)', '(48.5, 63.5) (overlaps_other_structure)', '(37.5, 55.5) (overlaps_other_structure)', '(41.5, 63.5) (overlaps_other_structure)', '(38.5, 60.5) (overlaps_other_structure)', '(34.5, 52.5) (overlaps_other_structure)'] non_main_candidates=['(68.5, 46.5) (overlaps_other_structure)', '(71.5, 49.5) (cannot_place_structure)', '(95.5, 42.5) (ok)', '(98.5, 45.5) (ok)', '(113.5, 46.5) (ok)', '(116.5, 49.5) (ok)']
07:44 10404  114ms    45M  907G  92/110U INFO terranbot.builds.plans.acts.zone_defense:1062 Pulling worker [Unit(name='SCV', tag=4378329089), Unit(name='SCV', tag=4380426241), Unit(name='SCV', tag=4354211841), Unit(name='SCV', tag=4349231105), Unit(name='SCV', tag=4348444673), Unit(name='SCV', tag=4370989057), Unit(name='SCV', tag=4354736129), Unit(name='SCV', tag=4367319041), Unit(name='SCV', tag=4350803969), Unit(name='SCV', tag=4349755393), Unit(name='SCV', tag=4383571969)] for zone 1 to safety
07:44 10408  137ms    45M  907G  92/110U INFO terranbot.builds.plans.acts.zone_defense:1062 Pulling worker [Unit(name='SCV', tag=4362862593), Unit(name='SCV', tag=4356308993), Unit(name='SCV', tag=4354473986), Unit(name='SCV', tag=4375707649), Unit(name='SCV', tag=4349493249), Unit(name='SCV', tag=4390387713), Unit(name='SCV', tag=4352901121), Unit(name='SCV', tag=4357881857), Unit(name='SCV', tag=4386717697), Unit(name='SCV', tag=4359979009), Unit(name='SCV', tag=4379377665)] for zone 1 to safety
07:44 10412  126ms    50M  907G  92/110U INFO terranbot.builds.plans.acts.zone_defense:1062 Pulling worker [Unit(name='SCV', tag=4368891905), Unit(name='SCV', tag=4348706817), Unit(name='SCV', tag=4391960577), Unit(name='SCV', tag=4385406977), Unit(name='SCV', tag=4387766273), Unit(name='SCV', tag=4372037633), Unit(name='SCV', tag=4389339137)] for zone 1 to safety
07:45 10416  101ms    50M  907G  92/110U INFO terranbot.builds.plans.acts.zone_defense:1062 Pulling worker [Unit(name='SCV', tag=4380426241), Unit(name='SCV', tag=4383571969), Unit(name='SCV', tag=4378329089), Unit(name='SCV', tag=4354736129), Unit(name='SCV', tag=4354211841), Unit(name='SCV', tag=4348444673), Unit(name='SCV', tag=4349755393), Unit(name='SCV', tag=4350803969), Unit(name='SCV', tag=4367319041)] for zone 1 to safety
07:45 10420  137ms    50M  907G  92/110U INFO terranbot.builds.plans.acts.zone_defense:1062 Pulling worker [Unit(name='SCV', tag=4362862593), Unit(name='SCV', tag=4356308993), Unit(name='SCV', tag=4354473986), Unit(name='SCV', tag=4349493249), Unit(name='SCV', tag=4375707649), Unit(name='SCV', tag=4347920385), Unit(name='SCV', tag=4359979009), Unit(name='SCV', tag=4349231105), Unit(name='SCV', tag=4370989057), Unit(name='SCV', tag=4374396929), Unit(name='SCV', tag=4386717697), Unit(name='SCV', tag=4379377665)] for zone 1 to safety
07:45 10424  135ms    50M  907G  92/110U INFO terranbot.builds.plans.acts.zone_defense:1062 Pulling worker [Unit(name='SCV', tag=4382261249), Unit(name='SCV', tag=4348706817), Unit(name='SCV', tag=4390387713), Unit(name='SCV', tag=4357881857), Unit(name='SCV', tag=4372037633), Unit(name='SCV', tag=4385406977), Unit(name='SCV', tag=4352901121), Unit(name='SCV', tag=4368891905)] for zone 1 to safety
07:45 10428  102ms    50M  907G  92/110U INFO terranbot.builds.plans.acts.zone_defense:1062 Pulling worker [Unit(name='SCV', tag=4380426241), Unit(name='SCV', tag=4378329089), Unit(name='SCV', tag=4354211841), Unit(name='SCV', tag=4349755393), Unit(name='SCV', tag=4387766273), Unit(name='SCV', tag=4354736129), Unit(name='SCV', tag=4391960577), Unit(name='SCV', tag=4389339137), Unit(name='SCV', tag=4350803969), Unit(name='SCV', tag=4383571969), Unit(name='SCV', tag=4367319041)] for zone 1 to safety
07:45 10432  126ms    50M  907G  92/110U INFO terranbot.builds.plans.acts.zone_defense:1062 Pulling worker [Unit(name='SCV', tag=4362862593), Unit(name='SCV', tag=4356308993), Unit(name='SCV', tag=4349493249), Unit(name='SCV', tag=4375707649), Unit(name='SCV', tag=4359979009), Unit(name='SCV', tag=4348444673), Unit(name='SCV', tag=4386717697), Unit(name='SCV', tag=4354473986), Unit(name='SCV', tag=4379377665)] for zone 1 to safety
07:45 10436  119ms    55M  907G  92/110U INFO terranbot.builds.plans.acts.zone_defense:1062 Pulling worker [Unit(name='SCV', tag=4368891905), Unit(name='SCV', tag=4348706817), Unit(name='SCV', tag=4370989057), Unit(name='SCV', tag=4382261249), Unit(name='SCV', tag=4349231105), Unit(name='SCV', tag=4385406977), Unit(name='SCV', tag=4374396929), Unit(name='SCV', tag=4352901121)] for zone 1 to safety
07:46 10440  108ms    55M  907G  92/110U INFO terranbot.builds.plans.acts.zone_defense:1062 Pulling worker [Unit(name='SCV', tag=4380426241), Unit(name='SCV', tag=4378329089), Unit(name='SCV', tag=4354211841), Unit(name='SCV', tag=4354736129), Unit(name='SCV', tag=4387766273), Unit(name='SCV', tag=4390387713), Unit(name='SCV', tag=4389339137), Unit(name='SCV', tag=4383571969), Unit(name='SCV', tag=4349755393), Unit(name='SCV', tag=4350803969), Unit(name='SCV', tag=4367319041)] for zone 1 to safety
07:46 10444  119ms    55M  907G  92/110U INFO terranbot.builds.plans.acts.zone_defense:1062 Pulling worker [Unit(name='SCV', tag=4375707649), Unit(name='SCV', tag=4379377665), Unit(name='SCV', tag=4362862593), Unit(name='SCV', tag=4354473986), Unit(name='SCV', tag=4349493249), Unit(name='SCV', tag=4347920385), Unit(name='SCV', tag=4372037633), Unit(name='SCV', tag=4356308993), Unit(name='SCV', tag=4386717697)] for zone 1 to safety
07:46 10448   95ms    55M  907G  92/110U INFO sharpy.managers.core.log_manager:80 [GameAnalyzer] Known army advantage is now ClearAdvantage
07:46 10448   95ms    55M  907G  92/110U INFO terranbot.builds.plans.acts.zone_defense:1062 Pulling worker [Unit(name='SCV', tag=4368891905), Unit(name='SCV', tag=4348706817), Unit(name='SCV', tag=4370989057), Unit(name='SCV', tag=4352901121), Unit(name='SCV', tag=4348968961), Unit(name='SCV', tag=4391960577), Unit(name='SCV', tag=4359979009)] for zone 1 to safety
07:46 10452  136ms    10M  907G  92/110U INFO terranbot.builds.plans.acts.zone_defense:1062 Pulling worker [Unit(name='SCV', tag=4378329089), Unit(name='SCV', tag=4380426241), Unit(name='SCV', tag=4354211841), Unit(name='SCV', tag=4348444673), Unit(name='SCV', tag=4354736129), Unit(name='SCV', tag=4349231105), Unit(name='SCV', tag=4387766273), Unit(name='SCV', tag=4374396929), Unit(name='SCV', tag=4349755393), Unit(name='SCV', tag=4383571969), Unit(name='SCV', tag=4350803969)] for zone 1 to safety
07:46 10456  132ms    10M  907G  93/110U INFO terranbot.builds.plans.acts.zone_defense:1062 Pulling worker [Unit(name='SCV', tag=4375707649), Unit(name='SCV', tag=4379377665), Unit(name='SCV', tag=4362862593), Unit(name='SCV', tag=4349493249), Unit(name='SCV', tag=4356308993), Unit(name='SCV', tag=4354473986), Unit(name='SCV', tag=4389339137), Unit(name='SCV', tag=4367319041), Unit(name='SCV', tag=4385406977), Unit(name='SCV', tag=4372037633), Unit(name='SCV', tag=4386717697)] for zone 1 to safety
07:46 10460  126ms    10M  907G  93/110U INFO terranbot.builds.plans.acts.zone_defense:1062 Pulling worker [Unit(name='SCV', tag=4370989057), Unit(name='SCV', tag=4348706817), Unit(name='SCV', tag=4382261249), Unit(name='SCV', tag=4359979009), Unit(name='SCV', tag=4391960577), Unit(name='SCV', tag=4368891905)] for zone 1 to safety
07:47 10464  109ms    10M  911G  93/110U INFO terranbot.activity.location_modifiers:130 unit_to_place_beside: Unit(name='Starport', tag=4363124737) - unit_to_place_beside.type_id=UnitTypeId.STARPORT - position=(44.5, 55.5)
07:47 10464  109ms    10M  911G  93/110U INFO terranbot.builds.plans.acts.zone_defense:1062 Pulling worker [Unit(name='SCV', tag=4378329089), Unit(name='SCV', tag=4354211841), Unit(name='SCV', tag=4349755393), Unit(name='SCV', tag=4352901121), Unit(name='SCV', tag=4357881857), Unit(name='SCV', tag=4349231105), Unit(name='SCV', tag=4347920385), Unit(name='SCV', tag=4390387713), Unit(name='SCV', tag=4374396929), Unit(name='SCV', tag=4380426241), Unit(name='SCV', tag=4383571969), Unit(name='SCV', tag=4350803969)] for zone 1 to safety
07:47 10468  141ms    10M  911G  93/110U INFO terranbot.builds.plans.acts.zone_defense:1062 Pulling worker [Unit(name='SCV', tag=4362862593), Unit(name='SCV', tag=4349493249), Unit(name='SCV', tag=4375707649), Unit(name='SCV', tag=4387766273), Unit(name='SCV', tag=4385406977), Unit(name='SCV', tag=4356308993), Unit(name='SCV', tag=4348968961), Unit(name='SCV', tag=4379377665), Unit(name='SCV', tag=4386717697)] for zone 1 to safety
07:47 10472  111ms    10M  911G  93/110U INFO terranbot.builds.plans.acts.zone_defense:1062 Pulling worker [Unit(name='SCV', tag=4348706817), Unit(name='SCV', tag=4370989057), Unit(name='SCV', tag=4354736129), Unit(name='SCV', tag=4354473986), Unit(name='SCV', tag=4359979009), Unit(name='SCV', tag=4389339137), Unit(name='SCV', tag=4391960577), Unit(name='SCV', tag=4368891905)] for zone 1 to safety
07:47 10476  104ms    10M  911G  93/110U INFO terranbot.builds.plans.acts.zone_defense:1062 Pulling worker [Unit(name='SCV', tag=4378329089), Unit(name='SCV', tag=4354211841), Unit(name='SCV', tag=4352901121), Unit(name='SCV', tag=4349755393), Unit(name='SCV', tag=4390387713), Unit(name='SCV', tag=4348444673), Unit(name='SCV', tag=4382261249), Unit(name='SCV', tag=4350803969), Unit(name='SCV', tag=4374396929), Unit(name='SCV', tag=4383571969), Unit(name='SCV', tag=4380426241), Unit(name='SCV', tag=4367319041)] for zone 1 to safety
07:47 10480  133ms    10M  911G  93/110U INFO terranbot.builds.plans.acts.zone_defense:1062 Pulling worker [Unit(name='SCV', tag=4362862593), Unit(name='SCV', tag=4349493249), Unit(name='SCV', tag=4379377665), Unit(name='SCV', tag=4387766273), Unit(name='SCV', tag=4372037633), Unit(name='SCV', tag=4347920385), Unit(name='SCV', tag=4348968961), Unit(name='SCV', tag=4386717697)] for zone 1 to safety
07:48 10484  123ms    10M  911G  93/110U INFO terranbot.builds.plans.acts.zone_defense:1062 Pulling worker [Unit(name='SCV', tag=4370989057), Unit(name='SCV', tag=4356308993), Unit(name='SCV', tag=4349231105), Unit(name='SCV', tag=4359979009), Unit(name='SCV', tag=4368891905), Unit(name='SCV', tag=4348706817), Unit(name='SCV', tag=4391960577)] for zone 1 to safety
07:48 10488  116ms    10M  911G  93/110U INFO terranbot.builds.plans.acts.zone_defense:1062 Pulling worker [Unit(name='SCV', tag=4349755393), Unit(name='SCV', tag=4354211841), Unit(name='SCV', tag=4378329089), Unit(name='SCV', tag=4352901121), Unit(name='SCV', tag=4385406977), Unit(name='SCV', tag=4390387713), Unit(name='SCV', tag=4357881857), Unit(name='SCV', tag=4354736129), Unit(name='SCV', tag=4350803969), Unit(name='SCV', tag=4389339137), Unit(name='SCV', tag=4382261249), Unit(name='SCV', tag=4380426241), Unit(name='SCV', tag=4374396929), Unit(name='SCV', tag=4367319041), Unit(name='SCV', tag=4383571969)] for zone 1 to safety
07:48 10492  147ms    10M  911G  93/110U INFO terranbot.builds.plans.acts.zone_defense:1062 Pulling worker [Unit(name='SCV', tag=4362862593), Unit(name='SCV', tag=4349493249), Unit(name='SCV', tag=4348968961), Unit(name='SCV', tag=4375707649), Unit(name='SCV', tag=4379377665), Unit(name='SCV', tag=4348444673), Unit(name='SCV', tag=4386717697), Unit(name='SCV', tag=4347920385)] for zone 1 to safety
07:48 10496  110ms    10M  915G  93/110U INFO terranbot.builds.plans.acts.zone_defense:1062 Pulling worker [Unit(name='SCV', tag=4368891905), Unit(name='SCV', tag=4387766273), Unit(name='SCV', tag=4372037633), Unit(name='SCV', tag=4348706817), Unit(name='SCV', tag=4349231105), Unit(name='SCV', tag=4370989057), Unit(name='SCV', tag=4391960577)] for zone 1 to safety
07:48 10500  129ms    10M  915G  93/110U INFO terranbot.builds.plans.acts.zone_defense:1062 Pulling worker [Unit(name='SCV', tag=4378329089), Unit(name='SCV', tag=4354211841), Unit(name='SCV', tag=4374396929), Unit(name='SCV', tag=4352901121), Unit(name='SCV', tag=4357881857), Unit(name='SCV', tag=4390387713), Unit(name='SCV', tag=4385406977), Unit(name='SCV', tag=4356308993), Unit(name='SCV', tag=4382261249), Unit(name='SCV', tag=4354473986), Unit(name='SCV', tag=4349755393), Unit(name='SCV', tag=4383571969), Unit(name='SCV', tag=4380426241), Unit(name='SCV', tag=4367319041)] for zone 1 to safety
07:48 10504  124ms    10M  919G  93/110U INFO terranbot.builds.plans.acts.zone_defense:1062 Pulling worker [Unit(name='SCV', tag=4362862593), Unit(name='SCV', tag=4375707649), Unit(name='SCV', tag=4349493249), Unit(name='SCV', tag=4354736129), Unit(name='SCV', tag=4348968961), Unit(name='SCV', tag=4359979009), Unit(name='SCV', tag=4386717697), Unit(name='SCV', tag=4389339137), Unit(name='SCV', tag=4347920385), Unit(name='SCV', tag=4350803969)] for zone 1 to safety
07:49 10508  122ms    10M  919G  93/110U INFO terranbot.builds.plans.acts.zone_defense:1062 Pulling worker [Unit(name='SCV', tag=4370989057), Unit(name='SCV', tag=4368891905), Unit(name='SCV', tag=4348706817), Unit(name='SCV', tag=4349231105), Unit(name='SCV', tag=4391960577)] for zone 1 to safety
07:49 10512  104ms    15M  919G  93/110U INFO terranbot.builds.plans.acts.zone_defense:1062 Pulling worker [Unit(name='SCV', tag=4378329089), Unit(name='SCV', tag=4356308993), Unit(name='SCV', tag=4352901121), Unit(name='SCV', tag=4349755393), Unit(name='SCV', tag=4357881857), Unit(name='SCV', tag=4354473986), Unit(name='SCV', tag=4372037633), Unit(name='SCV', tag=4374396929), Unit(name='SCV', tag=4367319041), Unit(name='SCV', tag=4354211841), Unit(name='SCV', tag=4383571969), Unit(name='SCV', tag=4380426241)] for zone 1 to safety
07:49 10516  147ms    15M  919G  93/110U INFO terranbot.builds.plans.acts.zone_defense:1062 Pulling worker [Unit(name='SCV', tag=4362862593), Unit(name='SCV', tag=4348444673), Unit(name='SCV', tag=4387766273), Unit(name='SCV', tag=4359979009), Unit(name='SCV', tag=4350803969), Unit(name='SCV', tag=4382261249)] for zone 1 to safety
07:49 10520   96ms    15M  923G  93/110U INFO terranbot.builds.plans.acts.zone_defense:1062 Pulling worker [Unit(name='SCV', tag=4368891905), Unit(name='SCV', tag=4370989057), Unit(name='SCV', tag=4348968961), Unit(name='SCV', tag=4354736129), Unit(name='SCV', tag=4385406977), Unit(name='SCV', tag=4348706817), Unit(name='SCV', tag=4389339137), Unit(name='SCV', tag=4349231105), Unit(name='SCV', tag=4386717697)] for zone 1 to safety
07:49 10524  111ms    15M  923G  93/110U INFO terranbot.builds.plans.acts.zone_defense:1062 Pulling worker [Unit(name='SCV', tag=4354211841), Unit(name='SCV', tag=4378329089), Unit(name='SCV', tag=4372037633), Unit(name='SCV', tag=4356308993), Unit(name='SCV', tag=4352901121), Unit(name='SCV', tag=4349493249), Unit(name='SCV', tag=4347920385), Unit(name='SCV', tag=4349755393), Unit(name='SCV', tag=4390387713), Unit(name='SCV', tag=4357881857), Unit(name='SCV', tag=4374396929), Unit(name='SCV', tag=4367319041), Unit(name='SCV', tag=4383571969), Unit(name='SCV', tag=4380426241)] for zone 1 to safety
07:50 10528  137ms    15M  923G  93/110U INFO terranbot.builds.plans.acts.zone_defense:1062 Pulling worker [Unit(name='SCV', tag=4362862593), Unit(name='SCV', tag=4375707649), Unit(name='SCV', tag=4354473986), Unit(name='SCV', tag=4350803969), Unit(name='SCV', tag=4387766273), Unit(name='SCV', tag=4391960577), Unit(name='SCV', tag=4359979009), Unit(name='SCV', tag=4382261249)] for zone 1 to safety
07:50 10532  139ms    15M  923G  93/110U INFO terranbot.activity.location_modifiers:130 unit_to_place_beside: Unit(name='Barracks', tag=4378066945) - unit_to_place_beside.type_id=UnitTypeId.BARRACKS - position=(44.5, 55.5)
07:50 10532  139ms    15M  923G  93/110U INFO terranbot.builds.plans.acts.zone_defense:1062 Pulling worker [Unit(name='SCV', tag=4368891905), Unit(name='SCV', tag=4370989057), Unit(name='SCV', tag=4354736129), Unit(name='SCV', tag=4389339137), Unit(name='SCV', tag=4385406977), Unit(name='SCV', tag=4348706817), Unit(name='SCV', tag=4349231105), Unit(name='SCV', tag=4386717697)] for zone 1 to safety
07:50 10536  107ms    25M  923G  93/110U INFO terranbot.activity.location_modifiers:130 unit_to_place_beside: Unit(name='Barracks', tag=4352638977) - unit_to_place_beside.type_id=UnitTypeId.BARRACKS - position=(45.5, 60.5)
07:50 10536  107ms    25M  923G  93/110U INFO terranbot.builds.plans.acts.zone_defense:1062 Pulling worker [Unit(name='SCV', tag=4354211841), Unit(name='SCV', tag=4357881857), Unit(name='SCV', tag=4378329089), Unit(name='SCV', tag=4356308993), Unit(name='SCV', tag=4390387713), Unit(name='SCV', tag=4372037633), Unit(name='SCV', tag=4374396929), Unit(name='SCV', tag=4367319041), Unit(name='SCV', tag=4383571969)] for zone 1 to safety
07:50 10540  122ms    25M  923G  93/110U INFO terranbot.builds.plans.acts.zone_defense:1062 Pulling worker [Unit(name='SCV', tag=4362862593), Unit(name='SCV', tag=4359979009), Unit(name='SCV', tag=4375707649), Unit(name='SCV', tag=4348968961), Unit(name='SCV', tag=4352901121), Unit(name='SCV', tag=4347920385), Unit(name='SCV', tag=4391960577), Unit(name='SCV', tag=4349493249), Unit(name='SCV', tag=4348444673), Unit(name='SCV', tag=4380426241)] for zone 1 to safety
07:50 10544  112ms    25M  923G  93/110U INFO terranbot.builds.plans.acts.zone_defense:1062 Pulling worker [Unit(name='SCV', tag=4368891905), Unit(name='SCV', tag=4386717697), Unit(name='SCV', tag=4370989057), Unit(name='SCV', tag=4389339137), Unit(name='SCV', tag=4354473986), Unit(name='SCV', tag=4354736129), Unit(name='SCV', tag=4385406977), Unit(name='SCV', tag=4348706817), Unit(name='SCV', tag=4349231105)] for zone 1 to safety
07:50 10548  124ms    25M  923G  93/110U INFO terranbot.builds.plans.acts.zone_defense:1062 Pulling worker [Unit(name='SCV', tag=4378329089), Unit(name='SCV', tag=4374396929), Unit(name='SCV', tag=4354211841), Unit(name='SCV', tag=4379377665), Unit(name='SCV', tag=4387766273), Unit(name='SCV', tag=4349755393), Unit(name='SCV', tag=4372037633), Unit(name='SCV', tag=4357881857), Unit(name='SCV', tag=4367319041), Unit(name='SCV', tag=4383571969)] for zone 1 to safety
07:51 10552  126ms    25M  927G  93/110U INFO terranbot.builds.plans.acts.zone_defense:1062 Pulling worker [Unit(name='SCV', tag=4375707649), Unit(name='SCV', tag=4359979009), Unit(name='SCV', tag=4348968961), Unit(name='SCV', tag=4362862593), Unit(name='SCV', tag=4356308993), Unit(name='SCV', tag=4391960577), Unit(name='SCV', tag=4349493249), Unit(name='SCV', tag=4347920385)] for zone 1 to safety
07:51 10556  106ms    25M  927G  93/110U INFO terranbot.builds.plans.acts.zone_defense:1062 Pulling worker [Unit(name='SCV', tag=4386717697), Unit(name='SCV', tag=4370989057), Unit(name='SCV', tag=4389339137), Unit(name='SCV', tag=4385406977), Unit(name='SCV', tag=4354736129), Unit(name='SCV', tag=4348444673), Unit(name='SCV', tag=4380426241), Unit(name='SCV', tag=4368891905), Unit(name='SCV', tag=4390387713), Unit(name='SCV', tag=4348706817)] for zone 1 to safety
07:51 10560  140ms    50M  927G  93/110U INFO sharpy.managers.core.log_manager:80 [GameAnalyzer] Income advantage is now SmallDisadvantage
07:51 10560  140ms    50M  927G  93/110U INFO terranbot.builds.plans.acts.zone_defense:1062 Pulling worker [Unit(name='SCV', tag=4378329089), Unit(name='SCV', tag=4374396929), Unit(name='SCV', tag=4354211841), Unit(name='SCV', tag=4349755393), Unit(name='SCV', tag=4352901121), Unit(name='SCV', tag=4372037633), Unit(name='SCV', tag=4357881857), Unit(name='SCV', tag=4367319041), Unit(name='SCV', tag=4383571969), Unit(name='SCV', tag=4350803969)] for zone 1 to safety
07:51 10564  135ms    50M  927G  93/110U INFO terranbot.builds.plans.acts.zone_defense:1062 Pulling worker [Unit(name='SCV', tag=4375707649), Unit(name='SCV', tag=4348968961), Unit(name='SCV', tag=4349493249), Unit(name='SCV', tag=4359979009)] for zone 1 to safety
07:51 10568   98ms    50M  927G  93/110U INFO terranbot.builds.plans.acts.zone_defense:1062 Pulling worker [Unit(name='SCV', tag=4368891905), Unit(name='SCV', tag=4389339137), Unit(name='SCV', tag=4386717697), Unit(name='SCV', tag=4370989057), Unit(name='SCV', tag=4362862593), Unit(name='SCV', tag=4349231105), Unit(name='SCV', tag=4356308993), Unit(name='SCV', tag=4354473986), Unit(name='SCV', tag=4348706817), Unit(name='SCV', tag=4390387713), Unit(name='SCV', tag=4347920385)] for zone 1 to safety
07:51 10572  110ms    50M  927G  93/110U INFO terranbot.builds.plans.acts.zone_defense:1062 Pulling worker [Unit(name='SCV', tag=4374396929), Unit(name='SCV', tag=4378329089), Unit(name='SCV', tag=4349755393), Unit(name='SCV', tag=4391960577), Unit(name='SCV', tag=4387766273), Unit(name='SCV', tag=4372037633), Unit(name='SCV', tag=4379377665), Unit(name='SCV', tag=4383571969), Unit(name='SCV', tag=4357881857), Unit(name='SCV', tag=4354211841), Unit(name='SCV', tag=4367319041), Unit(name='SCV', tag=4348444673), Unit(name='SCV', tag=4380426241)] for zone 1 to safety
07:52 10576  144ms    50M  927G  93/110U INFO terranbot.builds.plans.acts.zone_defense:1062 Pulling worker [Unit(name='SCV', tag=4375707649), Unit(name='SCV', tag=4352901121), Unit(name='SCV', tag=4359979009), Unit(name='SCV', tag=4354736129), Unit(name='SCV', tag=4385406977), Unit(name='SCV', tag=4348968961), Unit(name='SCV', tag=4349493249)] for zone 1 to safety
07:52 10580  113ms    50M  927G  93/110U INFO terranbot.builds.plans.acts.zone_defense:1062 Pulling worker [Unit(name='SCV', tag=4386717697), Unit(name='SCV', tag=4368891905), Unit(name='SCV', tag=4389339137), Unit(name='SCV', tag=4356308993), Unit(name='SCV', tag=4370989057), Unit(name='SCV', tag=4354473986), Unit(name='SCV', tag=4349231105), Unit(name='SCV', tag=4347920385), Unit(name='SCV', tag=4348706817)] for zone 1 to safety
07:52 10584  105ms    50M  927G  93/110U INFO terranbot.builds.plans.acts.zone_defense:1062 Pulling worker [Unit(name='SCV', tag=4383571969), Unit(name='SCV', tag=4378329089), Unit(name='SCV', tag=4374396929), Unit(name='SCV', tag=4350803969), Unit(name='SCV', tag=4380426241), Unit(name='SCV', tag=4354211841), Unit(name='SCV', tag=4362862593), Unit(name='SCV', tag=4390387713), Unit(name='SCV', tag=4391960577), Unit(name='SCV', tag=4367319041), Unit(name='SCV', tag=4348444673), Unit(name='SCV', tag=4357881857)] for zone 1 to safety
07:52 10588  141ms    50M  927G  93/110U INFO terranbot.builds.plans.acts.zone_defense:1062 Pulling worker [Unit(name='SCV', tag=4375707649), Unit(name='SCV', tag=4387766273), Unit(name='SCV', tag=4379377665), Unit(name='SCV', tag=4354736129), Unit(name='SCV', tag=4349493249), Unit(name='SCV', tag=4348968961)] for zone 1 to safety
07:52 10592  103ms    50M  927G  93/110U INFO terranbot.builds.plans.acts.zone_defense:1062 Pulling worker [Unit(name='SCV', tag=4389339137), Unit(name='SCV', tag=4368891905), Unit(name='SCV', tag=4386717697), Unit(name='SCV', tag=4370989057), Unit(name='SCV', tag=4356308993), Unit(name='SCV', tag=4359979009), Unit(name='SCV', tag=4354473986), Unit(name='SCV', tag=4372037633), Unit(name='SCV', tag=4348706817)] for zone 1 to safety
07:53 10596  109ms    50M  935G  93/110U INFO terranbot.builds.plans.acts.zone_defense:1062 Pulling worker [Unit(name='SCV', tag=4383571969), Unit(name='SCV', tag=4350803969), Unit(name='SCV', tag=4374396929), Unit(name='SCV', tag=4378329089), Unit(name='SCV', tag=4349755393), Unit(name='SCV', tag=4385406977), Unit(name='SCV', tag=4349231105), Unit(name='SCV', tag=4347920385), Unit(name='SCV', tag=4367319041), Unit(name='SCV', tag=4391960577), Unit(name='SCV', tag=4354211841), Unit(name='SCV', tag=4357881857), Unit(name='SCV', tag=4348444673)] for zone 1 to safety
07:53 10600  227ms    50M  935G  93/110U INFO terranbot.builds.plans.acts.zone_defense:1062 Pulling worker [Unit(name='SCV', tag=4375707649), Unit(name='SCV', tag=4349493249), Unit(name='SCV', tag=4362862593), Unit(name='SCV', tag=4380426241), Unit(name='SCV', tag=4390387713), Unit(name='SCV', tag=4379377665)] for zone 1 to safety
07:53 10604  112ms    50M  935G  93/110U INFO terranbot.builds.plans.acts.zone_defense:1062 Pulling worker [Unit(name='SCV', tag=4368891905), Unit(name='SCV', tag=4386717697), Unit(name='SCV', tag=4370989057), Unit(name='SCV', tag=4356308993), Unit(name='SCV', tag=4354736129), Unit(name='SCV', tag=4389339137), Unit(name='SCV', tag=4372037633)] for zone 1 to safety
07:53 10608  120ms    50M  935G  93/110U INFO sharpy.managers.core.log_manager:80 [GameAnalyzer] Income advantage is now ClearDisadvantage
07:53 10608  120ms    50M  935G  93/110U INFO terranbot.builds.plans.acts.zone_defense:1062 Pulling worker [Unit(name='SCV', tag=4383571969), Unit(name='SCV', tag=4378329089), Unit(name='SCV', tag=4349231105), Unit(name='SCV', tag=4348706817), Unit(name='SCV', tag=4387766273), Unit(name='SCV', tag=4350803969), Unit(name='SCV', tag=4349755393), Unit(name='SCV', tag=4352901121), Unit(name='SCV', tag=4385406977), Unit(name='SCV', tag=4354211841), Unit(name='SCV', tag=4374396929), Unit(name='SCV', tag=4391960577), Unit(name='SCV', tag=4367319041), Unit(name='SCV', tag=4348444673), Unit(name='SCV', tag=4357881857)] for zone 1 to safety
07:53 10612  171ms    55M  935G  93/110U INFO terranbot.builds.plans.acts.zone_defense:1062 Pulling worker [Unit(name='SCV', tag=4375707649), Unit(name='SCV', tag=4362862593), Unit(name='SCV', tag=4379377665), Unit(name='SCV', tag=4354473986), Unit(name='SCV', tag=4348968961), Unit(name='SCV', tag=4390387713), Unit(name='SCV', tag=4347920385)] for zone 1 to safety
07:53 10616   95ms    55M  935G  93/110U INFO terranbot.builds.plans.acts.zone_defense:1062 Pulling worker [Unit(name='SCV', tag=4370989057), Unit(name='SCV', tag=4389339137), Unit(name='SCV', tag=4368891905), Unit(name='SCV', tag=4356308993), Unit(name='SCV', tag=4359979009), Unit(name='SCV', tag=4380426241), Unit(name='SCV', tag=4386717697)] for zone 1 to safety
07:54 10620   98ms    60M  935G  93/110U INFO terranbot.builds.plans.acts.zone_defense:1062 Pulling worker [Unit(name='SCV', tag=4383571969), Unit(name='SCV', tag=4348444673), Unit(name='SCV', tag=4348706817), Unit(name='SCV', tag=4374396929), Unit(name='SCV', tag=4349493249), Unit(name='SCV', tag=4365484033), Unit(name='SCV', tag=4372037633), Unit(name='SCV', tag=4349231105), Unit(name='SCV', tag=4391960577), Unit(name='SCV', tag=4367319041), Unit(name='SCV', tag=4354211841)] for zone 1 to safety
07:54 10624  136ms    60M  935G  93/110U INFO terranbot.builds.plans.acts.zone_defense:1062 Pulling worker [Unit(name='SCV', tag=4379377665), Unit(name='SCV', tag=4375707649), Unit(name='SCV', tag=4354473986), Unit(name='SCV', tag=4348968961), Unit(name='SCV', tag=4357881857), Unit(name='SCV', tag=4390387713)] for zone 1 to safety
07:54 10628  115ms    60M  935G  93/110U INFO terranbot.builds.plans.acts.zone_defense:1062 Pulling worker [Unit(name='SCV', tag=4389339137), Unit(name='SCV', tag=4368891905), Unit(name='SCV', tag=4370989057), Unit(name='SCV', tag=4356308993), Unit(name='SCV', tag=4362862593), Unit(name='SCV', tag=4354736129), Unit(name='SCV', tag=4380426241), Unit(name='SCV', tag=4352901121), Unit(name='SCV', tag=4386717697), Unit(name='SCV', tag=4378329089), Unit(name='SCV', tag=4349755393)] for zone 1 to safety
07:54 10632  117ms    60M  935G  93/110U INFO terranbot.builds.plans.acts.zone_defense:1062 Pulling worker [Unit(name='SCV', tag=4348444673), Unit(name='SCV', tag=4367319041), Unit(name='SCV', tag=4383571969), Unit(name='SCV', tag=4350541825), Unit(name='SCV', tag=4391960577), Unit(name='SCV', tag=4348706817), Unit(name='SCV', tag=4385406977)] for zone 1 to safety
07:54 10636  108ms    65M  935G  93/110U INFO terranbot.builds.plans.acts.zone_defense:1062 Pulling worker [Unit(name='SCV', tag=4347920385), Unit(name='SCV', tag=4374396929), Unit(name='SCV', tag=4349493249), Unit(name='SCV', tag=4375707649), Unit(name='SCV', tag=4359979009), Unit(name='SCV', tag=4354211841), Unit(name='SCV', tag=4372037633), Unit(name='SCV', tag=4350803969), Unit(name='SCV', tag=4387766273)] for zone 1 to safety
07:55 10640  113ms    65M  939G  93/110U INFO terranbot.builds.plans.acts.zone_defense:1062 Pulling worker [Unit(name='SCV', tag=4368891905), Unit(name='SCV', tag=4389339137), Unit(name='SCV', tag=4354736129), Unit(name='SCV', tag=4362862593), Unit(name='SCV', tag=4370989057), Unit(name='SCV', tag=4356308993), Unit(name='SCV', tag=4349755393), Unit(name='SCV', tag=4386717697), Unit(name='SCV', tag=4378329089)] for zone 1 to safety
07:55 10644  121ms    65M  939G  93/110U INFO terranbot.builds.plans.acts.zone_defense:1062 Pulling worker [Unit(name='SCV', tag=4348444673), Unit(name='SCV', tag=4367319041), Unit(name='SCV', tag=4383571969), Unit(name='SCV', tag=4348706817), Unit(name='SCV', tag=4349231105), Unit(name='SCV', tag=4352901121), Unit(name='SCV', tag=4379377665), Unit(name='SCV', tag=4357881857), Unit(name='SCV', tag=4391960577), Unit(name='SCV', tag=4385406977)] for zone 1 to safety
07:55 10648  120ms    65M  939G  93/110U INFO terranbot.builds.plans.acts.zone_defense:1062 Pulling worker [Unit(name='SCV', tag=4375707649), Unit(name='SCV', tag=4349493249), Unit(name='SCV', tag=4387766273), Unit(name='SCV', tag=4380426241), Unit(name='SCV', tag=4372037633), Unit(name='SCV', tag=4350803969)] for zone 1 to safety
07:55 10652  105ms    65M  939G  93/110U INFO terranbot.builds.plans.acts.zone_defense:1062 Pulling worker [Unit(name='SCV', tag=4370989057), Unit(name='SCV', tag=4354736129), Unit(name='SCV', tag=4362862593), Unit(name='SCV', tag=4354211841), Unit(name='SCV', tag=4374396929), Unit(name='SCV', tag=4347920385), Unit(name='SCV', tag=4368891905), Unit(name='SCV', tag=4389339137), Unit(name='SCV', tag=4386717697), Unit(name='SCV', tag=4378329089)] for zone 1 to safety
07:55 10656  124ms    65M  939G  93/110U INFO terranbot.builds.plans.acts.zone_defense:1062 Pulling worker [Unit(name='SCV', tag=4367319041), Unit(name='SCV', tag=4348706817), Unit(name='SCV', tag=4349231105), Unit(name='SCV', tag=4352901121), Unit(name='SCV', tag=4356308993), Unit(name='SCV', tag=4350541825), Unit(name='SCV', tag=4385406977), Unit(name='SCV', tag=4383571969), Unit(name='SCV', tag=4348444673), Unit(name='SCV', tag=4391960577), Unit(name='SCV', tag=4390387713), Unit(name='SCV', tag=4349755393)] for zone 1 to safety
07:55 10660  150ms    65M  939G  93/110U INFO terranbot.builds.plans.acts.zone_defense:1062 Pulling worker [Unit(name='SCV', tag=4375707649), Unit(name='SCV', tag=4349493249), Unit(name='SCV', tag=4359979009), Unit(name='SCV', tag=4357881857), Unit(name='SCV', tag=4372037633), Unit(name='SCV', tag=4350803969)] for zone 1 to safety
07:56 10664  117ms    65M  939G  93/110U INFO sharpy.managers.core.log_manager:80 [GameAnalyzer] Income advantage is now SmallDisadvantage
07:56 10664  117ms    65M  939G  93/110U INFO terranbot.builds.plans.acts.zone_defense:1062 Pulling worker [Unit(name='SCV', tag=4368891905), Unit(name='SCV', tag=4378329089), Unit(name='SCV', tag=4370989057), Unit(name='SCV', tag=4380426241), Unit(name='SCV', tag=4374396929), Unit(name='SCV', tag=4347920385), Unit(name='SCV', tag=4348968961), Unit(name='SCV', tag=4387766273), Unit(name='SCV', tag=4354211841), Unit(name='SCV', tag=4389339137), Unit(name='SCV', tag=4386717697)] for zone 1 to safety
07:56 10668  132ms    65M  939G  93/110U INFO sharpy.managers.core.log_manager:80 [GameAnalyzer] Income advantage is now ClearDisadvantage
07:56 10668  132ms    65M  939G  93/110U INFO terranbot.builds.plans.acts.zone_defense:1062 Pulling worker [Unit(name='SCV', tag=4352901121), Unit(name='SCV', tag=4367319041), Unit(name='SCV', tag=4348706817), Unit(name='SCV', tag=4350541825), Unit(name='SCV', tag=4349231105), Unit(name='SCV', tag=4362862593), Unit(name='SCV', tag=4379377665), Unit(name='SCV', tag=4354736129), Unit(name='SCV', tag=4348444673), Unit(name='SCV', tag=4383571969), Unit(name='SCV', tag=4391960577), Unit(name='SCV', tag=4390387713)] for zone 1 to safety
07:56 10672  126ms    65M  939G  93/110U INFO terranbot.builds.plans.acts.zone_defense:1062 Pulling worker [Unit(name='SCV', tag=4375707649), Unit(name='SCV', tag=4349493249), Unit(name='SCV', tag=4349755393), Unit(name='SCV', tag=4356308993), Unit(name='SCV', tag=4357881857), Unit(name='SCV', tag=4385406977), Unit(name='SCV', tag=4350803969), Unit(name='SCV', tag=4372037633)] for zone 1 to safety
07:56 10676  145ms    65M  939G  93/110U INFO sharpy.managers.core.log_manager:80 [GameAnalyzer] Income advantage is now SmallDisadvantage
07:56 10676  145ms    65M  939G  93/110U INFO terranbot.builds.plans.acts.zone_defense:1062 Pulling worker [Unit(name='SCV', tag=4370989057), Unit(name='SCV', tag=4378329089), Unit(name='SCV', tag=4347920385), Unit(name='SCV', tag=4389339137), Unit(name='SCV', tag=4374396929), Unit(name='SCV', tag=4359979009), Unit(name='SCV', tag=4380426241), Unit(name='SCV', tag=4387766273), Unit(name='SCV', tag=4354211841), Unit(name='SCV', tag=4368891905), Unit(name='SCV', tag=4386717697)] for zone 1 to safety
07:56 10680  131ms    65M  939G  93/110U INFO terranbot.builds.plans.acts.zone_defense:1062 Pulling worker [Unit(name='SCV', tag=4391960577), Unit(name='SCV', tag=4367319041), Unit(name='SCV', tag=4348706817), Unit(name='SCV', tag=4350541825), Unit(name='SCV', tag=4354736129), Unit(name='SCV', tag=4349231105), Unit(name='SCV', tag=4390387713), Unit(name='SCV', tag=4379377665), Unit(name='SCV', tag=4348968961), Unit(name='SCV', tag=4352901121), Unit(name='SCV', tag=4383571969), Unit(name='SCV', tag=4348444673)] for zone 1 to safety
07:56 10684  152ms    65M  943G  93/110U INFO sharpy.managers.core.log_manager:80 [GameAnalyzer] Income advantage is now ClearDisadvantage
07:56 10684  152ms    65M  943G  93/110U INFO terranbot.builds.plans.acts.zone_defense:1062 Pulling worker [Unit(name='SCV', tag=4375707649), Unit(name='SCV', tag=4349493249), Unit(name='SCV', tag=4356308993), Unit(name='SCV', tag=4362862593), Unit(name='SCV', tag=4349755393), Unit(name='SCV', tag=4350803969), Unit(name='SCV', tag=4372037633)] for zone 1 to safety
07:57 10688  122ms    65M  943G  93/110U INFO terranbot.builds.plans.acts.zone_defense:1062 Pulling worker [Unit(name='SCV', tag=4378329089), Unit(name='SCV', tag=4370989057), Unit(name='SCV', tag=4386717697), Unit(name='SCV', tag=4347920385), Unit(name='SCV', tag=4380426241), Unit(name='SCV', tag=4387766273), Unit(name='SCV', tag=4368891905), Unit(name='SCV', tag=4389339137)] for zone 1 to safety
07:57 10692  130ms    65M  943G  93/110U INFO terranbot.builds.plans.acts.zone_defense:1062 Pulling worker [Unit(name='SCV', tag=4348706817), Unit(name='SCV', tag=4367319041), Unit(name='SCV', tag=4391960577), Unit(name='SCV', tag=4349231105), Unit(name='SCV', tag=4354736129), Unit(name='SCV', tag=4352901121), Unit(name='SCV', tag=4350541825), Unit(name='SCV', tag=4374396929), Unit(name='SCV', tag=4354211841), Unit(name='SCV', tag=4359979009), Unit(name='SCV', tag=4383571969), Unit(name='SCV', tag=4348444673)] for zone 1 to safety
07:57 10696  131ms    65M  947G  93/110U INFO terranbot.builds.plans.acts.zone_defense:1062 Pulling worker [Unit(name='SCV', tag=4375707649), Unit(name='SCV', tag=4349493249), Unit(name='SCV', tag=4365484033), Unit(name='SCV', tag=4379377665), Unit(name='SCV', tag=4362862593), Unit(name='SCV', tag=4372037633), Unit(name='SCV', tag=4357881857)] for zone 1 to safety
07:57 10700  122ms    65M  947G  93/110U INFO terranbot.builds.plans.acts.zone_defense:1062 Pulling worker [Unit(name='SCV', tag=4386717697), Unit(name='SCV', tag=4370989057), Unit(name='SCV', tag=4380426241), Unit(name='SCV', tag=4347920385), Unit(name='SCV', tag=4387766273), Unit(name='SCV', tag=4390387713), Unit(name='SCV', tag=4349755393), Unit(name='SCV', tag=4368891905), Unit(name='SCV', tag=4378329089), Unit(name='SCV', tag=4389339137)] for zone 1 to safety
07:57 10704  135ms    65M  947G  93/110U INFO terranbot.builds.plans.acts.zone_defense:1062 Pulling worker [Unit(name='SCV', tag=4391960577), Unit(name='SCV', tag=4348706817), Unit(name='SCV', tag=4350541825), Unit(name='SCV', tag=4352901121), Unit(name='SCV', tag=4356308993), Unit(name='SCV', tag=4348444673), Unit(name='SCV', tag=4367319041), Unit(name='SCV', tag=4383571969), Unit(name='SCV', tag=4359979009)] for zone 1 to safety
07:58 10708  162ms    90M  947G  93/110U INFO terranbot.builds.plans.acts.zone_defense:1062 Pulling worker [Unit(name='SCV', tag=4375707649), Unit(name='SCV', tag=4349493249), Unit(name='SCV', tag=4350803969), Unit(name='SCV', tag=4365484033), Unit(name='SCV', tag=4357881857)] for zone 1 to safety
07:58 10712  103ms    95M  947G  93/110U INFO terranbot.builds.plans.acts.zone_defense:1062 Pulling worker [Unit(name='SCV', tag=4386717697), Unit(name='SCV', tag=4387766273), Unit(name='SCV', tag=4347920385), Unit(name='SCV', tag=4370989057), Unit(name='SCV', tag=4354211841), Unit(name='SCV', tag=4380426241), Unit(name='SCV', tag=4362862593), Unit(name='SCV', tag=4372037633), Unit(name='SCV', tag=4378329089), Unit(name='SCV', tag=4368891905), Unit(name='SCV', tag=4354736129), Unit(name='SCV', tag=4389339137)] for zone 1 to safety
07:58 10716  128ms    95M  947G  93/110U INFO terranbot.builds.plans.acts.zone_defense:1062 Pulling worker [Unit(name='SCV', tag=4391960577), Unit(name='SCV', tag=4348706817), Unit(name='SCV', tag=4352901121), Unit(name='SCV', tag=4349231105), Unit(name='SCV', tag=4350541825), Unit(name='SCV', tag=4348968961), Unit(name='SCV', tag=4349755393), Unit(name='SCV', tag=4374396929), Unit(name='SCV', tag=4367319041), Unit(name='SCV', tag=4348444673), Unit(name='SCV', tag=4383571969)] for zone 1 to safety
07:58 10720  126ms    95M  947G  93/110U INFO terranbot.builds.plans.acts.zone_defense:1062 Pulling worker [Unit(name='SCV', tag=4375707649), Unit(name='SCV', tag=4350803969), Unit(name='SCV', tag=4349493249), Unit(name='SCV', tag=4379377665), Unit(name='SCV', tag=4356308993), Unit(name='SCV', tag=4359979009), Unit(name='SCV', tag=4357881857)] for zone 1 to safety
07:58 10724  142ms   100M  947G  93/110U INFO terranbot.builds.plans.acts.zone_defense:1062 Pulling worker [Unit(name='SCV', tag=4347920385), Unit(name='SCV', tag=4387766273), Unit(name='SCV', tag=4370989057), Unit(name='SCV', tag=4354211841), Unit(name='SCV', tag=4354736129), Unit(name='SCV', tag=4390387713), Unit(name='SCV', tag=4365484033), Unit(name='SCV', tag=4378329089), Unit(name='SCV', tag=4368891905), Unit(name='SCV', tag=4386717697), Unit(name='SCV', tag=4389339137)] for zone 1 to safety
07:58 10728  143ms   100M  951G  93/110U INFO terranbot.builds.plans.acts.zone_defense:1062 Pulling worker [Unit(name='SCV', tag=4348706817), Unit(name='SCV', tag=4391960577), Unit(name='SCV', tag=4367319041), Unit(name='SCV', tag=4352901121), Unit(name='SCV', tag=4372037633), Unit(name='SCV', tag=4349231105), Unit(name='SCV', tag=4383571969), Unit(name='SCV', tag=4348444673), Unit(name='SCV', tag=4374396929), Unit(name='SCV', tag=4348968961)] for zone 1 to safety
07:59 10732  144ms   105M  951G  93/110U INFO terranbot.builds.plans.acts.zone_defense:1062 Pulling worker [Unit(name='SCV', tag=4375707649), Unit(name='SCV', tag=4349755393), Unit(name='SCV', tag=4350803969), Unit(name='SCV', tag=4379377665), Unit(name='SCV', tag=4356308993), Unit(name='SCV', tag=4359979009), Unit(name='SCV', tag=4350541825), Unit(name='SCV', tag=4380426241), Unit(name='SCV', tag=4357881857)] for zone 1 to safety
07:59 10736  118ms   105M  951G  93/110U INFO terranbot.builds.plans.acts.zone_defense:1062 Pulling worker [Unit(name='SCV', tag=4387766273), Unit(name='SCV', tag=4347920385), Unit(name='SCV', tag=4370989057), Unit(name='SCV', tag=4390387713), Unit(name='SCV', tag=4389339137), Unit(name='SCV', tag=4365484033), Unit(name='SCV', tag=4354211841), Unit(name='SCV', tag=4368891905), Unit(name='SCV', tag=4386717697), Unit(name='SCV', tag=4378329089)] for zone 1 to safety
07:59 10740  141ms   105M  955G  93/110U INFO terranbot.builds.plans.acts.zone_defense:1062 Pulling worker [Unit(name='SCV', tag=4391960577), Unit(name='SCV', tag=4367319041), Unit(name='SCV', tag=4372037633), Unit(name='SCV', tag=4348706817), Unit(name='SCV', tag=4352901121), Unit(name='SCV', tag=4349493249), Unit(name='SCV', tag=4383571969), Unit(name='SCV', tag=4348444673), Unit(name='SCV', tag=4348968961), Unit(name='SCV', tag=4374396929)] for zone 1 to safety
07:59 10744  145ms   105M  955G  93/110U INFO terranbot.builds.plans.acts.zone_defense:1062 Pulling worker [Unit(name='SCV', tag=4375707649), Unit(name='SCV', tag=4380426241), Unit(name='SCV', tag=4350803969), Unit(name='SCV', tag=4354473986), Unit(name='SCV', tag=4350541825), Unit(name='SCV', tag=4354736129), Unit(name='SCV', tag=4357881857), Unit(name='SCV', tag=4349755393)] for zone 1 to safety
07:59 10748  125ms   105M  955G  93/110U INFO terranbot.builds.plans.acts.zone_defense:1062 Pulling worker [Unit(name='SCV', tag=4368891905), Unit(name='SCV', tag=4347920385), Unit(name='SCV', tag=4365484033), Unit(name='SCV', tag=4387766273), Unit(name='SCV', tag=4356308993), Unit(name='SCV', tag=4379377665), Unit(name='SCV', tag=4349231105), Unit(name='SCV', tag=4359979009), Unit(name='SCV', tag=4354211841), Unit(name='SCV', tag=4386717697), Unit(name='SCV', tag=4370989057), Unit(name='SCV', tag=4378329089)] for zone 1 to safety
08:00 10752  148ms   105M  955G  93/110U INFO sharpy.managers.core.log_manager:80 [GameAnalyzer] Income advantage is now SmallDisadvantage
08:00 10752  148ms   105M  955G  93/110U INFO terranbot.builds.plans.acts.zone_defense:1062 Pulling worker [Unit(name='SCV', tag=4391960577), Unit(name='SCV', tag=4348706817), Unit(name='SCV', tag=4367319041), Unit(name='SCV', tag=4348444673), Unit(name='SCV', tag=4352901121), Unit(name='SCV', tag=4390387713), Unit(name='SCV', tag=4374396929), Unit(name='SCV', tag=4348968961), Unit(name='SCV', tag=4389339137)] for zone 1 to safety
08:00 10756  149ms   105M  955G  93/110U INFO sharpy.managers.core.log_manager:80 [BuildAddon] UnitTypeId.BARRACKSREACTOR to (47.0, 55.0)
08:00 10756  149ms   105M  955G  93/110U INFO terranbot.builds.plans.acts.zone_defense:1062 Pulling worker [Unit(name='SCV', tag=4375707649), Unit(name='SCV', tag=4354736129), Unit(name='SCV', tag=4350803969), Unit(name='SCV', tag=4372037633), Unit(name='SCV', tag=4380426241), Unit(name='SCV', tag=4383571969), Unit(name='SCV', tag=4357881857), Unit(name='SCV', tag=4349755393)] for zone 1 to safety
08:00 10760  117ms    55M  905G  93/110U INFO terranbot.builds.plans.acts.zone_defense:1062 Pulling worker [Unit(name='SCV', tag=4368891905), Unit(name='SCV', tag=4347920385), Unit(name='SCV', tag=4349231105), Unit(name='SCV', tag=4387766273), Unit(name='SCV', tag=4365484033), Unit(name='SCV', tag=4349493249), Unit(name='SCV', tag=4378329089), Unit(name='SCV', tag=4354473986), Unit(name='SCV', tag=4359979009), Unit(name='SCV', tag=4386717697), Unit(name='SCV', tag=4370989057), Unit(name='SCV', tag=4354211841)] for zone 1 to safety
08:00 10764  134ms    55M  909G  93/110U INFO terranbot.builds.plans.acts.zone_defense:1062 Pulling worker [Unit(name='SCV', tag=4391960577), Unit(name='SCV', tag=4348706817), Unit(name='SCV', tag=4374396929), Unit(name='SCV', tag=4379377665), Unit(name='SCV', tag=4390387713), Unit(name='SCV', tag=4350541825), Unit(name='SCV', tag=4367319041), Unit(name='SCV', tag=4389339137), Unit(name='SCV', tag=4348968961)] for zone 1 to safety
08:00 10768  112ms    55M  913G  93/110U INFO terranbot.activity.location_modifiers:130 unit_to_place_beside: Unit(name='Barracks', tag=4376231937) - unit_to_place_beside.type_id=UnitTypeId.BARRACKS - position=(45.5, 60.5)
08:00 10768  112ms    55M  913G  93/110U INFO terranbot.builds.plans.acts.zone_defense:1062 Pulling worker [Unit(name='SCV', tag=4350803969), Unit(name='SCV', tag=4354736129), Unit(name='SCV', tag=4352901121), Unit(name='SCV', tag=4356308993), Unit(name='SCV', tag=4348444673), Unit(name='SCV', tag=4349755393), Unit(name='SCV', tag=4375707649), Unit(name='SCV', tag=4357881857)] for zone 1 to safety
08:00 10772  153ms    55M  913G  93/110U INFO terranbot.builds.plans.acts.zone_defense:1062 Pulling worker [Unit(name='SCV', tag=4368891905), Unit(name='SCV', tag=4347920385), Unit(name='SCV', tag=4365484033), Unit(name='SCV', tag=4370989057), Unit(name='SCV', tag=4387766273), Unit(name='SCV', tag=4380426241), Unit(name='SCV', tag=4349231105), Unit(name='SCV', tag=4349493249), Unit(name='SCV', tag=4383571969), Unit(name='SCV', tag=4386717697), Unit(name='SCV', tag=4359979009), Unit(name='SCV', tag=4354211841)] for zone 1 to safety
08:01 10776  136ms    55M  913G  93/110U INFO terranbot.builds.plans.acts.zone_defense:1062 Pulling worker [Unit(name='SCV', tag=4391960577), Unit(name='SCV', tag=4348706817), Unit(name='SCV', tag=4367319041), Unit(name='SCV', tag=4374396929), Unit(name='SCV', tag=4378329089), Unit(name='SCV', tag=4350541825), Unit(name='SCV', tag=4348968961)] for zone 1 to safety
08:01 10780  123ms    55M  913G  93/110U INFO terranbot.builds.plans.acts.zone_defense:1062 Pulling worker [Unit(name='SCV', tag=4375707649), Unit(name='SCV', tag=4350803969), Unit(name='SCV', tag=4372037633), Unit(name='SCV', tag=4354736129), Unit(name='SCV', tag=4385406977), Unit(name='SCV', tag=4390387713), Unit(name='SCV', tag=4349755393), Unit(name='SCV', tag=4389339137), Unit(name='SCV', tag=4354473986), Unit(name='SCV', tag=4357881857)] for zone 1 to safety
08:01 10784  112ms    55M  913G  93/110U INFO terranbot.builds.plans.acts.zone_defense:1062 Pulling worker [Unit(name='SCV', tag=4365484033), Unit(name='SCV', tag=4347920385), Unit(name='SCV', tag=4370989057), Unit(name='SCV', tag=4387766273), Unit(name='SCV', tag=4380426241), Unit(name='SCV', tag=4348444673), Unit(name='SCV', tag=4356308993), Unit(name='SCV', tag=4359979009), Unit(name='SCV', tag=4386717697), Unit(name='SCV', tag=4368891905), Unit(name='SCV', tag=4354211841)] for zone 1 to safety
08:01 10788  131ms    60M  913G  93/110U INFO terranbot.builds.plans.acts.zone_defense:1062 Pulling worker [Unit(name='SCV', tag=4391960577), Unit(name='SCV', tag=4348706817), Unit(name='SCV', tag=4383571969), Unit(name='SCV', tag=4379377665), Unit(name='SCV', tag=4349231105), Unit(name='SCV', tag=4349493249), Unit(name='SCV', tag=4352901121), Unit(name='SCV', tag=4374396929), Unit(name='SCV', tag=4367319041), Unit(name='SCV', tag=4350541825)] for zone 1 to safety
08:01 10792  120ms    60M  913G  93/110U INFO terranbot.builds.plans.acts.zone_defense:1062 Pulling worker [Unit(name='SCV', tag=4350803969), Unit(name='SCV', tag=4375707649), Unit(name='SCV', tag=4389339137), Unit(name='SCV', tag=4372037633), Unit(name='SCV', tag=4390387713), Unit(name='SCV', tag=4357881857), Unit(name='SCV', tag=4354473986)] for zone 1 to safety
08:01 10796  119ms    60M  913G  93/110U INFO terranbot.builds.plans.acts.zone_defense:1062 Pulling worker [Unit(name='SCV', tag=4347920385), Unit(name='SCV', tag=4365484033), Unit(name='SCV', tag=4386717697), Unit(name='SCV', tag=4348444673), Unit(name='SCV', tag=4380426241), Unit(name='SCV', tag=4356308993), Unit(name='SCV', tag=4348968961), Unit(name='SCV', tag=4349755393), Unit(name='SCV', tag=4370989057), Unit(name='SCV', tag=4368891905), Unit(name='SCV', tag=4359979009), Unit(name='SCV', tag=4354211841)] for zone 1 to safety
08:02 10800  130ms    60M  913G  93/110U INFO sharpy.managers.core.log_manager:80 [GameAnalyzer] Income advantage is now ClearDisadvantage
08:02 10800  130ms    60M  913G  93/110U INFO terranbot.builds.plans.acts.zone_defense:1062 Pulling worker [Unit(name='SCV', tag=4367319041), Unit(name='SCV', tag=4349493249), Unit(name='SCV', tag=4352901121), Unit(name='SCV', tag=4391960577), Unit(name='SCV', tag=4348706817), Unit(name='SCV', tag=4349231105), Unit(name='SCV', tag=4354736129), Unit(name='SCV', tag=4385406977), Unit(name='SCV', tag=4387766273), Unit(name='SCV', tag=4374396929), Unit(name='SCV', tag=4350541825)] for zone 1 to safety
08:02 10804  138ms    60M  913G  93/110U INFO terranbot.builds.plans.acts.zone_defense:1062 Pulling worker [Unit(name='SCV', tag=4350803969), Unit(name='SCV', tag=4375707649), Unit(name='SCV', tag=4378329089), Unit(name='SCV', tag=4390387713), Unit(name='SCV', tag=4379377665), Unit(name='SCV', tag=4357881857), Unit(name='SCV', tag=4354473986), Unit(name='SCV', tag=4383571969)] for zone 1 to safety
08:02 10808  113ms    60M  913G  93/110U INFO sharpy.managers.core.log_manager:80 [GameAnalyzer] Income advantage is now SmallDisadvantage
08:02 10808  113ms    60M  913G  93/110U INFO terranbot.builds.plans.acts.zone_defense:1062 Pulling worker [Unit(name='SCV', tag=4365484033), Unit(name='SCV', tag=4347920385), Unit(name='SCV', tag=4359979009), Unit(name='SCV', tag=4386717697), Unit(name='SCV', tag=4380426241), Unit(name='SCV', tag=4389339137), Unit(name='SCV', tag=4372037633), Unit(name='SCV', tag=4354211841), Unit(name='SCV', tag=4349755393), Unit(name='SCV', tag=4356308993), Unit(name='SCV', tag=4368891905), Unit(name='SCV', tag=4370989057)] for zone 1 to safety
08:02 10812  123ms    60M  913G  93/110U INFO sharpy.managers.core.log_manager:80 [GameAnalyzer] Income advantage is now ClearDisadvantage
08:02 10812  123ms    60M  913G  93/110U INFO terranbot.builds.plans.acts.zone_defense:1062 Pulling worker [Unit(name='SCV', tag=4367319041), Unit(name='SCV', tag=4349493249), Unit(name='SCV', tag=4348706817), Unit(name='SCV', tag=4391960577), Unit(name='SCV', tag=4350541825), Unit(name='SCV', tag=4352901121), Unit(name='SCV', tag=4385406977), Unit(name='SCV', tag=4348968961), Unit(name='SCV', tag=4374396929)] for zone 1 to safety
08:02 10816  119ms    60M  913G  93/110U INFO terranbot.builds.plans.acts.zone_defense:1062 Pulling worker [Unit(name='SCV', tag=4375707649), Unit(name='SCV', tag=4350803969), Unit(name='SCV', tag=4378329089), Unit(name='SCV', tag=4390387713), Unit(name='SCV', tag=4348444673), Unit(name='SCV', tag=4354736129), Unit(name='SCV', tag=4357881857), Unit(name='SCV', tag=4354473986)] for zone 1 to safety
08:03 10820  129ms    60M  913G  93/110U INFO sharpy.managers.core.log_manager:80 [GameAnalyzer] Income advantage is now SmallDisadvantage
08:03 10820  129ms    60M  913G  93/110U INFO terranbot.activity.location_modifiers:130 unit_to_place_beside: Unit(name='Starport', tag=4363124737) - unit_to_place_beside.type_id=UnitTypeId.STARPORT - position=(48.5, 63.5)
08:03 10820  129ms    60M  913G  93/110U INFO terranbot.builds.plans.acts.zone_defense:1062 Pulling worker [Unit(name='SCV', tag=4365484033), Unit(name='SCV', tag=4386717697), Unit(name='SCV', tag=4347920385), Unit(name='SCV', tag=4359979009), Unit(name='SCV', tag=4349755393), Unit(name='SCV', tag=4380426241), Unit(name='SCV', tag=4383571969), Unit(name='SCV', tag=4389339137), Unit(name='SCV', tag=4379377665), Unit(name='SCV', tag=4370989057), Unit(name='SCV', tag=4368891905), Unit(name='SCV', tag=4354211841), Unit(name='SCV', tag=4356308993)] for zone 1 to safety
08:03 10824  130ms    65M  913G  93/110U INFO sharpy.managers.core.log_manager:80 [GameAnalyzer] Income advantage is now ClearDisadvantage
08:03 10824  130ms    65M  913G  93/110U INFO terranbot.builds.plans.acts.zone_defense:1062 Pulling worker [Unit(name='SCV', tag=4367319041), Unit(name='SCV', tag=4391960577), Unit(name='SCV', tag=4349231105), Unit(name='SCV', tag=4372037633), Unit(name='SCV', tag=4348968961), Unit(name='SCV', tag=4374396929), Unit(name='SCV', tag=4349493249)] for zone 1 to safety
08:03 10828  103ms    65M  913G  93/110U INFO sharpy.managers.core.log_manager:80 [GameAnalyzer] Income advantage is now SmallDisadvantage
08:03 10828  103ms    65M  913G  93/110U INFO terranbot.builds.plans.acts.zone_defense:1062 Pulling worker [Unit(name='SCV', tag=4375707649), Unit(name='SCV', tag=4350803969), Unit(name='SCV', tag=4378329089), Unit(name='SCV', tag=4348444673), Unit(name='SCV', tag=4348706817), Unit(name='SCV', tag=4350541825), Unit(name='SCV', tag=4357881857), Unit(name='SCV', tag=4354473986)] for zone 1 to safety
08:03 10832  117ms    65M  913G  93/110U INFO sharpy.managers.core.log_manager:80 [GameAnalyzer] Income advantage is now ClearDisadvantage
08:03 10832  117ms    65M  913G  93/110U INFO terranbot.activity.location_modifiers:130 unit_to_place_beside: Unit(name='Barracks', tag=4352638977) - unit_to_place_beside.type_id=UnitTypeId.BARRACKS - position=(48.5, 63.5)
08:03 10832  117ms    65M  913G  93/110U INFO terranbot.builds.plans.acts.zone_defense:1062 Pulling worker [Unit(name='SCV', tag=4347920385), Unit(name='SCV', tag=4359979009), Unit(name='SCV', tag=4370989057), Unit(name='SCV', tag=4386717697), Unit(name='SCV', tag=4380426241), Unit(name='SCV', tag=4365484033), Unit(name='SCV', tag=4354736129), Unit(name='SCV', tag=4349755393), Unit(name='SCV', tag=4379377665), Unit(name='SCV', tag=4352901121), Unit(name='SCV', tag=4390387713), Unit(name='SCV', tag=4368891905), Unit(name='SCV', tag=4356308993), Unit(name='SCV', tag=4385406977), Unit(name='SCV', tag=4354211841)] for zone 1 to safety
08:03 10836  143ms    65M  913G  93/110U INFO sharpy.managers.core.log_manager:80 [GameAnalyzer] Income advantage is now SmallDisadvantage
08:03 10836  143ms    65M  913G  93/110U INFO terranbot.builds.plans.acts.zone_defense:1062 Pulling worker [Unit(name='SCV', tag=4367319041), Unit(name='SCV', tag=4374396929), Unit(name='SCV', tag=4391960577), Unit(name='SCV', tag=4349231105), Unit(name='SCV', tag=4389339137), Unit(name='SCV', tag=4349493249), Unit(name='SCV', tag=4383571969)] for zone 1 to safety
08:03 10840  118ms    65M  917G  93/110U INFO sharpy.managers.core.log_manager:80 [GameAnalyzer] Income advantage is now ClearDisadvantage
08:03 10840  118ms    65M  917G  93/110U INFO terranbot.activity.location_modifiers:130 unit_to_place_beside: Unit(name='Barracks', tag=4380164097) - unit_to_place_beside.type_id=UnitTypeId.BARRACKS - position=(48.5, 63.5)
08:03 10840  118ms    65M  917G  93/110U INFO terranbot.builds.plans.acts.zone_defense:1062 Pulling worker [Unit(name='SCV', tag=4375707649), Unit(name='SCV', tag=4378329089), Unit(name='SCV', tag=4357881857), Unit(name='SCV', tag=4350803969), Unit(name='SCV', tag=4348706817), Unit(name='SCV', tag=4372037633), Unit(name='SCV', tag=4350541825), Unit(name='SCV', tag=4354473986)] for zone 1 to safety
08:04 10844  131ms    65M  917G  93/110U INFO sharpy.managers.core.log_manager:80 [GameAnalyzer] Income advantage is now SmallDisadvantage
08:04 10844  131ms    65M  917G  93/110U INFO terranbot.builds.plans.acts.zone_defense:1062 Pulling worker [Unit(name='SCV', tag=4386717697), Unit(name='SCV', tag=4347920385), Unit(name='SCV', tag=4370989057), Unit(name='SCV', tag=4359979009), Unit(name='SCV', tag=4365484033), Unit(name='SCV', tag=4380426241), Unit(name='SCV', tag=4354211841), Unit(name='SCV', tag=4348444673), Unit(name='SCV', tag=4356308993), Unit(name='SCV', tag=4379377665), Unit(name='SCV', tag=4368891905), Unit(name='SCV', tag=4385406977)] for zone 1 to safety
08:04 10848  124ms    65M  917G  93/110U INFO sharpy.managers.core.log_manager:80 [GameAnalyzer] Income advantage is now ClearDisadvantage
08:04 10848  124ms    65M  917G  93/110U INFO terranbot.builds.plans.acts.zone_defense:1062 Pulling worker [Unit(name='SCV', tag=4374396929), Unit(name='SCV', tag=4391960577), Unit(name='SCV', tag=4367319041), Unit(name='SCV', tag=4348968961), Unit(name='SCV', tag=4389339137), Unit(name='SCV', tag=4349755393), Unit(name='SCV', tag=4352901121), Unit(name='SCV', tag=4349493249), Unit(name='SCV', tag=4383571969)] for zone 1 to safety
08:04 10852  126ms    65M  917G  93/110U INFO terranbot.builds.plans.acts.zone_defense:1062 Pulling worker [Unit(name='SCV', tag=4375707649), Unit(name='SCV', tag=4357881857), Unit(name='SCV', tag=4387766273), Unit(name='SCV', tag=4350803969), Unit(name='SCV', tag=4348706817), Unit(name='SCV', tag=4378329089), Unit(name='SCV', tag=4350541825), Unit(name='SCV', tag=4354473986)] for zone 1 to safety
08:04 10856  108ms    65M  921G  93/110U INFO terranbot.builds.plans.acts.zone_defense:1062 Pulling worker [Unit(name='SCV', tag=4386717697), Unit(name='SCV', tag=4347920385), Unit(name='SCV', tag=4370989057), Unit(name='SCV', tag=4359979009), Unit(name='SCV', tag=4380426241), Unit(name='SCV', tag=4365484033), Unit(name='SCV', tag=4349231105), Unit(name='SCV', tag=4372037633), Unit(name='SCV', tag=4368891905), Unit(name='SCV', tag=4379377665), Unit(name='SCV', tag=4385406977), Unit(name='SCV', tag=4356308993)] for zone 1 to safety
08:04 10860  137ms    65M  921G  93/110U INFO terranbot.builds.plans.acts.zone_defense:1062 Pulling worker [Unit(name='SCV', tag=4374396929), Unit(name='SCV', tag=4367319041), Unit(name='SCV', tag=4391960577), Unit(name='SCV', tag=4352901121), Unit(name='SCV', tag=4348444673), Unit(name='SCV', tag=4383571969), Unit(name='SCV', tag=4354211841), Unit(name='SCV', tag=4348968961), Unit(name='SCV', tag=4349493249)] for zone 1 to safety
08:05 10864  120ms    70M  921G  93/110U INFO terranbot.builds.plans.acts.zone_defense:1062 Pulling worker [Unit(name='SCV', tag=4375707649), Unit(name='SCV', tag=4350541825), Unit(name='SCV', tag=4357881857), Unit(name='SCV', tag=4350803969), Unit(name='SCV', tag=4378329089), Unit(name='SCV', tag=4349755393), Unit(name='SCV', tag=4389339137)] for zone 1 to safety
08:05 10868  120ms    70M  921G  93/110U INFO terranbot.builds.plans.acts.zone_defense:1062 Pulling worker [Unit(name='SCV', tag=4359979009), Unit(name='SCV', tag=4347920385), Unit(name='SCV', tag=4386717697), Unit(name='SCV', tag=4370989057), Unit(name='SCV', tag=4356308993), Unit(name='SCV', tag=4380426241), Unit(name='SCV', tag=4365484033), Unit(name='SCV', tag=4348706817), Unit(name='SCV', tag=4368891905), Unit(name='SCV', tag=4379377665), Unit(name='SCV', tag=4385406977)] for zone 1 to safety
08:05 10872  124ms    70M  921G  93/110U INFO terranbot.builds.plans.acts.zone_defense:1062 Pulling worker [Unit(name='SCV', tag=4367319041), Unit(name='SCV', tag=4374396929), Unit(name='SCV', tag=4391960577), Unit(name='SCV', tag=4352901121), Unit(name='SCV', tag=4348444673), Unit(name='SCV', tag=4372037633), Unit(name='SCV', tag=4354473986), Unit(name='SCV', tag=4348968961), Unit(name='SCV', tag=4349493249)] for zone 1 to safety
08:05 10876  126ms    70M  925G  93/110U INFO terranbot.builds.plans.acts.zone_defense:1062 Pulling worker [Unit(name='SCV', tag=4375707649), Unit(name='SCV', tag=4387766273), Unit(name='SCV', tag=4354211841), Unit(name='SCV', tag=4349231105), Unit(name='SCV', tag=4350541825), Unit(name='SCV', tag=4357881857), Unit(name='SCV', tag=4383571969)] for zone 1 to safety
08:05 10880  123ms    95M  925G  93/110U INFO terranbot.builds.plans.acts.zone_defense:1062 Pulling worker [Unit(name='SCV', tag=4356308993), Unit(name='SCV', tag=4347920385), Unit(name='SCV', tag=4370989057), Unit(name='SCV', tag=4359979009), Unit(name='SCV', tag=4348706817), Unit(name='SCV', tag=4380426241), Unit(name='SCV', tag=4349755393), Unit(name='SCV', tag=4378329089), Unit(name='SCV', tag=4385406977), Unit(name='SCV', tag=4389339137), Unit(name='SCV', tag=4386717697), Unit(name='SCV', tag=4368891905), Unit(name='SCV', tag=4379377665)] for zone 1 to safety
08:05 10884  150ms    95M  925G  93/110U INFO terranbot.builds.plans.acts.zone_defense:1062 Pulling worker [Unit(name='SCV', tag=4367319041), Unit(name='SCV', tag=4352901121), Unit(name='SCV', tag=4391960577), Unit(name='SCV', tag=4348444673), Unit(name='SCV', tag=4374396929), Unit(name='SCV', tag=4349493249), Unit(name='SCV', tag=4354473986)] for zone 1 to safety
08:06 10888  106ms   100M  925G  93/110U INFO terranbot.builds.plans.acts.zone_defense:1062 Pulling worker [Unit(name='SCV', tag=4375707649), Unit(name='SCV', tag=4357881857), Unit(name='SCV', tag=4365484033), Unit(name='SCV', tag=4349231105), Unit(name='SCV', tag=4350803969), Unit(name='SCV', tag=4348968961), Unit(name='SCV', tag=4383571969), Unit(name='SCV', tag=4372037633)] for zone 1 to safety
08:06 10892  118ms   100M  925G  93/110U INFO terranbot.builds.plans.acts.zone_defense:1062 Pulling worker [Unit(name='SCV', tag=4379377665), Unit(name='SCV', tag=4347920385), Unit(name='SCV', tag=4356308993), Unit(name='SCV', tag=4359979009), Unit(name='SCV', tag=4370989057), Unit(name='SCV', tag=4380426241), Unit(name='SCV', tag=4350541825), Unit(name='SCV', tag=4348706817), Unit(name='SCV', tag=4385406977), Unit(name='SCV', tag=4354211841), Unit(name='SCV', tag=4368891905), Unit(name='SCV', tag=4386717697)] for zone 1 to safety
08:06 10896  119ms   100M  925G  93/110U INFO sharpy.managers.core.log_manager:80 [GameAnalyzer] Income advantage is now SmallDisadvantage
08:06 10896  119ms   100M  925G  93/110U INFO terranbot.builds.plans.acts.zone_defense:1062 Pulling worker [Unit(name='SCV', tag=4352901121), Unit(name='SCV', tag=4349755393), Unit(name='SCV', tag=4391960577), Unit(name='SCV', tag=4389339137), Unit(name='SCV', tag=4367319041), Unit(name='SCV', tag=4374396929), Unit(name='SCV', tag=4349493249)] for zone 1 to safety
08:06 10900  152ms   100M  925G  93/110U INFO terranbot.builds.plans.acts.zone_defense:1062 Pulling worker [Unit(name='SCV', tag=4375707649), Unit(name='SCV', tag=4387766273), Unit(name='SCV', tag=4349231105), Unit(name='SCV', tag=4365484033), Unit(name='SCV', tag=4357881857), Unit(name='SCV', tag=4348968961), Unit(name='SCV', tag=4383571969)] for zone 1 to safety
08:06 10904   98ms   100M  925G  93/110U INFO terranbot.builds.plans.acts.zone_defense:1062 Pulling worker [Unit(name='SCV', tag=4347920385), Unit(name='SCV', tag=4356308993), Unit(name='SCV', tag=4379377665), Unit(name='SCV', tag=4359979009), Unit(name='SCV', tag=4370989057), Unit(name='SCV', tag=4380426241), Unit(name='SCV', tag=4378329089), Unit(name='SCV', tag=4348444673), Unit(name='SCV', tag=4350541825), Unit(name='SCV', tag=4386717697), Unit(name='SCV', tag=4368891905), Unit(name='SCV', tag=4385406977), Unit(name='SCV', tag=4372037633)] for zone 1 to safety
08:06 10908  128ms   100M  925G  93/110U INFO terranbot.builds.plans.acts.zone_defense:1062 Pulling worker [Unit(name='SCV', tag=4391960577), Unit(name='SCV', tag=4354211841), Unit(name='SCV', tag=4349755393), Unit(name='SCV', tag=4367319041), Unit(name='SCV', tag=4374396929), Unit(name='SCV', tag=4354473986), Unit(name='SCV', tag=4350803969)] for zone 1 to safety
08:07 10912  110ms   100M  925G  93/110U INFO terranbot.builds.plans.acts.zone_defense:1062 Pulling worker [Unit(name='SCV', tag=4375707649), Unit(name='SCV', tag=4387766273), Unit(name='SCV', tag=4348706817), Unit(name='SCV', tag=4365484033), Unit(name='SCV', tag=4352901121), Unit(name='SCV', tag=4389339137), Unit(name='SCV', tag=4349231105), Unit(name='SCV', tag=4357881857), Unit(name='SCV', tag=4383571969)] for zone 1 to safety
08:07 10916  138ms   100M  925G  93/110U INFO terranbot.builds.plans.acts.zone_defense:1062 Pulling worker [Unit(name='SCV', tag=4359979009), Unit(name='SCV', tag=4347920385), Unit(name='SCV', tag=4379377665), Unit(name='SCV', tag=4370989057), Unit(name='SCV', tag=4349493249), Unit(name='SCV', tag=4380426241), Unit(name='SCV', tag=4378329089), Unit(name='SCV', tag=4372037633), Unit(name='SCV', tag=4348968961), Unit(name='SCV', tag=4368891905), Unit(name='SCV', tag=4356308993), Unit(name='SCV', tag=4386717697), Unit(name='SCV', tag=4385406977)] for zone 1 to safety
08:07 10920  118ms   100M  925G  93/110U INFO terranbot.builds.plans.acts.zone_defense:1062 Pulling worker [Unit(name='SCV', tag=4391960577), Unit(name='SCV', tag=4374396929), Unit(name='SCV', tag=4354211841), Unit(name='SCV', tag=4354473986), Unit(name='SCV', tag=4350541825), Unit(name='SCV', tag=4368367617), Unit(name='SCV', tag=4350803969)] for zone 1 to safety
08:07 10924  115ms   100M  925G  93/110U INFO terranbot.builds.plans.acts.zone_defense:1062 Pulling worker [Unit(name='SCV', tag=4387766273), Unit(name='SCV', tag=4375707649), Unit(name='SCV', tag=4365484033), Unit(name='SCV', tag=4349755393), Unit(name='SCV', tag=4349231105), Unit(name='SCV', tag=4357881857), Unit(name='SCV', tag=4383571969)] for zone 1 to safety
08:07 10928  104ms   100M  925G  93/110U INFO terranbot.builds.plans.acts.zone_defense:1062 Pulling worker [Unit(name='SCV', tag=4379377665), Unit(name='SCV', tag=4347920385), Unit(name='SCV', tag=4370989057), Unit(name='SCV', tag=4380426241), Unit(name='SCV', tag=4348706817), Unit(name='SCV', tag=4367319041), Unit(name='SCV', tag=4349493249), Unit(name='SCV', tag=4386717697), Unit(name='SCV', tag=4356308993), Unit(name='SCV', tag=4359979009), Unit(name='SCV', tag=4368891905), Unit(name='SCV', tag=4389339137), Unit(name='SCV', tag=4385406977)] for zone 1 to safety
08:08 10932  133ms   100M  925G  93/110U INFO terranbot.builds.plans.acts.zone_defense:1062 Pulling worker [Unit(name='SCV', tag=4352901121), Unit(name='SCV', tag=4391960577), Unit(name='SCV', tag=4374396929), Unit(name='SCV', tag=4378329089), Unit(name='SCV', tag=4354473986), Unit(name='SCV', tag=4354211841), Unit(name='SCV', tag=4348444673), Unit(name='SCV', tag=4350803969)] for zone 1 to safety
08:08 10936  118ms   100M  929G  93/110U INFO terranbot.builds.plans.acts.zone_defense:1062 Pulling worker [Unit(name='SCV', tag=4357881857), Unit(name='SCV', tag=4375707649), Unit(name='SCV', tag=4387766273), Unit(name='SCV', tag=4383571969), Unit(name='SCV', tag=4348968961), Unit(name='SCV', tag=4350541825), Unit(name='SCV', tag=4368367617), Unit(name='SCV', tag=4349231105)] for zone 1 to safety
08:08 10940  202ms   100M  929G  93/110U INFO terranbot.builds.plans.acts.zone_defense:1062 Pulling worker [Unit(name='SCV', tag=4386717697), Unit(name='SCV', tag=4379377665), Unit(name='SCV', tag=4347920385), Unit(name='SCV', tag=4348706817), Unit(name='SCV', tag=4349755393), Unit(name='SCV', tag=4370989057), Unit(name='SCV', tag=4372037633), Unit(name='SCV', tag=4356308993), Unit(name='SCV', tag=4368891905), Unit(name='SCV', tag=4359979009), Unit(name='SCV', tag=4385406977), Unit(name='SCV', tag=4389339137)] for zone 1 to safety
08:08 10944  119ms   100M  933G  93/110U INFO sharpy.managers.core.log_manager:80 [GameAnalyzer] Income advantage is now ClearDisadvantage
08:08 10944  119ms   100M  933G  93/110U INFO terranbot.builds.plans.acts.zone_defense:1062 Pulling worker [Unit(name='SCV', tag=4352901121), Unit(name='SCV', tag=4378329089), Unit(name='SCV', tag=4374396929), Unit(name='SCV', tag=4365484033), Unit(name='SCV', tag=4391960577), Unit(name='SCV', tag=4380426241), Unit(name='SCV', tag=4367319041), Unit(name='SCV', tag=4348444673), Unit(name='SCV', tag=4354211841), Unit(name='SCV', tag=4350803969)] for zone 1 to safety
08:08 10948  131ms   100M  933G  93/110U INFO terranbot.builds.plans.acts.zone_defense:1062 Pulling worker [Unit(name='SCV', tag=4357881857), Unit(name='SCV', tag=4375707649), Unit(name='SCV', tag=4348968961), Unit(name='SCV', tag=4354473986), Unit(name='SCV', tag=4349231105), Unit(name='SCV', tag=4387766273), Unit(name='SCV', tag=4350541825)] for zone 1 to safety
08:08 10952   97ms   100M  933G  93/110U INFO terranbot.builds.plans.acts.zone_defense:1062 Pulling worker [Unit(name='SCV', tag=4386717697), Unit(name='SCV', tag=4347920385), Unit(name='SCV', tag=4359979009), Unit(name='SCV', tag=4368367617), Unit(name='SCV', tag=4349755393), Unit(name='SCV', tag=4348706817), Unit(name='SCV', tag=4349493249), Unit(name='SCV', tag=4356308993), Unit(name='SCV', tag=4370989057), Unit(name='SCV', tag=4379377665), Unit(name='SCV', tag=4368891905), Unit(name='SCV', tag=4383571969)] for zone 1 to safety
08:09 10956  121ms   100M  933G  93/110U INFO terranbot.builds.plans.acts.zone_defense:1062 Pulling worker [Unit(name='SCV', tag=4378329089), Unit(name='SCV', tag=4350803969), Unit(name='SCV', tag=4367319041), Unit(name='SCV', tag=4374396929), Unit(name='SCV', tag=4365484033), Unit(name='SCV', tag=4352901121), Unit(name='SCV', tag=4354211841), Unit(name='SCV', tag=4389339137), Unit(name='SCV', tag=4348444673)] for zone 1 to safety
08:09 10960  117ms   105M  933G  93/110U INFO terranbot.builds.plans.acts.zone_defense:1062 Pulling worker [Unit(name='SCV', tag=4357881857), Unit(name='SCV', tag=4348968961), Unit(name='SCV', tag=4380426241), Unit(name='SCV', tag=4375707649), Unit(name='SCV', tag=4349231105)] for zone 1 to safety
08:09 10964  118ms   105M  933G  93/110U INFO terranbot.builds.plans.acts.zone_defense:1062 Pulling worker [Unit(name='SCV', tag=4386717697), Unit(name='SCV', tag=4370989057), Unit(name='SCV', tag=4385406977), Unit(name='SCV', tag=4349493249), Unit(name='SCV', tag=4387766273), Unit(name='SCV', tag=4349755393), Unit(name='SCV', tag=4354473986), Unit(name='SCV', tag=4391960577), Unit(name='SCV', tag=4347920385), Unit(name='SCV', tag=4379377665), Unit(name='SCV', tag=4368891905), Unit(name='SCV', tag=4350541825)] for zone 1 to safety
08:09 10968  112ms    55M  933G  93/110U INFO terranbot.builds.plans.acts.zone_defense:1062 Pulling worker [Unit(name='SCV', tag=4378329089), Unit(name='SCV', tag=4350803969), Unit(name='SCV', tag=4374396929), Unit(name='SCV', tag=4390387713), Unit(name='SCV', tag=4367319041), Unit(name='SCV', tag=4352901121), Unit(name='SCV', tag=4354211841), Unit(name='SCV', tag=4383571969), Unit(name='SCV', tag=4348444673)] for zone 1 to safety
08:09 10972  128ms    55M  933G  94/110U INFO terranbot.builds.plans.acts.zone_defense:1062 Pulling worker [Unit(name='MULE', tag=4411359233), Unit(name='SCV', tag=4357881857), Unit(name='SCV', tag=4348968961), Unit(name='SCV', tag=4365484033), Unit(name='SCV', tag=4375707649), Unit(name='SCV', tag=4349231105), Unit(name='SCV', tag=4389339137)] for zone 1 to safety
08:10 10976  114ms    55M  937G  94/110U INFO terranbot.builds.plans.acts.zone_defense:1062 Pulling worker [Unit(name='SCV', tag=4386717697), Unit(name='SCV', tag=4370989057), Unit(name='SCV', tag=4385406977), Unit(name='SCV', tag=4380426241), Unit(name='SCV', tag=4379377665), Unit(name='SCV', tag=4350541825), Unit(name='SCV', tag=4387766273), Unit(name='SCV', tag=4347920385), Unit(name='SCV', tag=4391960577), Unit(name='SCV', tag=4368891905)] for zone 1 to safety
08:10 10980  139ms    55M  937G  94/110U INFO terranbot.builds.plans.acts.zone_defense:1062 Pulling worker [Unit(name='SCV', tag=4350803969), Unit(name='SCV', tag=4378329089), Unit(name='SCV', tag=4374396929), Unit(name='SCV', tag=4368367617), Unit(name='SCV', tag=4383571969), Unit(name='SCV', tag=4354473986), Unit(name='SCV', tag=4367319041), Unit(name='SCV', tag=4352901121), Unit(name='SCV', tag=4354211841)] for zone 1 to safety
08:10 10984  107ms    55M  937G  94/110U INFO terranbot.builds.plans.acts.zone_defense:1062 Pulling worker [Unit(name='SCV', tag=4357881857), Unit(name='MULE', tag=4411359233), Unit(name='SCV', tag=4365484033), Unit(name='SCV', tag=4349493249), Unit(name='SCV', tag=4389339137), Unit(name='SCV', tag=4348444673), Unit(name='SCV', tag=4375707649)] for zone 1 to safety
08:10 10988  110ms    55M  937G  94/110U INFO terranbot.builds.plans.acts.zone_defense:1062 Pulling worker [Unit(name='SCV', tag=4386717697), Unit(name='SCV', tag=4370989057), Unit(name='SCV', tag=4347920385), Unit(name='SCV', tag=4379377665), Unit(name='SCV', tag=4349231105), Unit(name='SCV', tag=4391960577), Unit(name='SCV', tag=4348968961), Unit(name='SCV', tag=4385406977), Unit(name='SCV', tag=4350541825), Unit(name='SCV', tag=4380426241), Unit(name='SCV', tag=4349755393), Unit(name='SCV', tag=4368891905)] for zone 1 to safety
08:10 10992  117ms    60M  937G  94/110U INFO terranbot.builds.plans.acts.zone_defense:1062 Pulling worker [Unit(name='SCV', tag=4378329089), Unit(name='SCV', tag=4368367617), Unit(name='SCV', tag=4354473986), Unit(name='SCV', tag=4387766273), Unit(name='SCV', tag=4350803969), Unit(name='SCV', tag=4352901121), Unit(name='SCV', tag=4374396929), Unit(name='SCV', tag=4367319041), Unit(name='SCV', tag=4354211841)] for zone 1 to safety
08:10 10996  127ms    60M  937G  94/110U INFO terranbot.builds.plans.acts.zone_defense:1062 Pulling worker [Unit(name='MULE', tag=4411359233), Unit(name='SCV', tag=4357881857), Unit(name='SCV', tag=4375707649), Unit(name='SCV', tag=4365484033), Unit(name='SCV', tag=4359979009), Unit(name='SCV', tag=4356308993), Unit(name='SCV', tag=4390387713), Unit(name='SCV', tag=4348444673), Unit(name='SCV', tag=4383571969)] for zone 1 to safety
08:11 11000  116ms    60M  937G  94/110U INFO terranbot.activity.location_modifiers:130 unit_to_place_beside: Unit(name='Starport', tag=4363124737) - unit_to_place_beside.type_id=UnitTypeId.STARPORT - position=(41.5, 63.5)
08:11 11000  116ms    60M  937G  94/110U INFO terranbot.builds.plans.acts.zone_defense:1062 Pulling worker [Unit(name='SCV', tag=4347920385), Unit(name='SCV', tag=4379377665), Unit(name='SCV', tag=4349231105), Unit(name='SCV', tag=4385406977), Unit(name='SCV', tag=4370989057), Unit(name='SCV', tag=4349755393), Unit(name='SCV', tag=4349493249), Unit(name='SCV', tag=4380426241), Unit(name='SCV', tag=4391960577), Unit(name='SCV', tag=4386717697), Unit(name='SCV', tag=4368891905), Unit(name='SCV', tag=4389339137)] for zone 1 to safety
08:11 11004  136ms    60M  937G  94/110U INFO terranbot.builds.plans.acts.zone_defense:1062 Pulling worker [Unit(name='SCV', tag=4378329089), Unit(name='SCV', tag=4354473986), Unit(name='SCV', tag=4367319041), Unit(name='SCV', tag=4348968961), Unit(name='SCV', tag=4350541825), Unit(name='SCV', tag=4350803969), Unit(name='SCV', tag=4374396929), Unit(name='SCV', tag=4352901121), Unit(name='SCV', tag=4354211841)] for zone 1 to safety
08:11 11008  119ms    60M  937G  94/110U INFO terranbot.builds.plans.acts.zone_defense:1062 Pulling worker [Unit(name='MULE', tag=4411359233), Unit(name='SCV', tag=4357881857), Unit(name='SCV', tag=4375707649), Unit(name='SCV', tag=4390387713), Unit(name='SCV', tag=4348706817), Unit(name='SCV', tag=4365484033), Unit(name='SCV', tag=4387766273), Unit(name='SCV', tag=4368367617), Unit(name='SCV', tag=4348444673)] for zone 1 to safety
08:11 11012  130ms    60M  937G  94/110U INFO terranbot.builds.plans.acts.zone_defense:1062 Pulling worker [Unit(name='SCV', tag=4347920385), Unit(name='SCV', tag=4379377665), Unit(name='SCV', tag=4349231105), Unit(name='SCV', tag=4385406977), Unit(name='SCV', tag=4349493249), Unit(name='SCV', tag=4370989057), Unit(name='SCV', tag=4349755393), Unit(name='SCV', tag=4359979009), Unit(name='SCV', tag=4380426241), Unit(name='SCV', tag=4391960577), Unit(name='SCV', tag=4386717697), Unit(name='SCV', tag=4368891905), Unit(name='SCV', tag=4383571969)] for zone 1 to safety
08:11 11016  132ms    60M  937G  94/110U INFO terranbot.builds.plans.acts.zone_defense:1062 Pulling worker [Unit(name='SCV', tag=4378329089), Unit(name='SCV', tag=4352901121), Unit(name='SCV', tag=4367319041), Unit(name='SCV', tag=4350541825), Unit(name='SCV', tag=4354473986), Unit(name='SCV', tag=4374396929), Unit(name='SCV', tag=4350803969), Unit(name='SCV', tag=4354211841), Unit(name='SCV', tag=4389339137)] for zone 1 to safety
08:11 11020  117ms    60M  937G  94/110U INFO terranbot.builds.plans.acts.zone_defense:1062 Pulling worker [Unit(name='MULE', tag=4411359233), Unit(name='SCV', tag=4348444673), Unit(name='SCV', tag=4390387713), Unit(name='SCV', tag=4375707649), Unit(name='SCV', tag=4348968961), Unit(name='SCV', tag=4365484033), Unit(name='SCV', tag=4368367617), Unit(name='SCV', tag=4387766273), Unit(name='SCV', tag=4357881857)] for zone 1 to safety
08:12 11024  116ms    60M  937G  94/110U INFO terranbot.builds.plans.acts.zone_defense:1062 Pulling worker [Unit(name='SCV', tag=4349755393), Unit(name='SCV', tag=4379377665), Unit(name='SCV', tag=4349231105), Unit(name='SCV', tag=4347920385), Unit(name='SCV', tag=4370989057), Unit(name='SCV', tag=4349493249), Unit(name='SCV', tag=4359979009), Unit(name='SCV', tag=4385406977), Unit(name='SCV', tag=4391960577), Unit(name='SCV', tag=4383571969), Unit(name='SCV', tag=4368891905), Unit(name='SCV', tag=4386717697)] for zone 1 to safety
08:12 11028  149ms    65M  937G  94/110U INFO terranbot.builds.plans.acts.zone_defense:1062 Pulling worker [Unit(name='SCV', tag=4378329089), Unit(name='SCV', tag=4352901121), Unit(name='SCV', tag=4354473986), Unit(name='SCV', tag=4367319041), Unit(name='SCV', tag=4356308993), Unit(name='SCV', tag=4389339137), Unit(name='SCV', tag=4380426241), Unit(name='SCV', tag=4350803969), Unit(name='SCV', tag=4354211841), Unit(name='SCV', tag=4374396929)] for zone 1 to safety
08:12 11032  130ms    65M  945G  94/110U INFO terranbot.builds.plans.acts.zone_defense:1062 Pulling worker [Unit(name='MULE', tag=4411359233), Unit(name='SCV', tag=4390387713), Unit(name='SCV', tag=4375707649), Unit(name='SCV', tag=4357881857), Unit(name='SCV', tag=4348968961), Unit(name='SCV', tag=4350541825), Unit(name='SCV', tag=4348706817), Unit(name='SCV', tag=4348444673)] for zone 1 to safety
08:12 11036  133ms    65M  945G  94/110U INFO terranbot.builds.plans.acts.zone_defense:1062 Pulling worker [Unit(name='SCV', tag=4349231105), Unit(name='SCV', tag=4347920385), Unit(name='SCV', tag=4379377665), Unit(name='SCV', tag=4370989057), Unit(name='SCV', tag=4349755393), Unit(name='SCV', tag=4391960577), Unit(name='SCV', tag=4365484033), Unit(name='SCV', tag=4368367617), Unit(name='SCV', tag=4383571969), Unit(name='SCV', tag=4349493249), Unit(name='SCV', tag=4386717697), Unit(name='SCV', tag=4368891905)] for zone 1 to safety
08:12 11040  126ms    65M  945G  94/110U INFO terranbot.builds.plans.acts.zone_defense:1062 Pulling worker [Unit(name='SCV', tag=4354211841), Unit(name='SCV', tag=4352901121), Unit(name='SCV', tag=4378329089), Unit(name='SCV', tag=4367319041), Unit(name='SCV', tag=4380426241), Unit(name='SCV', tag=4385406977), Unit(name='SCV', tag=4387766273), Unit(name='SCV', tag=4389339137), Unit(name='SCV', tag=4350803969), Unit(name='SCV', tag=4354473986), Unit(name='SCV', tag=4374396929)] for zone 1 to safety
08:13 11044  139ms    65M  945G  94/110U INFO terranbot.builds.plans.acts.zone_defense:1062 Pulling worker [Unit(name='SCV', tag=4357881857), Unit(name='MULE', tag=4411359233), Unit(name='SCV', tag=4348444673), Unit(name='SCV', tag=4375707649), Unit(name='SCV', tag=4390387713), Unit(name='SCV', tag=4350541825), Unit(name='SCV', tag=4372037633), Unit(name='SCV', tag=4348968961)] for zone 1 to safety
08:13 11048  110ms    65M  945G  94/110U INFO terranbot.builds.plans.acts.zone_defense:1062 Pulling worker [Unit(name='SCV', tag=4349755393), Unit(name='SCV', tag=4347920385), Unit(name='SCV', tag=4379377665), Unit(name='SCV', tag=4349231105), Unit(name='SCV', tag=4368891905), Unit(name='SCV', tag=4370989057), Unit(name='SCV', tag=4368367617), Unit(name='SCV', tag=4348706817), Unit(name='SCV', tag=4359979009), Unit(name='SCV', tag=4386717697)] for zone 1 to safety
08:13 11052  122ms    65M  945G  94/110U INFO terranbot.builds.plans.acts.zone_defense:1062 Pulling worker [Unit(name='SCV', tag=4352901121), Unit(name='SCV', tag=4350803969), Unit(name='SCV', tag=4354211841), Unit(name='SCV', tag=4356308993), Unit(name='SCV', tag=4380426241), Unit(name='SCV', tag=4367319041), Unit(name='SCV', tag=4387766273), Unit(name='SCV', tag=4365484033), Unit(name='SCV', tag=4374396929), Unit(name='SCV', tag=4383571969), Unit(name='SCV', tag=4378329089), Unit(name='SCV', tag=4354473986)] for zone 1 to safety
08:13 11056  129ms    65M  945G  94/110U INFO terranbot.builds.plans.acts.zone_defense:1062 Pulling worker [Unit(name='SCV', tag=4348444673), Unit(name='MULE', tag=4411359233), Unit(name='SCV', tag=4357881857), Unit(name='SCV', tag=4375707649), Unit(name='SCV', tag=4389339137), Unit(name='SCV', tag=4349493249), Unit(name='SCV', tag=4348968961)] for zone 1 to safety
08:13 11060  131ms    70M  949G  94/110U INFO terranbot.builds.plans.acts.zone_defense:1062 Pulling worker [Unit(name='SCV', tag=4349231105), Unit(name='SCV', tag=4349755393), Unit(name='SCV', tag=4379377665), Unit(name='SCV', tag=4347920385), Unit(name='SCV', tag=4368891905), Unit(name='SCV', tag=4370989057), Unit(name='SCV', tag=4359979009), Unit(name='SCV', tag=4386717697)] for zone 1 to safety
08:13 11064  106ms    70M  949G  94/110U INFO terranbot.builds.plans.acts.zone_defense:1062 Pulling worker [Unit(name='SCV', tag=4352901121), Unit(name='SCV', tag=4354211841), Unit(name='SCV', tag=4350541825), Unit(name='SCV', tag=4367319041), Unit(name='SCV', tag=4380426241), Unit(name='SCV', tag=4350803969), Unit(name='SCV', tag=4383571969), Unit(name='SCV', tag=4368367617), Unit(name='SCV', tag=4354473986), Unit(name='SCV', tag=4356308993), Unit(name='SCV', tag=4372037633), Unit(name='SCV', tag=4378329089), Unit(name='SCV', tag=4348706817), Unit(name='SCV', tag=4374396929)] for zone 1 to safety
08:14 11068  123ms    70M  949G  94/110U INFO terranbot.builds.plans.acts.zone_defense:1062 Pulling worker [Unit(name='SCV', tag=4348444673), Unit(name='MULE', tag=4411359233), Unit(name='SCV', tag=4375707649), Unit(name='SCV', tag=4357881857), Unit(name='SCV', tag=4348968961), Unit(name='SCV', tag=4365484033), Unit(name='SCV', tag=4385406977), Unit(name='SCV', tag=4389339137)] for zone 1 to safety
08:14 11072  108ms    70M  949G  94/110U INFO terranbot.builds.plans.acts.zone_defense:1062 Pulling worker [Unit(name='SCV', tag=4368891905), Unit(name='SCV', tag=4349755393), Unit(name='SCV', tag=4347920385), Unit(name='SCV', tag=4379377665), Unit(name='SCV', tag=4349231105), Unit(name='SCV', tag=4386717697)] for zone 1 to safety
08:14 11076  121ms    70M  953G  94/110U INFO terranbot.builds.plans.acts.zone_defense:1062 Pulling worker [Unit(name='SCV', tag=4354211841), Unit(name='SCV', tag=4350803969), Unit(name='SCV', tag=4352901121), Unit(name='SCV', tag=4368367617), Unit(name='SCV', tag=4349493249), Unit(name='SCV', tag=4367319041), Unit(name='SCV', tag=4350541825), Unit(name='SCV', tag=4374396929), Unit(name='SCV', tag=4387766273), Unit(name='SCV', tag=4370989057), Unit(name='SCV', tag=4378329089), Unit(name='SCV', tag=4348706817)] for zone 1 to safety
08:14 11080  129ms    70M  953G  94/110U INFO terranbot.builds.plans.acts.zone_defense:1062 Pulling worker [Unit(name='MULE', tag=4411359233), Unit(name='SCV', tag=4348444673), Unit(name='SCV', tag=4357881857), Unit(name='SCV', tag=4375707649), Unit(name='SCV', tag=4380426241), Unit(name='SCV', tag=4372037633), Unit(name='SCV', tag=4389339137), Unit(name='SCV', tag=4383571969), Unit(name='SCV', tag=4359979009), Unit(name='SCV', tag=4348968961)] for zone 1 to safety
08:14 11084  123ms    70M  953G  94/110U INFO terranbot.builds.plans.acts.zone_defense:1062 Pulling worker [Unit(name='SCV', tag=4368891905), Unit(name='SCV', tag=4379377665), Unit(name='SCV', tag=4347920385), Unit(name='SCV', tag=4349231105), Unit(name='SCV', tag=4349755393), Unit(name='SCV', tag=4354473986), Unit(name='SCV', tag=4385406977), Unit(name='SCV', tag=4386717697)] for zone 1 to safety
08:15 11088  108ms    70M  953G  94/110U INFO terranbot.builds.plans.acts.zone_defense:1062 Pulling worker [Unit(name='SCV', tag=4354211841), Unit(name='SCV', tag=4350803969), Unit(name='SCV', tag=4352901121), Unit(name='SCV', tag=4370989057), Unit(name='SCV', tag=4356308993), Unit(name='SCV', tag=4367319041), Unit(name='SCV', tag=4378329089), Unit(name='SCV', tag=4349493249), Unit(name='SCV', tag=4348706817)] for zone 1 to safety
08:15 11092  134ms    75M  953G  94/110U INFO terranbot.builds.plans.acts.zone_defense:1062 Pulling worker [Unit(name='SCV', tag=4348444673), Unit(name='MULE', tag=4411359233), Unit(name='SCV', tag=4359979009), Unit(name='SCV', tag=4348968961), Unit(name='SCV', tag=4375707649), Unit(name='SCV', tag=4357881857), Unit(name='SCV', tag=4368367617), Unit(name='SCV', tag=4374396929), Unit(name='SCV', tag=4350541825), Unit(name='SCV', tag=4365484033), Unit(name='SCV', tag=4389339137)] for zone 1 to safety
08:15 11096  110ms    75M  953G  94/110U INFO terranbot.builds.plans.acts.zone_defense:1062 Pulling worker [Unit(name='SCV', tag=4368891905), Unit(name='SCV', tag=4379377665), Unit(name='SCV', tag=4386717697), Unit(name='SCV', tag=4347920385), Unit(name='SCV', tag=4349231105), Unit(name='SCV', tag=4349755393), Unit(name='SCV', tag=4380426241), Unit(name='SCV', tag=4390387713), Unit(name='SCV', tag=4383571969), Unit(name='SCV', tag=4385406977), Unit(name='SCV', tag=4387766273)] for zone 1 to safety
08:15 11100  117ms    75M  953G  94/110U INFO terranbot.builds.plans.acts.zone_defense:1062 Pulling worker [Unit(name='SCV', tag=4352901121), Unit(name='SCV', tag=4354211841), Unit(name='SCV', tag=4350803969), Unit(name='SCV', tag=4367319041), Unit(name='SCV', tag=4354473986), Unit(name='SCV', tag=4349493249), Unit(name='SCV', tag=4378329089), Unit(name='SCV', tag=4348706817)] for zone 1 to safety
08:15 11104  115ms    75M  953G  94/110U INFO terranbot.builds.plans.acts.zone_defense:1062 Pulling worker [Unit(name='SCV', tag=4368367617), Unit(name='SCV', tag=4356308993), Unit(name='SCV', tag=4357881857), Unit(name='SCV', tag=4348444673), Unit(name='SCV', tag=4372037633), Unit(name='SCV', tag=4389339137), Unit(name='SCV', tag=4370989057), Unit(name='SCV', tag=4359979009), Unit(name='SCV', tag=4365484033), Unit(name='MULE', tag=4411359233), Unit(name='SCV', tag=4348968961), Unit(name='SCV', tag=4350541825)] for zone 1 to safety
08:15 11108  143ms    75M  953G  94/110U INFO terranbot.builds.plans.acts.zone_defense:1062 Pulling worker [Unit(name='SCV', tag=4347920385), Unit(name='SCV', tag=4386717697), Unit(name='SCV', tag=4379377665), Unit(name='SCV', tag=4349755393), Unit(name='SCV', tag=4385406977), Unit(name='SCV', tag=4349231105), Unit(name='SCV', tag=4368891905)] for zone 1 to safety
08:16 11112  105ms    80M  953G  94/110U INFO terranbot.builds.plans.acts.zone_defense:1062 Pulling worker [Unit(name='SCV', tag=4352901121), Unit(name='SCV', tag=4350803969), Unit(name='SCV', tag=4387766273), Unit(name='SCV', tag=4374396929), Unit(name='SCV', tag=4390387713), Unit(name='SCV', tag=4375707649), Unit(name='SCV', tag=4383571969), Unit(name='SCV', tag=4348706817), Unit(name='SCV', tag=4354211841), Unit(name='SCV', tag=4349493249), Unit(name='SCV', tag=4378329089)] for zone 1 to safety
08:16 11116  150ms    80M  953G  94/110U INFO terranbot.builds.plans.acts.zone_defense:1062 Pulling worker [Unit(name='SCV', tag=4370989057), Unit(name='SCV', tag=4368367617), Unit(name='SCV', tag=4357881857), Unit(name='SCV', tag=4348444673), Unit(name='SCV', tag=4372037633), Unit(name='SCV', tag=4356308993), Unit(name='SCV', tag=4354473986), Unit(name='SCV', tag=4365484033), Unit(name='MULE', tag=4411359233), Unit(name='SCV', tag=4348968961), Unit(name='SCV', tag=4350541825)] for zone 1 to safety
08:16 11120  122ms    80M  953G  94/110U INFO terranbot.builds.plans.acts.zone_defense:1062 Pulling worker [Unit(name='SCV', tag=4386717697), Unit(name='SCV', tag=4347920385), Unit(name='SCV', tag=4379377665), Unit(name='SCV', tag=4349755393), Unit(name='SCV', tag=4349231105), Unit(name='SCV', tag=4380426241), Unit(name='SCV', tag=4359979009), Unit(name='SCV', tag=4389339137), Unit(name='SCV', tag=4385406977), Unit(name='SCV', tag=4368891905)] for zone 1 to safety
08:16 11124  159ms    85M  957G  94/110U INFO terranbot.builds.plans.acts.zone_defense:1062 Pulling worker [Unit(name='SCV', tag=4354211841), Unit(name='SCV', tag=4352901121), Unit(name='SCV', tag=4350803969), Unit(name='SCV', tag=4349493249), Unit(name='SCV', tag=4387766273), Unit(name='SCV', tag=4383571969), Unit(name='SCV', tag=4374396929), Unit(name='SCV', tag=4378329089)] for zone 1 to safety
08:16 11128  137ms    85M  957G  94/110U INFO terranbot.builds.plans.acts.zone_defense:1062 Pulling worker [Unit(name='SCV', tag=4348444673), Unit(name='SCV', tag=4357881857), Unit(name='SCV', tag=4365484033), Unit(name='SCV', tag=4368367617), Unit(name='SCV', tag=4356308993), Unit(name='SCV', tag=4390387713), Unit(name='SCV', tag=4370989057), Unit(name='SCV', tag=4375707649), Unit(name='SCV', tag=4354473986), Unit(name='MULE', tag=4411359233), Unit(name='SCV', tag=4350541825), Unit(name='SCV', tag=4348968961)] for zone 1 to safety
08:16 11132  116ms    85M  957G  94/110U INFO terranbot.builds.plans.acts.zone_defense:1062 Pulling worker [Unit(name='SCV', tag=4386717697), Unit(name='SCV', tag=4347920385), Unit(name='SCV', tag=4379377665), Unit(name='SCV', tag=4349755393), Unit(name='SCV', tag=4359979009), Unit(name='SCV', tag=4367319041), Unit(name='SCV', tag=4389339137), Unit(name='SCV', tag=4349231105), Unit(name='SCV', tag=4368891905)] for zone 1 to safety
08:17 11136  121ms    85M  957G  94/110U INFO terranbot.builds.plans.acts.zone_defense:1062 Pulling worker [Unit(name='SCV', tag=4352901121), Unit(name='SCV', tag=4350803969), Unit(name='SCV', tag=4349493249), Unit(name='SCV', tag=4348706817), Unit(name='SCV', tag=4380426241), Unit(name='SCV', tag=4387766273), Unit(name='SCV', tag=4378329089), Unit(name='SCV', tag=4354211841)] for zone 1 to safety
08:17 11140  138ms    85M  957G  94/110U INFO terranbot.builds.plans.acts.zone_defense:1062 Pulling worker [Unit(name='SCV', tag=4348968961), Unit(name='SCV', tag=4348444673), Unit(name='SCV', tag=4368367617), Unit(name='SCV', tag=4365484033), Unit(name='SCV', tag=4356308993), Unit(name='SCV', tag=4374396929), Unit(name='SCV', tag=4354473986), Unit(name='SCV', tag=4383571969), Unit(name='SCV', tag=4372037633), Unit(name='SCV', tag=4375707649), Unit(name='SCV', tag=4357881857), Unit(name='MULE', tag=4411359233), Unit(name='SCV', tag=4350541825)] for zone 1 to safety
08:17 11144  121ms    85M  957G  94/110U INFO terranbot.builds.plans.acts.zone_defense:1062 Pulling worker [Unit(name='SCV', tag=4347920385), Unit(name='SCV', tag=4349755393), Unit(name='SCV', tag=4385406977), Unit(name='SCV', tag=4370989057), Unit(name='SCV', tag=4390387713), Unit(name='SCV', tag=4379377665), Unit(name='SCV', tag=4386717697), Unit(name='SCV', tag=4368891905), Unit(name='SCV', tag=4389339137)] for zone 1 to safety
08:17 11148  114ms    35M  961G  94/110U INFO terranbot.builds.plans.acts.zone_defense:1062 Pulling worker [Unit(name='SCV', tag=4352901121), Unit(name='SCV', tag=4350803969), Unit(name='SCV', tag=4367319041), Unit(name='SCV', tag=4348706817), Unit(name='SCV', tag=4349231105), Unit(name='SCV', tag=4354211841), Unit(name='SCV', tag=4349493249)] for zone 1 to safety
08:17 11152  121ms    35M  961G  95/110U INFO terranbot.builds.plans.acts.zone_defense:1062 Pulling worker [Unit(name='SCV', tag=4348968961), Unit(name='SCV', tag=4357881857), Unit(name='SCV', tag=4348444673), Unit(name='SCV', tag=4368367617), Unit(name='SCV', tag=4387766273), Unit(name='SCV', tag=4365484033), Unit(name='SCV', tag=4356308993), Unit(name='SCV', tag=4380426241), Unit(name='SCV', tag=4374396929), Unit(name='SCV', tag=4378329089), Unit(name='SCV', tag=4350541825), Unit(name='SCV', tag=4372037633), Unit(name='MULE', tag=4411359233)] for zone 1 to safety
08:18 11156  146ms    35M  961G  95/110U INFO terranbot.builds.plans.acts.zone_defense:1062 Pulling worker [Unit(name='SCV', tag=4379377665), Unit(name='SCV', tag=4347920385), Unit(name='SCV', tag=4352114689), Unit(name='SCV', tag=4349755393), Unit(name='SCV', tag=4385406977), Unit(name='SCV', tag=4354473986), Unit(name='SCV', tag=4390387713), Unit(name='SCV', tag=4359979009), Unit(name='SCV', tag=4375707649), Unit(name='SCV', tag=4368891905), Unit(name='SCV', tag=4386717697), Unit(name='SCV', tag=4389339137), Unit(name='SCV', tag=4383571969)] for zone 1 to safety
08:18 11160  151ms    35M  961G  95/110U INFO terranbot.builds.plans.acts.zone_defense:1062 Pulling worker [Unit(name='SCV', tag=4349493249), Unit(name='SCV', tag=4352901121), Unit(name='SCV', tag=4350803969), Unit(name='SCV', tag=4349231105), Unit(name='SCV', tag=4354211841)] for zone 1 to safety
08:18 11164  120ms    35M  961G  95/110U INFO terranbot.builds.plans.acts.zone_defense:1062 Pulling worker [Unit(name='SCV', tag=4348968961), Unit(name='SCV', tag=4372037633), Unit(name='SCV', tag=4348444673), Unit(name='SCV', tag=4350541825), Unit(name='SCV', tag=4365484033), Unit(name='SCV', tag=4387766273), Unit(name='SCV', tag=4368367617), Unit(name='SCV', tag=4357881857), Unit(name='SCV', tag=4380426241), Unit(name='SCV', tag=4348706817), Unit(name='SCV', tag=4356308993), Unit(name='SCV', tag=4378329089), Unit(name='MULE', tag=4411359233)] for zone 1 to safety
08:18 11168  124ms    35M  961G  95/110U INFO terranbot.builds.plans.acts.zone_defense:1062 Pulling worker [Unit(name='SCV', tag=4379377665), Unit(name='SCV', tag=4367319041), Unit(name='SCV', tag=4375707649), Unit(name='SCV', tag=4383571969), Unit(name='SCV', tag=4368891905), Unit(name='SCV', tag=4386717697), Unit(name='SCV', tag=4389339137)] for zone 1 to safety
08:18 11172  116ms    35M  961G  95/110U INFO terranbot.builds.plans.acts.zone_defense:1062 Pulling worker [Unit(name='SCV', tag=4352901121), Unit(name='SCV', tag=4370989057), Unit(name='SCV', tag=4349493249), Unit(name='SCV', tag=4374396929), Unit(name='SCV', tag=4350803969), Unit(name='SCV', tag=4354211841)] for zone 1 to safety
08:18 11176   96ms    35M  965G  95/110U INFO terranbot.builds.plans.acts.zone_defense:1062 Pulling worker [Unit(name='SCV', tag=4350541825), Unit(name='SCV', tag=4348968961), Unit(name='SCV', tag=4372037633), Unit(name='SCV', tag=4348444673), Unit(name='SCV', tag=4387766273), Unit(name='SCV', tag=4365484033), Unit(name='SCV', tag=4368367617), Unit(name='SCV', tag=4349231105), Unit(name='MULE', tag=4411359233), Unit(name='SCV', tag=4357881857), Unit(name='SCV', tag=4356308993), Unit(name='SCV', tag=4378329089)] for zone 1 to safety
08:19 11180  124ms    35M  965G  95/110U INFO terranbot.activity.location_modifiers:130 unit_to_place_beside: Unit(name='Barracks', tag=4352638977) - unit_to_place_beside.type_id=UnitTypeId.BARRACKS - position=(41.5, 63.5)
08:19 11180  124ms    35M  965G  95/110U INFO terranbot.builds.plans.acts.zone_defense:1062 Pulling worker [Unit(name='SCV', tag=4348706817), Unit(name='SCV', tag=4367319041), Unit(name='SCV', tag=4359979009), Unit(name='SCV', tag=4380426241), Unit(name='SCV', tag=4386717697), Unit(name='SCV', tag=4368891905), Unit(name='SCV', tag=4354473986), Unit(name='SCV', tag=4389339137)] for zone 1 to safety
08:19 11184  125ms    35M  965G  95/110U INFO terranbot.builds.plans.acts.zone_defense:1062 Pulling worker [Unit(name='SCV', tag=4354211841), Unit(name='SCV', tag=4349493249), Unit(name='SCV', tag=4379377665), Unit(name='SCV', tag=4385406977), Unit(name='SCV', tag=4374396929), Unit(name='SCV', tag=4352901121), Unit(name='SCV', tag=4383571969)] for zone 1 to safety
08:19 11188  142ms    40M  965G  95/110U INFO terranbot.builds.plans.acts.zone_defense:1062 Pulling worker [Unit(name='SCV', tag=4357881857), Unit(name='SCV', tag=4372037633), Unit(name='SCV', tag=4350541825), Unit(name='SCV', tag=4348444673), Unit(name='SCV', tag=4348968961), Unit(name='SCV', tag=4368367617), Unit(name='SCV', tag=4387766273), Unit(name='SCV', tag=4350803969), Unit(name='SCV', tag=4370989057), Unit(name='SCV', tag=4378329089), Unit(name='SCV', tag=4349231105), Unit(name='SCV', tag=4356308993)] for zone 1 to safety
08:19 11192  135ms    40M  965G  95/110U INFO terranbot.builds.plans.acts.zone_defense:1062 Pulling worker [Unit(name='SCV', tag=4348706817), Unit(name='SCV', tag=4365484033), Unit(name='MULE', tag=4411359233), Unit(name='SCV', tag=4389339137), Unit(name='SCV', tag=4386717697), Unit(name='SCV', tag=4368891905), Unit(name='SCV', tag=4375707649)] for zone 1 to safety
08:19 11196  105ms    40M  965G  95/110U INFO terranbot.builds.plans.acts.zone_defense:1062 Pulling worker [Unit(name='SCV', tag=4354211841), Unit(name='SCV', tag=4352901121), Unit(name='SCV', tag=4349493249), Unit(name='SCV', tag=4359979009), Unit(name='SCV', tag=4383571969)] for zone 1 to safety
08:20 11200   95ms    40M  965G  95/110U INFO terranbot.builds.plans.acts.zone_defense:1062 Pulling worker [Unit(name='SCV', tag=4350541825), Unit(name='SCV', tag=4348968961), Unit(name='SCV', tag=4348444673), Unit(name='SCV', tag=4357881857), Unit(name='SCV', tag=4350803969), Unit(name='SCV', tag=4368367617), Unit(name='SCV', tag=4370989057), Unit(name='SCV', tag=4347920385), Unit(name='SCV', tag=4380426241), Unit(name='SCV', tag=4372037633), Unit(name='SCV', tag=4387766273), Unit(name='SCV', tag=4367319041), Unit(name='SCV', tag=4356308993)] for zone 1 to safety
08:20 11204  123ms    40M  965G  95/110U INFO terranbot.builds.plans.acts.zone_defense:1062 Pulling worker [Unit(name='SCV', tag=4374396929), Unit(name='SCV', tag=4354473986), Unit(name='SCV', tag=4378329089), Unit(name='MULE', tag=4411359233), Unit(name='SCV', tag=4368891905), Unit(name='SCV', tag=4386717697), Unit(name='SCV', tag=4348706817), Unit(name='SCV', tag=4375707649)] for zone 1 to safety
08:20 11208  118ms    40M  965G  95/110U INFO terranbot.builds.plans.acts.zone_defense:1062 Pulling worker [Unit(name='SCV', tag=4354211841), Unit(name='SCV', tag=4352114689), Unit(name='SCV', tag=4365484033), Unit(name='SCV', tag=4352901121), Unit(name='SCV', tag=4349231105), Unit(name='SCV', tag=4383571969), Unit(name='SCV', tag=4389339137)] for zone 1 to safety
08:20 11212  105ms    40M  965G  95/110U INFO terranbot.activity.location_modifiers:130 unit_to_place_beside: Unit(name='Barracks', tag=4363649026) - unit_to_place_beside.type_id=UnitTypeId.BARRACKS - position=(41.5, 63.5)
08:20 11212  105ms    40M  965G  95/110U INFO terranbot.builds.plans.acts.zone_defense:1062 Pulling worker [Unit(name='SCV', tag=4348444673), Unit(name='SCV', tag=4350541825), Unit(name='SCV', tag=4357881857), Unit(name='SCV', tag=4387766273), Unit(name='SCV', tag=4368367617), Unit(name='SCV', tag=4350803969), Unit(name='SCV', tag=4390387713), Unit(name='SCV', tag=4348968961), Unit(name='SCV', tag=4372037633), Unit(name='SCV', tag=4356308993)] for zone 1 to safety
08:20 11216  132ms    40M  965G  95/110U INFO terranbot.builds.plans.acts.zone_defense:1062 Pulling worker [Unit(name='SCV', tag=4348706817), Unit(name='SCV', tag=4374396929), Unit(name='SCV', tag=4347920385), Unit(name='SCV', tag=4349493249), Unit(name='SCV', tag=4367319041), Unit(name='SCV', tag=4368891905), Unit(name='SCV', tag=4386717697)] for zone 1 to safety
08:20 11220  121ms    40M  965G  95/110U INFO terranbot.builds.plans.acts.zone_defense:1062 Pulling worker [Unit(name='SCV', tag=4354211841), Unit(name='SCV', tag=4352114689), Unit(name='SCV', tag=4365484033), Unit(name='SCV', tag=4385406977), Unit(name='SCV', tag=4378329089), Unit(name='SCV', tag=4370989057), Unit(name='SCV', tag=4389339137), Unit(name='SCV', tag=4383571969)] for zone 1 to safety
08:21 11224  129ms    45M  969G  95/110U INFO terranbot.builds.plans.acts.zone_defense:1062 Pulling worker [Unit(name='SCV', tag=4357881857), Unit(name='SCV', tag=4348444673), Unit(name='SCV', tag=4348968961), Unit(name='SCV', tag=4352901121), Unit(name='SCV', tag=4387766273), Unit(name='SCV', tag=4350803969), Unit(name='SCV', tag=4349231105), Unit(name='SCV', tag=4350541825), Unit(name='SCV', tag=4372037633), Unit(name='SCV', tag=4368367617), Unit(name='SCV', tag=4356308993)] for zone 1 to safety
08:21 11228  116ms    45M  969G  95/110U INFO terranbot.builds.plans.acts.zone_defense:1062 Pulling worker [Unit(name='SCV', tag=4386717697), Unit(name='SCV', tag=4348706817), Unit(name='SCV', tag=4375707649), Unit(name='SCV', tag=4367319041), Unit(name='SCV', tag=4368891905), Unit(name='SCV', tag=4380426241)] for zone 1 to safety
08:21 11232   87ms    45M  969G  95/110U INFO terranbot.builds.plans.acts.zone_defense:1062 Pulling worker [Unit(name='SCV', tag=4354211841), Unit(name='SCV', tag=4352114689), Unit(name='SCV', tag=4349493249), Unit(name='SCV', tag=4365484033), Unit(name='SCV', tag=4347920385), Unit(name='SCV', tag=4383571969), Unit(name='SCV', tag=4370989057)] for zone 1 to safety
08:21 11236  133ms    45M  973G  95/110U INFO terranbot.builds.plans.acts.zone_defense:1062 Pulling worker [Unit(name='SCV', tag=4348444673), Unit(name='SCV', tag=4357881857), Unit(name='SCV', tag=4387766273), Unit(name='SCV', tag=4348968961), Unit(name='SCV', tag=4378329089), Unit(name='SCV', tag=4374396929), Unit(name='SCV', tag=4352901121), Unit(name='SCV', tag=4389339137), Unit(name='SCV', tag=4390387713), Unit(name='SCV', tag=4350541825), Unit(name='SCV', tag=4368367617), Unit(name='SCV', tag=4372037633)] for zone 1 to safety
08:21 11240  124ms    50M  973G  95/110U INFO sharpy.managers.core.log_manager:80 [GameAnalyzer] Known army advantage is now SmallAdvantage
08:21 11240  124ms    50M  973G  95/110U INFO sharpy.managers.core.log_manager:80 [GameAnalyzer] Predicted army advantage is now SmallDisadvantage
08:21 11240  124ms    50M  973G  95/110U INFO terranbot.builds.plans.acts.zone_defense:1062 Pulling worker [Unit(name='SCV', tag=4386717697), Unit(name='SCV', tag=4348706817), Unit(name='SCV', tag=4349231105), Unit(name='SCV', tag=4368891905), Unit(name='SCV', tag=4356308993)] for zone 1 to safety
08:21 11244  107ms    50M  973G  95/110U INFO terranbot.builds.plans.acts.zone_defense:1062 Pulling worker [Unit(name='SCV', tag=4354211841), Unit(name='SCV', tag=4350803969), Unit(name='SCV', tag=4385406977), Unit(name='SCV', tag=4354473986), Unit(name='SCV', tag=4383571969), Unit(name='SCV', tag=4365484033), Unit(name='SCV', tag=4370989057), Unit(name='SCV', tag=4347920385)] for zone 1 to safety
08:22 11248  116ms    50M  973G  95/110U INFO terranbot.builds.plans.acts.zone_defense:1062 Pulling worker [Unit(name='SCV', tag=4357881857), Unit(name='SCV', tag=4348444673), Unit(name='SCV', tag=4348968961), Unit(name='SCV', tag=4374396929), Unit(name='SCV', tag=4387766273), Unit(name='SCV', tag=4368367617), Unit(name='SCV', tag=4390387713), Unit(name='SCV', tag=4378329089), Unit(name='SCV', tag=4367319041), Unit(name='SCV', tag=4372037633), Unit(name='SCV', tag=4350541825), Unit(name='SCV', tag=4380426241), Unit(name='SCV', tag=4349493249)] for zone 1 to safety
08:22 11252  138ms    50M  973G  95/110U INFO terranbot.builds.plans.acts.zone_defense:1062 Pulling worker [Unit(name='SCV', tag=4386717697), Unit(name='SCV', tag=4352114689), Unit(name='SCV', tag=4349231105), Unit(name='SCV', tag=4375707649), Unit(name='SCV', tag=4389339137), Unit(name='SCV', tag=4368891905)] for zone 1 to safety
08:22 11256  197ms    50M  973G  95/110U INFO terranbot.builds.plans.acts.zone_defense:1062 Pulling worker [Unit(name='SCV', tag=4383571969), Unit(name='SCV', tag=4354211841), Unit(name='SCV', tag=4391960577), Unit(name='SCV', tag=4354736129), Unit(name='SCV', tag=4370989057), Unit(name='SCV', tag=4356308993), Unit(name='SCV', tag=4352901121), Unit(name='SCV', tag=4365484033), Unit(name='SCV', tag=4350803969)] for zone 1 to safety
08:22 11260  110ms    50M  973G  95/110U INFO terranbot.builds.plans.acts.zone_defense:1062 Pulling worker [Unit(name='SCV', tag=4357881857), Unit(name='SCV', tag=4374396929), Unit(name='SCV', tag=4387766273), Unit(name='SCV', tag=4348444673), Unit(name='SCV', tag=4367319041), Unit(name='SCV', tag=4385406977), Unit(name='SCV', tag=4349493249), Unit(name='SCV', tag=4348706817), Unit(name='SCV', tag=4380426241), Unit(name='SCV', tag=4350541825), Unit(name='SCV', tag=4372037633), Unit(name='SCV', tag=4368367617), Unit(name='SCV', tag=4347920385)] for zone 1 to safety
08:22 11264  130ms    50M  973G  95/110U INFO terranbot.builds.plans.acts.zone_defense:1062 Pulling worker [Unit(name='SCV', tag=4375707649), Unit(name='SCV', tag=4355260417), Unit(name='SCV', tag=4348968961), Unit(name='SCV', tag=4390387713), Unit(name='SCV', tag=4352114689), Unit(name='SCV', tag=4386717697), Unit(name='SCV', tag=4368891905), Unit(name='SCV', tag=4354473986)] for zone 1 to safety
08:23 11268  115ms    50M  973G  95/110U INFO terranbot.builds.plans.acts.zone_defense:1062 Pulling worker [Unit(name='SCV', tag=4383571969), Unit(name='SCV', tag=4365484033), Unit(name='SCV', tag=4349231105), Unit(name='SCV', tag=4352901121), Unit(name='SCV', tag=4354211841), Unit(name='SCV', tag=4389339137), Unit(name='SCV', tag=4350803969), Unit(name='SCV', tag=4356308993)] for zone 1 to safety
08:23 11272  116ms    50M  973G  95/110U INFO terranbot.builds.plans.acts.zone_defense:1062 Pulling worker [Unit(name='SCV', tag=4368367617), Unit(name='SCV', tag=4357881857), Unit(name='SCV', tag=4387766273), Unit(name='SCV', tag=4374396929), Unit(name='SCV', tag=4348444673), Unit(name='SCV', tag=4372037633), Unit(name='SCV', tag=4378329089), Unit(name='SCV', tag=4385406977), Unit(name='SCV', tag=4350541825), Unit(name='SCV', tag=4347920385), Unit(name='SCV', tag=4370989057)] for zone 1 to safety
08:23 11276  116ms    50M  977G  95/110U INFO terranbot.builds.plans.acts.zone_defense:1062 Pulling worker [Unit(name='SCV', tag=4348706817), Unit(name='SCV', tag=4349493249), Unit(name='SCV', tag=4368891905), Unit(name='SCV', tag=4386717697)] for zone 1 to safety
08:23 11280  110ms    50M  977G  95/110U INFO terranbot.builds.plans.acts.zone_defense:1062 Pulling worker [Unit(name='SCV', tag=4383571969), Unit(name='SCV', tag=4365484033), Unit(name='SCV', tag=4354736129), Unit(name='SCV', tag=4354211841), Unit(name='SCV', tag=4352114689), Unit(name='SCV', tag=4367319041), Unit(name='SCV', tag=4391960577), Unit(name='SCV', tag=4352901121), Unit(name='SCV', tag=4350803969)] for zone 1 to safety
08:23 11284  139ms    50M  977G  95/110U INFO terranbot.builds.plans.acts.zone_defense:1062 Pulling worker [Unit(name='SCV', tag=4368367617), Unit(name='SCV', tag=4374396929), Unit(name='SCV', tag=4348444673), Unit(name='SCV', tag=4387766273), Unit(name='SCV', tag=4385406977), Unit(name='SCV', tag=4349231105), Unit(name='SCV', tag=4372037633), Unit(name='SCV', tag=4354473986), Unit(name='SCV', tag=4370989057), Unit(name='SCV', tag=4356308993), Unit(name='SCV', tag=4389339137), Unit(name='SCV', tag=4357881857), Unit(name='SCV', tag=4350541825), Unit(name='SCV', tag=4347920385)] for zone 1 to safety
08:23 11288  142ms    55M  977G  95/110U INFO terranbot.builds.plans.acts.zone_defense:1062 Pulling worker [Unit(name='SCV', tag=4386717697), Unit(name='SCV', tag=4378329089), Unit(name='SCV', tag=4349493249), Unit(name='SCV', tag=4368891905)] for zone 1 to safety
08:24 11292   99ms    60M  977G  95/110U INFO terranbot.builds.plans.acts.zone_defense:1062 Pulling worker [Unit(name='SCV', tag=4383571969), Unit(name='SCV', tag=4365484033), Unit(name='SCV', tag=4354211841), Unit(name='SCV', tag=4354736129), Unit(name='SCV', tag=4355260417), Unit(name='SCV', tag=4390387713), Unit(name='SCV', tag=4352901121), Unit(name='SCV', tag=4348706817), Unit(name='SCV', tag=4350803969)] for zone 1 to safety
08:24 11296  114ms    60M  977G  95/110U INFO terranbot.builds.plans.acts.zone_defense:1062 Pulling worker [Unit(name='SCV', tag=4368367617), Unit(name='SCV', tag=4348444673), Unit(name='SCV', tag=4387766273), Unit(name='SCV', tag=4372037633), Unit(name='SCV', tag=4385406977), Unit(name='SCV', tag=4356308993), Unit(name='SCV', tag=4391960577), Unit(name='SCV', tag=4354473986), Unit(name='SCV', tag=4352114689), Unit(name='SCV', tag=4374396929), Unit(name='SCV', tag=4350541825), Unit(name='SCV', tag=4357881857), Unit(name='SCV', tag=4347920385)] for zone 1 to safety
08:24 11300  172ms    60M  977G  95/110U INFO terranbot.builds.plans.acts.zone_defense:1062 Pulling worker [Unit(name='SCV', tag=4349231105), Unit(name='SCV', tag=4370989057), Unit(name='SCV', tag=4368891905), Unit(name='SCV', tag=4386717697), Unit(name='SCV', tag=4389339137)] for zone 1 to safety
08:24 11304  103ms    60M  977G  95/110U INFO terranbot.activity.location_modifiers:130 unit_to_place_beside: Unit(name='Starport', tag=4363124737) - unit_to_place_beside.type_id=UnitTypeId.STARPORT - position=(41.5, 63.5)
08:24 11304  103ms    60M  977G  95/110U INFO terranbot.builds.plans.acts.zone_defense:1062 Pulling worker [Unit(name='SCV', tag=4365484033), Unit(name='SCV', tag=4383571969), Unit(name='SCV', tag=4354736129), Unit(name='SCV', tag=4348706817), Unit(name='SCV', tag=4352901121), Unit(name='SCV', tag=4350803969)] for zone 1 to safety
08:24 11308  119ms    60M  977G  95/110U INFO terranbot.builds.plans.acts.zone_defense:1062 Pulling worker [Unit(name='SCV', tag=4348444673), Unit(name='SCV', tag=4374396929), Unit(name='SCV', tag=4368367617), Unit(name='SCV', tag=4372037633), Unit(name='SCV', tag=4352114689), Unit(name='SCV', tag=4387766273), Unit(name='SCV', tag=4390387713), Unit(name='SCV', tag=4385406977), Unit(name='SCV', tag=4356308993), Unit(name='SCV', tag=4357881857), Unit(name='SCV', tag=4379377665), Unit(name='SCV', tag=4375707649), Unit(name='SCV', tag=4354211841), Unit(name='SCV', tag=4350541825), Unit(name='SCV', tag=4347920385)] for zone 1 to safety
08:25 11312  148ms    60M  977G  95/110U INFO terranbot.builds.plans.acts.zone_defense:1062 Pulling worker [Unit(name='SCV', tag=4354473986), Unit(name='SCV', tag=4355260417), Unit(name='SCV', tag=4348968961), Unit(name='SCV', tag=4378329089), Unit(name='SCV', tag=4389339137), Unit(name='SCV', tag=4349231105), Unit(name='SCV', tag=4380426241), Unit(name='SCV', tag=4349493249), Unit(name='SCV', tag=4386717697), Unit(name='SCV', tag=4368891905)] for zone 1 to safety
08:25 11316  134ms    60M  981G  95/110U INFO terranbot.builds.plans.acts.zone_defense:1062 Pulling worker [Unit(name='SCV', tag=4365484033), Unit(name='SCV', tag=4383571969), Unit(name='SCV', tag=4354736129), Unit(name='SCV', tag=4350803969), Unit(name='SCV', tag=4370989057), Unit(name='SCV', tag=4352901121)] for zone 1 to safety
08:25 11320  107ms    65M  981G  95/110U INFO terranbot.builds.plans.acts.zone_defense:1062 Pulling worker [Unit(name='SCV', tag=4348444673), Unit(name='SCV', tag=4385406977), Unit(name='SCV', tag=4368367617), Unit(name='SCV', tag=4374396929), Unit(name='SCV', tag=4372037633), Unit(name='SCV', tag=4357881857), Unit(name='SCV', tag=4387766273), Unit(name='SCV', tag=4390387713), Unit(name='SCV', tag=4350541825), Unit(name='SCV', tag=4356308993), Unit(name='SCV', tag=4347920385)] for zone 1 to safety
08:25 11324  134ms    65M  985G  95/110U INFO terranbot.builds.plans.acts.zone_defense:1062 Pulling worker [Unit(name='SCV', tag=4354473986), Unit(name='SCV', tag=4352114689), Unit(name='SCV', tag=4348706817), Unit(name='SCV', tag=4355260417), Unit(name='SCV', tag=4391960577), Unit(name='SCV', tag=4375707649), Unit(name='SCV', tag=4386717697), Unit(name='SCV', tag=4368891905)] for zone 1 to safety
08:25 11328  112ms    65M  985G  95/110U INFO terranbot.builds.plans.acts.zone_defense:1062 Pulling worker [Unit(name='SCV', tag=4365484033), Unit(name='SCV', tag=4354211841), Unit(name='SCV', tag=4352901121), Unit(name='SCV', tag=4378329089), Unit(name='SCV', tag=4349231105), Unit(name='SCV', tag=4350803969), Unit(name='SCV', tag=4379377665), Unit(name='SCV', tag=4354736129), Unit(name='SCV', tag=4383571969), Unit(name='SCV', tag=4389339137)] for zone 1 to safety
08:25 11332  136ms    65M  985G  95/110U INFO terranbot.builds.plans.acts.zone_defense:1062 Pulling worker [Unit(name='SCV', tag=4348444673), Unit(name='SCV', tag=4368367617), Unit(name='SCV', tag=4374396929), Unit(name='SCV', tag=4357881857), Unit(name='SCV', tag=4385406977), Unit(name='SCV', tag=4387766273), Unit(name='SCV', tag=4372037633), Unit(name='SCV', tag=4390387713), Unit(name='SCV', tag=4370989057), Unit(name='SCV', tag=4347920385), Unit(name='SCV', tag=4350541825), Unit(name='SCV', tag=4356308993)] for zone 1 to safety
08:26 11336  133ms    65M  985G  95/110U INFO terranbot.builds.plans.acts.zone_defense:1062 Pulling worker [Unit(name='SCV', tag=4386717697), Unit(name='SCV', tag=4380426241), Unit(name='SCV', tag=4352114689), Unit(name='SCV', tag=4354473986), Unit(name='SCV', tag=4368891905), Unit(name='SCV', tag=4348706817)] for zone 1 to safety
08:26 11340   95ms    70M  985G  95/110U INFO terranbot.activity.location_modifiers:130 unit_to_place_beside: Unit(name='Barracks', tag=4352638977) - unit_to_place_beside.type_id=UnitTypeId.BARRACKS - position=(41.5, 63.5)
08:26 11340   95ms    20M  985G  95/110U INFO terranbot.builds.plans.acts.zone_defense:1062 Pulling worker [Unit(name='SCV', tag=4365484033), Unit(name='SCV', tag=4352901121), Unit(name='SCV', tag=4383571969), Unit(name='SCV', tag=4354211841), Unit(name='SCV', tag=4379377665)] for zone 1 to safety
08:26 11344  106ms    75M  985G  95/110U INFO terranbot.builds.plans.acts.zone_defense:1062 Pulling worker [Unit(name='SCV', tag=4385406977), Unit(name='SCV', tag=4374396929), Unit(name='SCV', tag=4368367617), Unit(name='SCV', tag=4354736129), Unit(name='SCV', tag=4372037633), Unit(name='SCV', tag=4357881857), Unit(name='SCV', tag=4349493249), Unit(name='SCV', tag=4375707649), Unit(name='SCV', tag=4387766273), Unit(name='SCV', tag=4347920385), Unit(name='SCV', tag=4391960577), Unit(name='SCV', tag=4390387713), Unit(name='SCV', tag=4348444673), Unit(name='SCV', tag=4350541825), Unit(name='SCV', tag=4389339137), Unit(name='SCV', tag=4356308993)] for zone 1 to safety
08:26 11348  156ms    75M  985G  95/110U INFO terranbot.builds.plans.acts.zone_defense:1062 Pulling worker [Unit(name='SCV', tag=4386717697), Unit(name='SCV', tag=4350803969), Unit(name='SCV', tag=4370989057), Unit(name='SCV', tag=4349231105), Unit(name='SCV', tag=4352114689), Unit(name='SCV', tag=4368891905), Unit(name='SCV', tag=4355260417), Unit(name='SCV', tag=4348706817)] for zone 1 to safety
08:26 11352  117ms    75M  985G  95/110U INFO terranbot.builds.plans.acts.zone_defense:1062 Pulling worker [Unit(name='SCV', tag=4354211841), Unit(name='SCV', tag=4380426241), Unit(name='SCV', tag=4365484033), Unit(name='SCV', tag=4354473986), Unit(name='SCV', tag=4378329089), Unit(name='SCV', tag=4352901121), Unit(name='SCV', tag=4383571969)] for zone 1 to safety
08:26 11356  109ms    75M  985G  95/110U INFO terranbot.builds.plans.acts.zone_defense:1062 Pulling worker [Unit(name='SCV', tag=4368367617), Unit(name='SCV', tag=4357881857), Unit(name='SCV', tag=4374396929), Unit(name='SCV', tag=4354736129), Unit(name='SCV', tag=4372037633), Unit(name='SCV', tag=4348968961), Unit(name='SCV', tag=4379377665), Unit(name='SCV', tag=4389339137), Unit(name='SCV', tag=4375707649), Unit(name='SCV', tag=4385406977), Unit(name='SCV', tag=4348444673), Unit(name='SCV', tag=4350541825), Unit(name='SCV', tag=4356308993)] for zone 1 to safety
08:27 11360  133ms    75M  985G  95/110U INFO terranbot.builds.plans.acts.zone_defense:1062 Pulling worker [Unit(name='SCV', tag=4386717697), Unit(name='SCV', tag=4370989057), Unit(name='SCV', tag=4350803969), Unit(name='SCV', tag=4355260417), Unit(name='SCV', tag=4391960577), Unit(name='SCV', tag=4368891905), Unit(name='SCV', tag=4348706817)] for zone 1 to safety
08:27 11364  141ms    75M  985G  95/110U INFO terranbot.builds.plans.acts.zone_defense:1062 Pulling worker [Unit(name='SCV', tag=4365484033), Unit(name='SCV', tag=4352901121), Unit(name='SCV', tag=4380426241), Unit(name='SCV', tag=4354211841), Unit(name='SCV', tag=4354473986), Unit(name='SCV', tag=4349231105), Unit(name='SCV', tag=4383571969)] for zone 1 to safety
08:27 11368  105ms    75M  985G  95/110U INFO terranbot.builds.plans.acts.zone_defense:1062 Pulling worker [Unit(name='SCV', tag=4368367617), Unit(name='SCV', tag=4357881857), Unit(name='SCV', tag=4350541825), Unit(name='SCV', tag=4372037633), Unit(name='SCV', tag=4352114689), Unit(name='SCV', tag=4385406977), Unit(name='SCV', tag=4378329089), Unit(name='SCV', tag=4349493249), Unit(name='SCV', tag=4356308993), Unit(name='SCV', tag=4374396929), Unit(name='SCV', tag=4387766273), Unit(name='SCV', tag=4348444673)] for zone 1 to safety
08:27 11372  113ms    75M  989G  95/110U INFO terranbot.builds.plans.acts.zone_defense:1062 Pulling worker [Unit(name='SCV', tag=4386717697), Unit(name='SCV', tag=4354736129), Unit(name='SCV', tag=4391960577), Unit(name='SCV', tag=4368891905), Unit(name='SCV', tag=4348706817), Unit(name='SCV', tag=4389339137)] for zone 1 to safety
08:27 11376  122ms    25M  989G  95/110U INFO terranbot.builds.plans.acts.zone_defense:1062 Pulling worker [Unit(name='SCV', tag=4365484033), Unit(name='SCV', tag=4350803969), Unit(name='SCV', tag=4380426241), Unit(name='SCV', tag=4352901121), Unit(name='SCV', tag=4354211841), Unit(name='SCV', tag=4383571969)] for zone 1 to safety
08:28 11380  138ms    25M  989G  96/110U INFO terranbot.builds.plans.acts.zone_defense:1062 Pulling worker [Unit(name='SCV', tag=4350541825), Unit(name='SCV', tag=4372037633), Unit(name='SCV', tag=4379377665), Unit(name='SCV', tag=4355260417), Unit(name='SCV', tag=4378329089), Unit(name='SCV', tag=4357881857), Unit(name='SCV', tag=4352114689), Unit(name='SCV', tag=4370989057), Unit(name='SCV', tag=4374396929), Unit(name='SCV', tag=4368367617), Unit(name='SCV', tag=4387766273), Unit(name='SCV', tag=4348444673)] for zone 1 to safety
08:28 11384  127ms    25M  989G  96/110U INFO terranbot.builds.plans.acts.zone_defense:1062 Pulling worker [Unit(name='SCV', tag=4391960577), Unit(name='SCV', tag=4385406977), Unit(name='SCV', tag=4349493249), Unit(name='SCV', tag=4386717697), Unit(name='SCV', tag=4368891905), Unit(name='SCV', tag=4354473986)] for zone 1 to safety
08:28 11388  110ms    25M  989G  96/110U INFO terranbot.builds.plans.acts.zone_defense:1062 Pulling worker [Unit(name='SCV', tag=4365484033), Unit(name='SCV', tag=4350803969), Unit(name='SCV', tag=4348706817), Unit(name='SCV', tag=4349231105), Unit(name='SCV', tag=4380426241), Unit(name='SCV', tag=4389339137), Unit(name='SCV', tag=4356308993), Unit(name='SCV', tag=4375707649), Unit(name='SCV', tag=4354211841), Unit(name='SCV', tag=4383571969)] for zone 1 to safety
08:28 11392  133ms    25M  989G  96/110U INFO terranbot.activity.location_modifiers:130 unit_to_place_beside: Unit(name='Barracks', tag=4363649026) - unit_to_place_beside.type_id=UnitTypeId.BARRACKS - position=(41.5, 63.5)
08:28 11392  133ms    25M  989G  96/110U INFO terranbot.builds.plans.acts.zone_defense:1062 Pulling worker [Unit(name='SCV', tag=4372037633), Unit(name='SCV', tag=4350541825), Unit(name='SCV', tag=4352901121), Unit(name='SCV', tag=4355260417), Unit(name='SCV', tag=4352114689), Unit(name='SCV', tag=4348444673), Unit(name='SCV', tag=4374396929), Unit(name='SCV', tag=4357881857), Unit(name='SCV', tag=4368367617), Unit(name='SCV', tag=4387766273)] for zone 1 to safety
08:28 11396  132ms    25M  989G  96/110U INFO terranbot.builds.plans.acts.zone_defense:1062 Pulling worker [Unit(name='SCV', tag=4391960577), Unit(name='SCV', tag=4354736129), Unit(name='SCV', tag=4378329089), Unit(name='SCV', tag=4367319041), Unit(name='SCV', tag=4370989057), Unit(name='SCV', tag=4379377665), Unit(name='SCV', tag=4354473986), Unit(name='SCV', tag=4368891905), Unit(name='SCV', tag=4386717697)] for zone 1 to safety
08:28 11400  116ms    25M  989G  96/110U INFO terranbot.builds.plans.acts.zone_defense:1062 Pulling worker [Unit(name='SCV', tag=4365484033), Unit(name='SCV', tag=4350803969), Unit(name='SCV', tag=4380426241), Unit(name='SCV', tag=4348706817), Unit(name='SCV', tag=4348968961), Unit(name='SCV', tag=4383571969), Unit(name='SCV', tag=4354211841), Unit(name='SCV', tag=4389339137)] for zone 1 to safety
08:29 11404  127ms    30M  989G  96/110U INFO terranbot.builds.plans.acts.zone_defense:1062 Pulling worker [Unit(name='SCV', tag=4350541825), Unit(name='SCV', tag=4372037633), Unit(name='SCV', tag=4349231105), Unit(name='SCV', tag=4355260417), Unit(name='SCV', tag=4375707649), Unit(name='SCV', tag=4349493249), Unit(name='SCV', tag=4356308993), Unit(name='SCV', tag=4374396929), Unit(name='SCV', tag=4352114689), Unit(name='SCV', tag=4357881857), Unit(name='SCV', tag=4368367617), Unit(name='SCV', tag=4387766273)] for zone 1 to safety
08:29 11408  134ms    30M  989G  96/110U INFO terranbot.builds.plans.acts.zone_defense:1062 Pulling worker [Unit(name='SCV', tag=4378329089), Unit(name='SCV', tag=4379377665), Unit(name='SCV', tag=4386717697), Unit(name='SCV', tag=4354736129), Unit(name='SCV', tag=4370989057), Unit(name='SCV', tag=4352901121), Unit(name='SCV', tag=4368891905), Unit(name='SCV', tag=4348444673)] for zone 1 to safety
08:29 11412  128ms    30M  997G  96/110U INFO terranbot.builds.plans.acts.zone_defense:1062 Pulling worker [Unit(name='SCV', tag=4365484033), Unit(name='SCV', tag=4380426241), Unit(name='SCV', tag=4348706817), Unit(name='SCV', tag=4389339137), Unit(name='SCV', tag=4354473986), Unit(name='SCV', tag=4391960577), Unit(name='SCV', tag=4385406977), Unit(name='SCV', tag=4350803969), Unit(name='SCV', tag=4354211841), Unit(name='SCV', tag=4383571969)] for zone 1 to safety
08:29 11416  112ms    30M  997G  96/110U INFO terranbot.builds.plans.acts.zone_defense:1062 Pulling worker [Unit(name='SCV', tag=4372037633), Unit(name='SCV', tag=4350541825), Unit(name='SCV', tag=4357881857), Unit(name='SCV', tag=4349231105), Unit(name='SCV', tag=4355260417), Unit(name='SCV', tag=4349493249), Unit(name='SCV', tag=4368367617), Unit(name='SCV', tag=4352114689), Unit(name='SCV', tag=4374396929), Unit(name='SCV', tag=4387766273)] for zone 1 to safety
08:29 11420  115ms    40M  997G  96/110U INFO terranbot.builds.plans.acts.zone_defense:1062 Pulling worker [Unit(name='SCV', tag=4386717697), Unit(name='SCV', tag=4375707649), Unit(name='SCV', tag=4370989057), Unit(name='SCV', tag=4378329089), Unit(name='SCV', tag=4367319041), Unit(name='SCV', tag=4379377665), Unit(name='SCV', tag=4368891905), Unit(name='SCV', tag=4352901121)] for zone 1 to safety
08:30 11424  115ms    40M  997G  96/110U INFO terranbot.builds.plans.acts.zone_defense:1062 Pulling worker [Unit(name='SCV', tag=4348706817), Unit(name='SCV', tag=4356308993), Unit(name='SCV', tag=4380426241), Unit(name='SCV', tag=4348444673), Unit(name='SCV', tag=4354736129), Unit(name='SCV', tag=4391960577), Unit(name='SCV', tag=4348968961), Unit(name='SCV', tag=4354211841), Unit(name='SCV', tag=4365484033), Unit(name='SCV', tag=4383571969)] for zone 1 to safety
08:30 11428  137ms    40M  997G  96/110U INFO terranbot.builds.plans.acts.zone_defense:1062 Pulling worker [Unit(name='SCV', tag=4350541825), Unit(name='SCV', tag=4368367617), Unit(name='SCV', tag=4372037633), Unit(name='SCV', tag=4357881857), Unit(name='SCV', tag=4355260417), Unit(name='SCV', tag=4349231105), Unit(name='SCV', tag=4374396929), Unit(name='SCV', tag=4354473986), Unit(name='SCV', tag=4350803969), Unit(name='SCV', tag=4352114689), Unit(name='SCV', tag=4389339137)] for zone 1 to safety
08:30 11432  126ms    40M  997G  96/110U INFO terranbot.builds.plans.acts.zone_defense:1062 Pulling worker [Unit(name='SCV', tag=4378329089), Unit(name='SCV', tag=4375707649), Unit(name='SCV', tag=4386717697), Unit(name='SCV', tag=4387766273), Unit(name='SCV', tag=4349493249), Unit(name='SCV', tag=4367319041), Unit(name='SCV', tag=4385406977), Unit(name='SCV', tag=4379377665), Unit(name='SCV', tag=4368891905), Unit(name='SCV', tag=4352901121)] for zone 1 to safety
08:30 11436  120ms    40M  997G  96/110U INFO terranbot.builds.plans.acts.zone_defense:1062 Pulling worker [Unit(name='SCV', tag=4348706817), Unit(name='SCV', tag=4348968961), Unit(name='SCV', tag=4356308993), Unit(name='SCV', tag=4380426241), Unit(name='SCV', tag=4370989057), Unit(name='SCV', tag=4348444673), Unit(name='SCV', tag=4354211841), Unit(name='SCV', tag=4383571969), Unit(name='SCV', tag=4365484033)] for zone 1 to safety
08:30 11440  110ms    40M  997G  96/110U INFO terranbot.builds.plans.acts.zone_defense:1062 Pulling worker [Unit(name='SCV', tag=4372037633), Unit(name='SCV', tag=4350541825), Unit(name='SCV', tag=4368367617), Unit(name='SCV', tag=4357881857), Unit(name='SCV', tag=4391960577), Unit(name='SCV', tag=4354736129), Unit(name='SCV', tag=4354473986), Unit(name='SCV', tag=4350803969), Unit(name='SCV', tag=4352114689), Unit(name='SCV', tag=4374396929)] for zone 1 to safety
08:30 11444  161ms    50M  997G  96/110U INFO terranbot.builds.plans.acts.zone_defense:1062 Pulling worker [Unit(name='SCV', tag=4355260417), Unit(name='SCV', tag=4375707649), Unit(name='SCV', tag=4386717697), Unit(name='SCV', tag=4387766273), Unit(name='SCV', tag=4378329089), Unit(name='SCV', tag=4385406977), Unit(name='SCV', tag=4352901121), Unit(name='SCV', tag=4368891905), Unit(name='SCV', tag=4389339137), Unit(name='SCV', tag=4379377665)] for zone 1 to safety
08:31 11448  122ms    50M  997G  96/110U INFO terranbot.builds.plans.acts.zone_defense:1062 Pulling worker [Unit(name='SCV', tag=4354211841), Unit(name='SCV', tag=4348706817), Unit(name='SCV', tag=4348968961), Unit(name='SCV', tag=4356308993), Unit(name='SCV', tag=4380426241), Unit(name='SCV', tag=4370989057), Unit(name='SCV', tag=4383571969), Unit(name='SCV', tag=4365484033)] for zone 1 to safety
08:31 11452  126ms    50M  997G  96/110U INFO terranbot.builds.plans.acts.zone_defense:1062 Pulling worker [Unit(name='SCV', tag=4368367617), Unit(name='SCV', tag=4372037633), Unit(name='SCV', tag=4350541825), Unit(name='SCV', tag=4357881857), Unit(name='SCV', tag=4354473986), Unit(name='SCV', tag=4349231105), Unit(name='SCV', tag=4391960577), Unit(name='SCV', tag=4348444673), Unit(name='SCV', tag=4354736129), Unit(name='SCV', tag=4367319041), Unit(name='SCV', tag=4352114689), Unit(name='SCV', tag=4374396929)] for zone 1 to safety
08:31 11456  144ms    50M  997G  96/110U INFO terranbot.builds.plans.acts.zone_defense:1062 Pulling worker [Unit(name='SCV', tag=4386717697), Unit(name='SCV', tag=4355260417), Unit(name='SCV', tag=4375707649), Unit(name='SCV', tag=4389339137), Unit(name='SCV', tag=4349493249), Unit(name='SCV', tag=4347920385), Unit(name='SCV', tag=4350803969), Unit(name='SCV', tag=4368891905)] for zone 1 to safety
08:31 11460  129ms    50M  997G  96/110U INFO terranbot.builds.plans.acts.zone_defense:1062 Pulling worker [Unit(name='SCV', tag=4348706817), Unit(name='SCV', tag=4354211841), Unit(name='SCV', tag=4356308993), Unit(name='SCV', tag=4379377665), Unit(name='SCV', tag=4348968961), Unit(name='SCV', tag=4378329089), Unit(name='SCV', tag=4370989057), Unit(name='SCV', tag=4380426241), Unit(name='SCV', tag=4365484033), Unit(name='SCV', tag=4383571969)] for zone 1 to safety
08:31 11464  132ms    50M 1001G  96/110U INFO terranbot.builds.plans.acts.zone_defense:1062 Pulling worker [Unit(name='SCV', tag=4368367617), Unit(name='SCV', tag=4372037633), Unit(name='SCV', tag=4391960577), Unit(name='SCV', tag=4354473986), Unit(name='SCV', tag=4349231105), Unit(name='SCV', tag=4357881857), Unit(name='SCV', tag=4367319041), Unit(name='SCV', tag=4350541825), Unit(name='SCV', tag=4352114689), Unit(name='SCV', tag=4374396929)] for zone 1 to safety
08:31 11468  109ms    50M 1001G  96/110U INFO terranbot.builds.plans.acts.zone_defense:1062 Pulling worker [Unit(name='SCV', tag=4386717697), Unit(name='SCV', tag=4348444673), Unit(name='SCV', tag=4368891905), Unit(name='SCV', tag=4350803969)] for zone 1 to safety
08:32 11472   87ms    50M 1001G  96/110U INFO terranbot.builds.plans.acts.zone_defense:1062 Pulling worker [Unit(name='SCV', tag=4383571969), Unit(name='SCV', tag=4348706817), Unit(name='SCV', tag=4354211841), Unit(name='SCV', tag=4352901121), Unit(name='SCV', tag=4379377665), Unit(name='SCV', tag=4356308993), Unit(name='SCV', tag=4354736129), Unit(name='SCV', tag=4355260417), Unit(name='SCV', tag=4385406977), Unit(name='SCV', tag=4380426241), Unit(name='SCV', tag=4365484033), Unit(name='SCV', tag=4389339137)] for zone 1 to safety
08:32 11476  139ms    50M 1001G  96/110U INFO terranbot.builds.plans.acts.zone_defense:1062 Pulling worker [Unit(name='SCV', tag=4368367617), Unit(name='SCV', tag=4357881857), Unit(name='SCV', tag=4391960577), Unit(name='SCV', tag=4354473986), Unit(name='SCV', tag=4378329089), Unit(name='SCV', tag=4372037633), Unit(name='SCV', tag=4350541825), Unit(name='SCV', tag=4352114689)] for zone 1 to safety
08:32 11480  116ms    50M 1001G  96/110U INFO terranbot.builds.plans.acts.zone_defense:1062 Pulling worker [Unit(name='SCV', tag=4368891905), Unit(name='SCV', tag=4386717697), Unit(name='SCV', tag=4370989057), Unit(name='SCV', tag=4375707649), Unit(name='SCV', tag=4348968961), Unit(name='SCV', tag=4349231105), Unit(name='SCV', tag=4349493249), Unit(name='SCV', tag=4347920385), Unit(name='SCV', tag=4374396929), Unit(name='SCV', tag=4350803969)] for zone 1 to safety
08:32 11484  123ms    50M 1001G  96/110U INFO terranbot.builds.plans.acts.zone_defense:1062 Pulling worker [Unit(name='SCV', tag=4348706817), Unit(name='SCV', tag=4383571969), Unit(name='SCV', tag=4356308993), Unit(name='SCV', tag=4379377665), Unit(name='SCV', tag=4348444673), Unit(name='SCV', tag=4352901121), Unit(name='SCV', tag=4354736129), Unit(name='SCV', tag=4367319041), Unit(name='SCV', tag=4380426241), Unit(name='SCV', tag=4354211841), Unit(name='SCV', tag=4389339137)] for zone 1 to safety
08:32 11488  126ms    50M 1001G  96/110U INFO terranbot.builds.plans.acts.zone_defense:1062 Pulling worker [Unit(name='SCV', tag=4372037633), Unit(name='SCV', tag=4368367617), Unit(name='SCV', tag=4357881857), Unit(name='SCV', tag=4391960577), Unit(name='SCV', tag=4365484033), Unit(name='SCV', tag=4355260417), Unit(name='SCV', tag=4352114689), Unit(name='SCV', tag=4350541825), Unit(name='SCV', tag=4354473986)] for zone 1 to safety
08:33 11492  140ms    75M 1001G  96/110U INFO terranbot.builds.plans.acts.zone_defense:1062 Pulling worker [Unit(name='SCV', tag=4368891905), Unit(name='SCV', tag=4386717697), Unit(name='SCV', tag=4370989057), Unit(name='SCV', tag=4349493249), Unit(name='SCV', tag=4374396929), Unit(name='SCV', tag=4385406977), Unit(name='SCV', tag=4347920385), Unit(name='SCV', tag=4350803969)] for zone 1 to safety
08:33 11496  125ms    75M 1001G  96/110U INFO terranbot.builds.plans.acts.zone_defense:1062 Pulling worker [Unit(name='SCV', tag=4383571969), Unit(name='SCV', tag=4379377665), Unit(name='SCV', tag=4348706817), Unit(name='SCV', tag=4356308993), Unit(name='SCV', tag=4348444673), Unit(name='SCV', tag=4348968961), Unit(name='SCV', tag=4367319041), Unit(name='SCV', tag=4349231105), Unit(name='SCV', tag=4354211841), Unit(name='SCV', tag=4354736129)] for zone 1 to safety
08:33 11500  111ms    75M 1005G  96/110U INFO terranbot.builds.plans.acts.zone_defense:1062 Pulling worker [Unit(name='SCV', tag=4368367617), Unit(name='SCV', tag=4372037633), Unit(name='SCV', tag=4355260417), Unit(name='SCV', tag=4352114689), Unit(name='SCV', tag=4391960577), Unit(name='SCV', tag=4357881857), Unit(name='SCV', tag=4380426241), Unit(name='SCV', tag=4389339137), Unit(name='SCV', tag=4378329089), Unit(name='SCV', tag=4354473986), Unit(name='SCV', tag=4350541825), Unit(name='SCV', tag=4365484033)] for zone 1 to safety
08:33 11504  126ms    75M 1005G  96/110U INFO terranbot.activity.location_modifiers:130 unit_to_place_beside: Unit(name='Barracks', tag=4352638977) - unit_to_place_beside.type_id=UnitTypeId.BARRACKS - position=(41.5, 63.5)
08:33 11504  126ms    75M 1005G  96/110U INFO terranbot.builds.plans.acts.zone_defense:1062 Pulling worker [Unit(name='SCV', tag=4386717697), Unit(name='SCV', tag=4368891905), Unit(name='SCV', tag=4370989057), Unit(name='SCV', tag=4375707649), Unit(name='SCV', tag=4374396929), Unit(name='SCV', tag=4352901121), Unit(name='SCV', tag=4350803969), Unit(name='SCV', tag=4385406977)] for zone 1 to safety
08:33 11508  136ms    75M 1009G  96/110U INFO terranbot.builds.plans.acts.zone_defense:1062 Pulling worker [Unit(name='SCV', tag=4383571969), Unit(name='SCV', tag=4348706817), Unit(name='SCV', tag=4379377665), Unit(name='SCV', tag=4356308993), Unit(name='SCV', tag=4349231105), Unit(name='SCV', tag=4348444673), Unit(name='SCV', tag=4367319041), Unit(name='SCV', tag=4354211841)] for zone 1 to safety
08:33 11512  128ms    75M 1009G  96/110U INFO terranbot.builds.plans.acts.zone_defense:1062 Pulling worker [Unit(name='SCV', tag=4368367617), Unit(name='SCV', tag=4372037633), Unit(name='SCV', tag=4355260417), Unit(name='SCV', tag=4354473986), Unit(name='SCV', tag=4352114689), Unit(name='SCV', tag=4391960577), Unit(name='SCV', tag=4349493249), Unit(name='SCV', tag=4389339137), Unit(name='SCV', tag=4380426241), Unit(name='SCV', tag=4350541825), Unit(name='SCV', tag=4365484033)] for zone 1 to safety
08:34 11516  139ms    75M 1009G  96/110U INFO terranbot.activity.location_modifiers:130 unit_to_place_beside: Unit(name='Starport', tag=4363124737) - unit_to_place_beside.type_id=UnitTypeId.STARPORT - position=(41.5, 63.5)
08:34 11516  139ms    75M 1009G  96/110U INFO terranbot.builds.plans.acts.zone_defense:1062 Pulling worker [Unit(name='SCV', tag=4386717697), Unit(name='SCV', tag=4348968961), Unit(name='SCV', tag=4370989057), Unit(name='SCV', tag=4374396929), Unit(name='SCV', tag=4387766273), Unit(name='SCV', tag=4378329089), Unit(name='SCV', tag=4354736129), Unit(name='SCV', tag=4385406977), Unit(name='SCV', tag=4368891905), Unit(name='SCV', tag=4350803969)] for zone 1 to safety
08:34 11520  131ms    75M 1009G  96/110U INFO terranbot.builds.plans.acts.zone_defense:1062 Pulling worker [Unit(name='SCV', tag=4379377665), Unit(name='SCV', tag=4383571969), Unit(name='SCV', tag=4348706817), Unit(name='SCV', tag=4356308993), Unit(name='SCV', tag=4354211841), Unit(name='SCV', tag=4348444673), Unit(name='SCV', tag=4352901121), Unit(name='SCV', tag=4349231105), Unit(name='SCV', tag=4357881857)] for zone 1 to safety
08:34 11524  156ms    75M 1009G  96/110U INFO terranbot.builds.plans.acts.zone_defense:1062 Pulling worker [Unit(name='SCV', tag=4391960577), Unit(name='SCV', tag=4372037633), Unit(name='SCV', tag=4354473986), Unit(name='SCV', tag=4368367617), Unit(name='SCV', tag=4350541825), Unit(name='SCV', tag=4352114689), Unit(name='SCV', tag=4375707649), Unit(name='SCV', tag=4349493249), Unit(name='SCV', tag=4365484033), Unit(name='SCV', tag=4367319041), Unit(name='SCV', tag=4355260417), Unit(name='SCV', tag=4380426241)] for zone 1 to safety
08:34 11528  118ms    75M 1009G  96/110U INFO terranbot.builds.plans.acts.zone_defense:1062 Pulling worker [Unit(name='SCV', tag=4386717697), Unit(name='SCV', tag=4370989057), Unit(name='SCV', tag=4350803969), Unit(name='SCV', tag=4354736129), Unit(name='SCV', tag=4389339137), Unit(name='SCV', tag=4348968961), Unit(name='SCV', tag=4385406977), Unit(name='SCV', tag=4368891905)] for zone 1 to safety
08:34 11532   95ms    80M 1009G  96/110U INFO terranbot.builds.plans.acts.zone_defense:1062 Pulling worker [Unit(name='SCV', tag=4383571969), Unit(name='SCV', tag=4348706817), Unit(name='SCV', tag=4379377665), Unit(name='SCV', tag=4348444673), Unit(name='SCV', tag=4352901121), Unit(name='SCV', tag=4354211841), Unit(name='SCV', tag=4356308993), Unit(name='SCV', tag=4378329089)] for zone 1 to safety
08:35 11536  131ms    80M 1009G  96/110U INFO terranbot.builds.plans.acts.zone_defense:1062 Pulling worker [Unit(name='SCV', tag=4350541825), Unit(name='SCV', tag=4354473986), Unit(name='SCV', tag=4368367617), Unit(name='SCV', tag=4372037633), Unit(name='SCV', tag=4391960577), Unit(name='SCV', tag=4352114689), Unit(name='SCV', tag=4367319041), Unit(name='SCV', tag=4374396929), Unit(name='SCV', tag=4355260417), Unit(name='SCV', tag=4380426241)] for zone 1 to safety
08:35 11540  124ms    85M 1009G  96/110U INFO terranbot.builds.plans.acts.zone_defense:1062 Pulling worker [Unit(name='SCV', tag=4385406977), Unit(name='SCV', tag=4387766273), Unit(name='SCV', tag=4349493249), Unit(name='SCV', tag=4370989057), Unit(name='SCV', tag=4389339137), Unit(name='SCV', tag=4354736129), Unit(name='SCV', tag=4365484033), Unit(name='SCV', tag=4375707649), Unit(name='SCV', tag=4357881857), Unit(name='SCV', tag=4386717697), Unit(name='SCV', tag=4368891905)] for zone 1 to safety
08:35 11544  137ms    85M 1009G  96/110U INFO terranbot.builds.plans.acts.zone_defense:1062 Pulling worker [Unit(name='SCV', tag=4383571969), Unit(name='SCV', tag=4348706817), Unit(name='SCV', tag=4379377665), Unit(name='SCV', tag=4348444673), Unit(name='SCV', tag=4348968961), Unit(name='SCV', tag=4352901121), Unit(name='SCV', tag=4354211841), Unit(name='SCV', tag=4378329089)] for zone 1 to safety
08:35 11548  123ms    85M 1013G  96/110U INFO terranbot.builds.plans.acts.zone_defense:1062 Pulling worker [Unit(name='SCV', tag=4354473986), Unit(name='SCV', tag=4350541825), Unit(name='SCV', tag=4372037633), Unit(name='SCV', tag=4391960577), Unit(name='SCV', tag=4368367617), Unit(name='SCV', tag=4352114689), Unit(name='SCV', tag=4380426241), Unit(name='SCV', tag=4355260417)] for zone 1 to safety
08:35 11552  125ms    85M 1013G  96/110U INFO sharpy.managers.core.log_manager:80 [GameAnalyzer] Predicted army advantage is now SlightDisadvantage
08:35 11552  125ms    85M 1013G  96/110U INFO terranbot.builds.plans.acts.zone_defense:1062 Pulling worker [Unit(name='SCV', tag=4349493249), Unit(name='SCV', tag=4367319041), Unit(name='SCV', tag=4370989057), Unit(name='SCV', tag=4387766273), Unit(name='SCV', tag=4350803969), Unit(name='SCV', tag=4374396929), Unit(name='SCV', tag=4357881857), Unit(name='SCV', tag=4385406977), Unit(name='SCV', tag=4386717697), Unit(name='SCV', tag=4368891905)] for zone 1 to safety
08:35 11556  166ms    35M 1013G  96/110U INFO terranbot.builds.plans.acts.zone_defense:1062 Pulling worker [Unit(name='SCV', tag=4348706817), Unit(name='SCV', tag=4348444673), Unit(name='SCV', tag=4378329089), Unit(name='SCV', tag=4356308993), Unit(name='SCV', tag=4383571969), Unit(name='SCV', tag=4379377665), Unit(name='SCV', tag=4389339137)] for zone 1 to safety
08:36 11560  123ms    35M 1013G  97/110U INFO terranbot.activity.location_modifiers:130 unit_to_place_beside: Unit(name='Barracks', tag=4378066945) - unit_to_place_beside.type_id=UnitTypeId.BARRACKS - position=(41.5, 63.5)
08:36 11560  123ms    35M 1013G  97/110U INFO terranbot.builds.plans.acts.zone_defense:1062 Pulling worker [Unit(name='SCV', tag=4372037633), Unit(name='SCV', tag=4368367617), Unit(name='SCV', tag=4355260417), Unit(name='SCV', tag=4354473986), Unit(name='SCV', tag=4391960577), Unit(name='SCV', tag=4350541825), Unit(name='SCV', tag=4352114689), Unit(name='SCV', tag=4354736129), Unit(name='SCV', tag=4380426241)] for zone 1 to safety
08:36 11564  138ms    35M 1013G  97/110U INFO terranbot.builds.plans.acts.zone_defense:1062 Pulling worker [Unit(name='SCV', tag=4368891905), Unit(name='SCV', tag=4385406977), Unit(name='SCV', tag=4370989057), Unit(name='SCV', tag=4367319041), Unit(name='SCV', tag=4365484033), Unit(name='SCV', tag=4352901121), Unit(name='SCV', tag=4386717697), Unit(name='SCV', tag=4354211841)] for zone 1 to safety
08:36 11568  105ms    35M 1013G  97/110U INFO terranbot.builds.plans.acts.zone_defense:1062 Pulling worker [Unit(name='SCV', tag=4348706817), Unit(name='SCV', tag=4348444673), Unit(name='SCV', tag=4379377665), Unit(name='SCV', tag=4349493249), Unit(name='SCV', tag=4389339137), Unit(name='SCV', tag=4374396929), Unit(name='SCV', tag=4356308993), Unit(name='SCV', tag=4383571969)] for zone 1 to safety
08:36 11572  219ms    35M 1013G  97/110U INFO terranbot.builds.plans.acts.zone_defense:1062 Pulling worker [Unit(name='SCV', tag=4368367617), Unit(name='SCV', tag=4355260417), Unit(name='SCV', tag=4372037633), Unit(name='SCV', tag=4354473986), Unit(name='SCV', tag=4350541825), Unit(name='SCV', tag=4387766273), Unit(name='SCV', tag=4352114689), Unit(name='SCV', tag=4391960577), Unit(name='SCV', tag=4380426241), Unit(name='SCV', tag=4357881857), Unit(name='SCV', tag=4378329089), Unit(name='SCV', tag=4350803969), Unit(name='SCV', tag=4348968961)] for zone 1 to safety
08:36 11576  130ms    35M 1013G  97/110U INFO terranbot.builds.plans.acts.zone_defense:1062 Pulling worker [Unit(name='SCV', tag=4368891905), Unit(name='SCV', tag=4385406977), Unit(name='SCV', tag=4370989057), Unit(name='SCV', tag=4367319041), Unit(name='SCV', tag=4386717697), Unit(name='SCV', tag=4354211841)] for zone 1 to safety
08:36 11580  113ms    35M 1013G  97/110U INFO terranbot.builds.plans.acts.zone_defense:1062 Pulling worker [Unit(name='SCV', tag=4383571969), Unit(name='SCV', tag=4352901121), Unit(name='SCV', tag=4354736129), Unit(name='SCV', tag=4374396929), Unit(name='SCV', tag=4356308993), Unit(name='SCV', tag=4375707649), Unit(name='SCV', tag=4349493249), Unit(name='SCV', tag=4365484033), Unit(name='SCV', tag=4348444673), Unit(name='SCV', tag=4379377665), Unit(name='SCV', tag=4348706817)] for zone 1 to safety
08:37 11584  123ms    35M 1013G  97/110U INFO terranbot.builds.plans.acts.zone_defense:1062 Pulling worker [Unit(name='SCV', tag=4355260417), Unit(name='SCV', tag=4350541825), Unit(name='SCV', tag=4368367617), Unit(name='SCV', tag=4354473986), Unit(name='SCV', tag=4352114689), Unit(name='SCV', tag=4391960577), Unit(name='SCV', tag=4378329089), Unit(name='SCV', tag=4387766273), Unit(name='SCV', tag=4389339137), Unit(name='SCV', tag=4350803969), Unit(name='SCV', tag=4372037633), Unit(name='SCV', tag=4348968961)] for zone 1 to safety
08:37 11588  134ms    35M 1017G  97/110U INFO terranbot.builds.plans.acts.zone_defense:1062 Pulling worker [Unit(name='SCV', tag=4368891905), Unit(name='SCV', tag=4386717697), Unit(name='SCV', tag=4385406977), Unit(name='SCV', tag=4357881857), Unit(name='SCV', tag=4354211841)] for zone 1 to safety
08:37 11592  106ms    35M 1017G  97/110U INFO terranbot.builds.plans.acts.zone_defense:1062 Pulling worker [Unit(name='SCV', tag=4379377665), Unit(name='SCV', tag=4383571969), Unit(name='SCV', tag=4352901121), Unit(name='SCV', tag=4354736129), Unit(name='SCV', tag=4349493249), Unit(name='SCV', tag=4356308993), Unit(name='SCV', tag=4367319041), Unit(name='SCV', tag=4380426241), Unit(name='SCV', tag=4348706817)] for zone 1 to safety
08:37 11596  126ms    35M 1017G  97/110U INFO terranbot.builds.plans.acts.zone_defense:1062 Pulling worker [Unit(name='SCV', tag=4354473986), Unit(name='SCV', tag=4355260417), Unit(name='SCV', tag=4350541825), Unit(name='SCV', tag=4391960577), Unit(name='SCV', tag=4352114689), Unit(name='SCV', tag=4378329089), Unit(name='SCV', tag=4387766273), Unit(name='SCV', tag=4348444673), Unit(name='SCV', tag=4370989057), Unit(name='SCV', tag=4372037633), Unit(name='SCV', tag=4368367617), Unit(name='SCV', tag=4348968961)] for zone 1 to safety
08:37 11600  118ms    35M 1017G  97/110U INFO terranbot.builds.plans.acts.zone_defense:1062 Pulling worker [Unit(name='SCV', tag=4386717697), Unit(name='SCV', tag=4368891905), Unit(name='SCV', tag=4385406977), Unit(name='SCV', tag=4374396929), Unit(name='SCV', tag=4350803969), Unit(name='SCV', tag=4389339137), Unit(name='SCV', tag=4375707649), Unit(name='SCV', tag=4354211841)] for zone 1 to safety
08:38 11604  134ms    35M 1021G  97/110U INFO terranbot.builds.plans.acts.zone_defense:1062 Pulling worker [Unit(name='SCV', tag=4383571969), Unit(name='SCV', tag=4379377665), Unit(name='SCV', tag=4352901121), Unit(name='SCV', tag=4357881857), Unit(name='SCV', tag=4348706817)] for zone 1 to safety
08:38 11608  114ms    35M 1021G  97/110U INFO terranbot.builds.plans.acts.zone_defense:1062 Pulling worker [Unit(name='SCV', tag=4354473986), Unit(name='SCV', tag=4391960577), Unit(name='SCV', tag=4350541825), Unit(name='SCV', tag=4355260417), Unit(name='SCV', tag=4352114689), Unit(name='SCV', tag=4367319041), Unit(name='SCV', tag=4354736129), Unit(name='SCV', tag=4348968961), Unit(name='SCV', tag=4378329089), Unit(name='SCV', tag=4380426241), Unit(name='SCV', tag=4368367617), Unit(name='SCV', tag=4372037633), Unit(name='SCV', tag=4370989057)] for zone 1 to safety
08:38 11612  143ms    35M 1021G  97/110U INFO terranbot.builds.plans.acts.zone_defense:1062 Pulling worker [Unit(name='SCV', tag=4386717697), Unit(name='SCV', tag=4368891905), Unit(name='SCV', tag=4385406977), Unit(name='SCV', tag=4374396929), Unit(name='SCV', tag=4375707649), Unit(name='SCV', tag=4387766273), Unit(name='SCV', tag=4350803969), Unit(name='SCV', tag=4356308993), Unit(name='SCV', tag=4348444673), Unit(name='SCV', tag=4354211841)] for zone 1 to safety
08:38 11616  141ms    40M 1021G  97/110U INFO terranbot.builds.plans.acts.zone_defense:1062 Pulling worker [Unit(name='SCV', tag=4383571969), Unit(name='SCV', tag=4379377665), Unit(name='SCV', tag=4352901121), Unit(name='SCV', tag=4365484033), Unit(name='SCV', tag=4349493249), Unit(name='SCV', tag=4389339137), Unit(name='SCV', tag=4357881857), Unit(name='SCV', tag=4348706817)] for zone 1 to safety
08:38 11620  138ms    40M 1021G  97/110U INFO terranbot.builds.plans.acts.zone_defense:1062 Pulling worker [Unit(name='SCV', tag=4354473986), Unit(name='SCV', tag=4350541825), Unit(name='SCV', tag=4391960577), Unit(name='SCV', tag=4367319041), Unit(name='SCV', tag=4352114689), Unit(name='SCV', tag=4380426241), Unit(name='SCV', tag=4370989057), Unit(name='SCV', tag=4378329089), Unit(name='SCV', tag=4368367617), Unit(name='SCV', tag=4372037633), Unit(name='SCV', tag=4355260417)] for zone 1 to safety
08:38 11624  132ms    45M 1021G  97/110U INFO terranbot.builds.plans.acts.zone_defense:1062 Pulling worker [Unit(name='SCV', tag=4386717697), Unit(name='SCV', tag=4368891905), Unit(name='SCV', tag=4385406977), Unit(name='SCV', tag=4387766273), Unit(name='SCV', tag=4348968961), Unit(name='SCV', tag=4356308993), Unit(name='SCV', tag=4374396929), Unit(name='SCV', tag=4348444673), Unit(name='SCV', tag=4350803969), Unit(name='SCV', tag=4354211841)] for zone 1 to safety
08:39 11628  120ms    45M 1021G  97/110U INFO terranbot.builds.plans.acts.zone_defense:1062 Pulling worker [Unit(name='SCV', tag=4379377665), Unit(name='SCV', tag=4354736129), Unit(name='SCV', tag=4389339137), Unit(name='SCV', tag=4349493249), Unit(name='SCV', tag=4348706817), Unit(name='SCV', tag=4357881857), Unit(name='SCV', tag=4383571969)] for zone 1 to safety
08:39 11632  117ms    45M 1021G  97/110U INFO terranbot.builds.plans.acts.zone_defense:1062 Pulling worker [Unit(name='SCV', tag=4354473986), Unit(name='SCV', tag=4391960577), Unit(name='SCV', tag=4350541825), Unit(name='SCV', tag=4367319041), Unit(name='SCV', tag=4352114689), Unit(name='SCV', tag=4352901121), Unit(name='SCV', tag=4355260417), Unit(name='SCV', tag=4368367617), Unit(name='SCV', tag=4372037633), Unit(name='SCV', tag=4375707649)] for zone 1 to safety
08:39 11636  134ms    50M 1025G  97/110U INFO terranbot.builds.plans.acts.zone_defense:1062 Pulling worker [Unit(name='SCV', tag=4368891905), Unit(name='SCV', tag=4385406977), Unit(name='SCV', tag=4348444673), Unit(name='SCV', tag=4349231105), Unit(name='SCV', tag=4370989057), Unit(name='SCV', tag=4348968961), Unit(name='SCV', tag=4350803969), Unit(name='SCV', tag=4378329089), Unit(name='SCV', tag=4386717697), Unit(name='SCV', tag=4354211841)] for zone 1 to safety
08:39 11640  135ms    75M 1025G  97/110U INFO terranbot.builds.plans.acts.zone_defense:1062 Pulling worker [Unit(name='SCV', tag=4354736129), Unit(name='SCV', tag=4379377665), Unit(name='SCV', tag=4387766273), Unit(name='SCV', tag=4357881857), Unit(name='SCV', tag=4365484033), Unit(name='SCV', tag=4380426241), Unit(name='SCV', tag=4383571969), Unit(name='SCV', tag=4389339137)] for zone 1 to safety
08:39 11644  114ms    75M 1025G  97/110U INFO terranbot.builds.plans.acts.zone_defense:1062 Pulling worker [Unit(name='SCV', tag=4354473986), Unit(name='SCV', tag=4391960577), Unit(name='SCV', tag=4367319041), Unit(name='SCV', tag=4352114689), Unit(name='SCV', tag=4350541825), Unit(name='SCV', tag=4356308993), Unit(name='SCV', tag=4349493249), Unit(name='SCV', tag=4355260417), Unit(name='SCV', tag=4372037633), Unit(name='SCV', tag=4368367617), Unit(name='SCV', tag=4375707649)] for zone 1 to safety
08:40 11648  127ms    75M 1025G  97/110U INFO terranbot.builds.plans.acts.zone_defense:1062 Pulling worker [Unit(name='SCV', tag=4368891905), Unit(name='SCV', tag=4348444673), Unit(name='SCV', tag=4348706817), Unit(name='SCV', tag=4370989057), Unit(name='SCV', tag=4374396929), Unit(name='SCV', tag=4385406977), Unit(name='SCV', tag=4386717697), Unit(name='SCV', tag=4378329089)] for zone 1 to safety
08:40 11652  127ms    75M 1025G  97/110U INFO terranbot.builds.plans.acts.zone_defense:1062 Pulling worker [Unit(name='SCV', tag=4354736129), Unit(name='SCV', tag=4379377665), Unit(name='SCV', tag=4380426241), Unit(name='SCV', tag=4383571969), Unit(name='SCV', tag=4354211841), Unit(name='SCV', tag=4389339137)] for zone 1 to safety
08:40 11656  121ms    75M 1025G  97/110U INFO terranbot.builds.plans.acts.zone_defense:1062 Pulling worker [Unit(name='SCV', tag=4368367617), Unit(name='SCV', tag=4391960577), Unit(name='SCV', tag=4354473986), Unit(name='SCV', tag=4352901121), Unit(name='SCV', tag=4352114689), Unit(name='SCV', tag=4367319041), Unit(name='SCV', tag=4350541825), Unit(name='SCV', tag=4357881857), Unit(name='SCV', tag=4348968961), Unit(name='SCV', tag=4375707649), Unit(name='SCV', tag=4355260417), Unit(name='SCV', tag=4372037633), Unit(name='SCV', tag=4350803969)] for zone 1 to safety
08:40 11660  139ms    75M 1025G  97/110U INFO terranbot.builds.plans.acts.zone_defense:1062 Pulling worker [Unit(name='SCV', tag=4368891905), Unit(name='SCV', tag=4348706817), Unit(name='SCV', tag=4348444673), Unit(name='SCV', tag=4356308993), Unit(name='SCV', tag=4349493249), Unit(name='SCV', tag=4378329089), Unit(name='SCV', tag=4370989057), Unit(name='SCV', tag=4365484033), Unit(name='SCV', tag=4349231105), Unit(name='SCV', tag=4386717697)] for zone 1 to safety
08:40 11664  111ms    75M 1025G  97/110U INFO terranbot.activity.location_modifiers:130 unit_to_place_beside: Unit(name='Barracks', tag=4352638977) - unit_to_place_beside.type_id=UnitTypeId.BARRACKS - position=(41.5, 63.5)
08:40 11664  111ms    25M 1025G  97/110U INFO terranbot.builds.plans.acts.zone_defense:1062 Pulling worker [Unit(name='SCV', tag=4354736129), Unit(name='SCV', tag=4387766273), Unit(name='SCV', tag=4374396929), Unit(name='SCV', tag=4385406977), Unit(name='SCV', tag=4383571969), Unit(name='SCV', tag=4389339137), Unit(name='SCV', tag=4354211841)] for zone 1 to safety
08:40 11668  154ms    75M 1025G  97/110U INFO terranbot.builds.plans.acts.zone_defense:1062 Pulling worker [Unit(name='SCV', tag=4354473986), Unit(name='SCV', tag=4368367617), Unit(name='SCV', tag=4352114689), Unit(name='SCV', tag=4350541825), Unit(name='SCV', tag=4367319041), Unit(name='SCV', tag=4352901121), Unit(name='SCV', tag=4375707649), Unit(name='SCV', tag=4379377665), Unit(name='SCV', tag=4372037633), Unit(name='SCV', tag=4391960577), Unit(name='SCV', tag=4355260417), Unit(name='SCV', tag=4350803969)] for zone 1 to safety
08:41 11672  135ms    75M 1029G  97/110U INFO terranbot.builds.plans.acts.zone_defense:1062 Pulling worker [Unit(name='SCV', tag=4368891905), Unit(name='SCV', tag=4348706817), Unit(name='SCV', tag=4348444673), Unit(name='SCV', tag=4349231105), Unit(name='SCV', tag=4365484033), Unit(name='SCV', tag=4348968961), Unit(name='SCV', tag=4378329089), Unit(name='SCV', tag=4356308993), Unit(name='SCV', tag=4386717697)] for zone 1 to safety
08:41 11676  130ms    75M 1033G  97/110U INFO terranbot.builds.plans.acts.zone_defense:1062 Pulling worker [Unit(name='SCV', tag=4389339137), Unit(name='SCV', tag=4354736129), Unit(name='SCV', tag=4349493249), Unit(name='SCV', tag=4357881857), Unit(name='SCV', tag=4385406977), Unit(name='SCV', tag=4380426241), Unit(name='SCV', tag=4383571969), Unit(name='SCV', tag=4354211841)] for zone 1 to safety
08:41 11680  117ms    75M 1033G  97/110U INFO terranbot.builds.plans.acts.zone_defense:1062 Pulling worker [Unit(name='SCV', tag=4350541825), Unit(name='SCV', tag=4368367617), Unit(name='SCV', tag=4372037633), Unit(name='SCV', tag=4352114689), Unit(name='SCV', tag=4367319041), Unit(name='SCV', tag=4374396929), Unit(name='SCV', tag=4379377665), Unit(name='SCV', tag=4375707649), Unit(name='SCV', tag=4391960577), Unit(name='SCV', tag=4354473986), Unit(name='SCV', tag=4350803969), Unit(name='SCV', tag=4355260417)] for zone 1 to safety
08:41 11684  117ms    75M 1033G  97/110U INFO terranbot.builds.plans.acts.zone_defense:1062 Pulling worker [Unit(name='SCV', tag=4368891905), Unit(name='SCV', tag=4348444673), Unit(name='SCV', tag=4352901121), Unit(name='SCV', tag=4365484033), Unit(name='SCV', tag=4370989057), Unit(name='SCV', tag=4349231105), Unit(name='SCV', tag=4348968961), Unit(name='SCV', tag=4386717697)] for zone 1 to safety
08:41 11688  100ms    75M 1033G  97/110U INFO terranbot.activity.location_modifiers:130 unit_to_place_beside: Unit(name='Barracks', tag=4363649026) - unit_to_place_beside.type_id=UnitTypeId.BARRACKS - position=(41.5, 63.5)
08:41 11688  100ms    25M 1033G  97/110U INFO terranbot.builds.plans.acts.zone_defense:1062 Pulling worker [Unit(name='SCV', tag=4389339137), Unit(name='SCV', tag=4383571969), Unit(name='SCV', tag=4354736129), Unit(name='SCV', tag=4380426241), Unit(name='SCV', tag=4385406977), Unit(name='SCV', tag=4387766273), Unit(name='SCV', tag=4348706817), Unit(name='SCV', tag=4357881857)] for zone 1 to safety
08:41 11692  130ms    75M 1033G  97/110U INFO terranbot.builds.plans.acts.zone_defense:1062 Pulling worker [Unit(name='SCV', tag=4350541825), Unit(name='SCV', tag=4368367617), Unit(name='SCV', tag=4354473986), Unit(name='SCV', tag=4352114689), Unit(name='SCV', tag=4367319041), Unit(name='SCV', tag=4372037633), Unit(name='SCV', tag=4379377665), Unit(name='SCV', tag=4356308993), Unit(name='SCV', tag=4350803969), Unit(name='SCV', tag=4378329089), Unit(name='SCV', tag=4354211841), Unit(name='SCV', tag=4355260417), Unit(name='SCV', tag=4391960577), Unit(name='SCV', tag=4375707649)] for zone 1 to safety
08:42 11696  127ms    75M 1033G  97/110U INFO terranbot.activity.location_modifiers:130 unit_to_place_beside: Unit(name='Starport', tag=4363124737) - unit_to_place_beside.type_id=UnitTypeId.STARPORT - position=(41.5, 63.5)
08:42 11696  127ms    75M 1033G  97/110U INFO terranbot.builds.plans.acts.zone_defense:1062 Pulling worker [Unit(name='SCV', tag=4348444673), Unit(name='SCV', tag=4368891905), Unit(name='SCV', tag=4349231105), Unit(name='SCV', tag=4386717697), Unit(name='SCV', tag=4348968961)] for zone 1 to safety
08:42 11700  132ms    75M 1033G  97/110U INFO terranbot.builds.plans.acts.zone_defense:1062 Pulling worker [Unit(name='SCV', tag=4389339137), Unit(name='SCV', tag=4380426241), Unit(name='SCV', tag=4385406977), Unit(name='SCV', tag=4354736129), Unit(name='SCV', tag=4370989057), Unit(name='SCV', tag=4374396929), Unit(name='SCV', tag=4352901121), Unit(name='SCV', tag=4349493249), Unit(name='SCV', tag=4357881857), Unit(name='SCV', tag=4387766273), Unit(name='SCV', tag=4383571969)] for zone 1 to safety
08:42 11704  123ms    75M 1037G  97/110U INFO terranbot.builds.plans.acts.zone_defense:1062 Pulling worker [Unit(name='SCV', tag=4368367617), Unit(name='SCV', tag=4354473986), Unit(name='SCV', tag=4350541825), Unit(name='SCV', tag=4367319041), Unit(name='SCV', tag=4378329089), Unit(name='SCV', tag=4352114689), Unit(name='SCV', tag=4348706817), Unit(name='SCV', tag=4356308993), Unit(name='SCV', tag=4365484033), Unit(name='SCV', tag=4354211841), Unit(name='SCV', tag=4375707649), Unit(name='SCV', tag=4372037633), Unit(name='SCV', tag=4391960577)] for zone 1 to safety
08:42 11708  139ms    75M 1037G  97/110U INFO terranbot.builds.plans.acts.zone_defense:1062 Pulling worker [Unit(name='SCV', tag=4348444673), Unit(name='SCV', tag=4349231105), Unit(name='SCV', tag=4350803969), Unit(name='SCV', tag=4348968961), Unit(name='SCV', tag=4368891905), Unit(name='SCV', tag=4386717697)] for zone 1 to safety
08:42 11712  107ms    80M 1037G  97/110U INFO terranbot.builds.plans.acts.zone_defense:1062 Pulling worker [Unit(name='SCV', tag=4380426241), Unit(name='SCV', tag=4389339137), Unit(name='SCV', tag=4354736129), Unit(name='SCV', tag=4349493249), Unit(name='SCV', tag=4385406977), Unit(name='SCV', tag=4355260417), Unit(name='SCV', tag=4379377665), Unit(name='SCV', tag=4383571969)] for zone 1 to safety
08:43 11716  127ms    80M 1037G  97/110U INFO terranbot.builds.plans.acts.zone_defense:1062 Pulling worker [Unit(name='SCV', tag=4354473986), Unit(name='SCV', tag=4350541825), Unit(name='SCV', tag=4378329089), Unit(name='SCV', tag=4367319041), Unit(name='SCV', tag=4365484033), Unit(name='SCV', tag=4352114689), Unit(name='SCV', tag=4356308993), Unit(name='SCV', tag=4352901121), Unit(name='SCV', tag=4387766273), Unit(name='SCV', tag=4372037633), Unit(name='SCV', tag=4368367617), Unit(name='SCV', tag=4375707649), Unit(name='SCV', tag=4391960577)] for zone 1 to safety
08:43 11720  137ms    85M 1037G  97/110U INFO terranbot.builds.plans.acts.zone_defense:1062 Pulling worker [Unit(name='SCV', tag=4368891905), Unit(name='SCV', tag=4349231105), Unit(name='SCV', tag=4348444673), Unit(name='SCV', tag=4370989057), Unit(name='SCV', tag=4357881857), Unit(name='SCV', tag=4350803969), Unit(name='SCV', tag=4354211841), Unit(name='SCV', tag=4386717697)] for zone 1 to safety
08:43 11724  130ms    85M 1041G  97/110U INFO terranbot.builds.plans.acts.zone_defense:1062 Pulling worker [Unit(name='SCV', tag=4389339137), Unit(name='SCV', tag=4380426241), Unit(name='SCV', tag=4354736129), Unit(name='SCV', tag=4348968961), Unit(name='SCV', tag=4349493249), Unit(name='SCV', tag=4348706817), Unit(name='SCV', tag=4383571969)] for zone 1 to safety
08:43 11728  114ms    85M 1041G  97/110U INFO terranbot.builds.plans.acts.zone_defense:1062 Pulling worker [Unit(name='SCV', tag=4354473986), Unit(name='SCV', tag=4350541825), Unit(name='SCV', tag=4365484033), Unit(name='SCV', tag=4367319041), Unit(name='SCV', tag=4374396929), Unit(name='SCV', tag=4352901121), Unit(name='SCV', tag=4378329089), Unit(name='SCV', tag=4385406977), Unit(name='SCV', tag=4379377665), Unit(name='SCV', tag=4368367617), Unit(name='SCV', tag=4372037633), Unit(name='SCV', tag=4375707649)] for zone 1 to safety
08:43 11732  165ms    90M 1041G  97/110U INFO terranbot.builds.plans.acts.zone_defense:1062 Pulling worker [Unit(name='SCV', tag=4368891905), Unit(name='SCV', tag=4348444673), Unit(name='SCV', tag=4349231105), Unit(name='SCV', tag=4357881857), Unit(name='SCV', tag=4354211841), Unit(name='SCV', tag=4355260417), Unit(name='SCV', tag=4386717697), Unit(name='SCV', tag=4350803969)] for zone 1 to safety
08:43 11736   99ms    90M 1045G  97/110U INFO terranbot.builds.plans.acts.zone_defense:1062 Pulling worker [Unit(name='SCV', tag=4380426241), Unit(name='SCV', tag=4389339137), Unit(name='SCV', tag=4354736129), Unit(name='SCV', tag=4348968961), Unit(name='SCV', tag=4387766273), Unit(name='SCV', tag=4348706817), Unit(name='SCV', tag=4391960577), Unit(name='SCV', tag=4370989057), Unit(name='SCV', tag=4383571969), Unit(name='SCV', tag=4349493249)] for zone 1 to safety
08:44 11740  138ms    90M 1045G  97/110U INFO terranbot.builds.plans.acts.zone_defense:1062 Pulling worker [Unit(name='SCV', tag=4350541825), Unit(name='SCV', tag=4354473986), Unit(name='SCV', tag=4365484033), Unit(name='SCV', tag=4367319041), Unit(name='SCV', tag=4352901121), Unit(name='SCV', tag=4378329089), Unit(name='SCV', tag=4379377665), Unit(name='SCV', tag=4372037633), Unit(name='SCV', tag=4356308993), Unit(name='SCV', tag=4368367617)] for zone 1 to safety
08:44 11744  129ms    90M 1045G  97/110U INFO terranbot.builds.plans.acts.zone_defense:1062 Pulling worker [Unit(name='SCV', tag=4348444673), Unit(name='SCV', tag=4352114689), Unit(name='SCV', tag=4375707649), Unit(name='SCV', tag=4386717697), Unit(name='SCV', tag=4368891905), Unit(name='SCV', tag=4355260417), Unit(name='SCV', tag=4350803969)] for zone 1 to safety
08:44 11748  126ms    90M 1045G  97/110U INFO terranbot.builds.plans.acts.zone_defense:1062 Pulling worker [Unit(name='SCV', tag=4349493249), Unit(name='SCV', tag=4380426241), Unit(name='SCV', tag=4354736129), Unit(name='SCV', tag=4385406977), Unit(name='SCV', tag=4374396929), Unit(name='SCV', tag=4348968961), Unit(name='SCV', tag=4383571969), Unit(name='SCV', tag=4389339137), Unit(name='SCV', tag=4354211841)] for zone 1 to safety
08:44 11752  124ms    90M 1045G  97/110U INFO terranbot.builds.plans.acts.zone_defense:1062 Pulling worker [Unit(name='SCV', tag=4350541825), Unit(name='SCV', tag=4352901121), Unit(name='SCV', tag=4365484033), Unit(name='SCV', tag=4354473986), Unit(name='SCV', tag=4367319041), Unit(name='SCV', tag=4349231105), Unit(name='SCV', tag=4357881857), Unit(name='SCV', tag=4368367617), Unit(name='SCV', tag=4379377665)] for zone 1 to safety
08:44 11756  116ms    90M 1045G  97/110U INFO terranbot.builds.plans.acts.zone_defense:1062 Pulling worker [Unit(name='SCV', tag=4348444673), Unit(name='SCV', tag=4391960577), Unit(name='SCV', tag=4372037633), Unit(name='SCV', tag=4348706817), Unit(name='SCV', tag=4370989057), Unit(name='SCV', tag=4355260417), Unit(name='SCV', tag=4350803969), Unit(name='SCV', tag=4368891905), Unit(name='SCV', tag=4386717697)] for zone 1 to safety
08:45 11760  111ms    90M 1045G  97/110U INFO terranbot.builds.plans.acts.zone_defense:1062 Pulling worker [Unit(name='SCV', tag=4385406977), Unit(name='SCV', tag=4354736129), Unit(name='SCV', tag=4375707649), Unit(name='SCV', tag=4378329089), Unit(name='SCV', tag=4354211841), Unit(name='SCV', tag=4356308993), Unit(name='SCV', tag=4349493249), Unit(name='SCV', tag=4380426241), Unit(name='SCV', tag=4389339137), Unit(name='SCV', tag=4383571969)] for zone 1 to safety
08:45 11764  145ms    90M 1045G  97/110U INFO terranbot.builds.plans.acts.zone_defense:1062 Pulling worker [Unit(name='SCV', tag=4350541825), Unit(name='SCV', tag=4365484033), Unit(name='SCV', tag=4367319041), Unit(name='SCV', tag=4374396929), Unit(name='SCV', tag=4352901121), Unit(name='SCV', tag=4357881857), Unit(name='SCV', tag=4379377665), Unit(name='SCV', tag=4354473986), Unit(name='SCV', tag=4368367617)] for zone 1 to safety
08:45 11768  128ms    90M 1049G  97/110U INFO terranbot.activity.location_modifiers:130 unit_to_place_beside: Unit(name='Barracks', tag=4378066945) - unit_to_place_beside.type_id=UnitTypeId.BARRACKS - position=(41.5, 63.5)
08:45 11768  128ms    90M 1049G  97/110U INFO terranbot.builds.plans.acts.zone_defense:1062 Pulling worker [Unit(name='SCV', tag=4368891905), Unit(name='SCV', tag=4348444673), Unit(name='SCV', tag=4391960577), Unit(name='SCV', tag=4355260417), Unit(name='SCV', tag=4352114689), Unit(name='SCV', tag=4349231105), Unit(name='SCV', tag=4386717697), Unit(name='SCV', tag=4372037633)] for zone 1 to safety
08:45 11772  106ms    90M 1049G  97/110U INFO terranbot.builds.plans.acts.zone_defense:1062 Pulling worker [Unit(name='SCV', tag=4380426241), Unit(name='SCV', tag=4349493249), Unit(name='SCV', tag=4385406977), Unit(name='SCV', tag=4348968961), Unit(name='SCV', tag=4370989057), Unit(name='SCV', tag=4383571969), Unit(name='SCV', tag=4389339137), Unit(name='SCV', tag=4356308993)] for zone 1 to safety
08:45 11776  122ms    90M 1049G  97/110U INFO terranbot.builds.plans.acts.zone_defense:1062 Pulling worker [Unit(name='SCV', tag=4350541825), Unit(name='SCV', tag=4379377665), Unit(name='SCV', tag=4365484033), Unit(name='SCV', tag=4378329089), Unit(name='SCV', tag=4354473986), Unit(name='SCV', tag=4354736129), Unit(name='SCV', tag=4367319041), Unit(name='SCV', tag=4387766273), Unit(name='SCV', tag=4350803969), Unit(name='SCV', tag=4354211841), Unit(name='SCV', tag=4357881857), Unit(name='SCV', tag=4375707649), Unit(name='SCV', tag=4368367617)] for zone 1 to safety
08:45 11780  155ms    90M 1049G  97/110U INFO sharpy.managers.core.log_manager:80 [BuildAddon] UnitTypeId.BARRACKSREACTOR to (48.0, 60.0)
08:45 11780  155ms    90M 1049G  97/110U INFO terranbot.builds.plans.acts.zone_defense:1062 Pulling worker [Unit(name='SCV', tag=4348444673), Unit(name='SCV', tag=4386717697), Unit(name='SCV', tag=4368891905), Unit(name='SCV', tag=4391960577), Unit(name='SCV', tag=4355260417), Unit(name='SCV', tag=4352114689), Unit(name='SCV', tag=4349231105), Unit(name='SCV', tag=4348706817), Unit(name='SCV', tag=4374396929), Unit(name='SCV', tag=4372037633)] for zone 1 to safety
08:46 11784  154ms    40M  999G  97/110U INFO terranbot.builds.plans.acts.zone_defense:1062 Pulling worker [Unit(name='SCV', tag=4349493249), Unit(name='SCV', tag=4385406977), Unit(name='SCV', tag=4380426241), Unit(name='SCV', tag=4370989057), Unit(name='SCV', tag=4356308993), Unit(name='SCV', tag=4389339137), Unit(name='SCV', tag=4348968961)] for zone 1 to safety
08:46 11788  118ms    65M  999G  97/110U INFO terranbot.builds.plans.acts.zone_defense:1062 Pulling worker [Unit(name='SCV', tag=4379377665), Unit(name='SCV', tag=4350541825), Unit(name='SCV', tag=4350803969), Unit(name='SCV', tag=4354736129), Unit(name='SCV', tag=4354473986), Unit(name='SCV', tag=4383571969), Unit(name='SCV', tag=4357881857), Unit(name='SCV', tag=4375707649), Unit(name='SCV', tag=4368367617)] for zone 1 to safety
08:46 11792  130ms    65M  999G  97/110U INFO terranbot.builds.plans.acts.zone_defense:1062 Pulling worker [Unit(name='SCV', tag=4386717697), Unit(name='SCV', tag=4368891905), Unit(name='SCV', tag=4348444673), Unit(name='SCV', tag=4391960577), Unit(name='SCV', tag=4355260417), Unit(name='SCV', tag=4365484033), Unit(name='SCV', tag=4374396929), Unit(name='SCV', tag=4354211841), Unit(name='SCV', tag=4378329089), Unit(name='SCV', tag=4372037633)] for zone 1 to safety
08:46 11796  138ms    65M  999G  97/110U INFO terranbot.builds.plans.acts.zone_defense:1062 Pulling worker [Unit(name='SCV', tag=4349493249), Unit(name='SCV', tag=4380426241), Unit(name='SCV', tag=4387766273), Unit(name='SCV', tag=4385406977), Unit(name='SCV', tag=4352114689), Unit(name='SCV', tag=4348968961), Unit(name='SCV', tag=4370989057), Unit(name='SCV', tag=4367319041), Unit(name='SCV', tag=4389339137), Unit(name='SCV', tag=4356308993)] for zone 1 to safety
08:46 11800  110ms    65M  999G  97/110U INFO terranbot.builds.plans.acts.zone_defense:1062 Pulling worker [Unit(name='SCV', tag=4350541825), Unit(name='SCV', tag=4379377665), Unit(name='SCV', tag=4354473986), Unit(name='SCV', tag=4350803969), Unit(name='SCV', tag=4352901121), Unit(name='SCV', tag=4354736129), Unit(name='SCV', tag=4383571969), Unit(name='SCV', tag=4368367617), Unit(name='SCV', tag=4375707649)] for zone 1 to safety
08:46 11804  110ms    70M 1003G  97/110U INFO terranbot.builds.plans.acts.zone_defense:1062 Pulling worker [Unit(name='SCV', tag=4368891905), Unit(name='SCV', tag=4386717697), Unit(name='SCV', tag=4391960577), Unit(name='SCV', tag=4348444673), Unit(name='SCV', tag=4378329089), Unit(name='SCV', tag=4348706817), Unit(name='SCV', tag=4357881857), Unit(name='SCV', tag=4365484033), Unit(name='SCV', tag=4372037633), Unit(name='SCV', tag=4349231105)] for zone 1 to safety
08:47 11808  141ms    70M 1003G  97/110U INFO terranbot.builds.plans.acts.zone_defense:1062 Pulling worker [Unit(name='SCV', tag=4389339137), Unit(name='SCV', tag=4356308993), Unit(name='SCV', tag=4385406977), Unit(name='SCV', tag=4354211841), Unit(name='SCV', tag=4380426241), Unit(name='SCV', tag=4349493249), Unit(name='SCV', tag=4387766273)] for zone 1 to safety
08:47 11812  132ms    75M 1007G  97/110U INFO terranbot.builds.plans.acts.zone_defense:1062 Pulling worker [Unit(name='SCV', tag=4379377665), Unit(name='SCV', tag=4350803969), Unit(name='SCV', tag=4354473986), Unit(name='SCV', tag=4367319041), Unit(name='SCV', tag=4348968961), Unit(name='SCV', tag=4368367617), Unit(name='SCV', tag=4355260417), Unit(name='SCV', tag=4370989057), Unit(name='SCV', tag=4350541825)] for zone 1 to safety
08:47 11816  135ms    75M 1007G  97/110U INFO terranbot.builds.plans.acts.zone_defense:1062 Pulling worker [Unit(name='SCV', tag=4368891905), Unit(name='SCV', tag=4386717697), Unit(name='SCV', tag=4391960577), Unit(name='SCV', tag=4348444673), Unit(name='SCV', tag=4378329089), Unit(name='SCV', tag=4383571969), Unit(name='SCV', tag=4357881857), Unit(name='SCV', tag=4348706817), Unit(name='SCV', tag=4375707649), Unit(name='SCV', tag=4349231105), Unit(name='SCV', tag=4372037633), Unit(name='SCV', tag=4374396929)] for zone 1 to safety
08:47 11820  125ms    80M 1007G  97/110U INFO terranbot.builds.plans.acts.zone_defense:1062 Pulling worker [Unit(name='SCV', tag=4356308993), Unit(name='SCV', tag=4380426241), Unit(name='SCV', tag=4354736129), Unit(name='SCV', tag=4352114689), Unit(name='SCV', tag=4385406977), Unit(name='SCV', tag=4387766273), Unit(name='SCV', tag=4365484033), Unit(name='SCV', tag=4389339137), Unit(name='SCV', tag=4349493249), Unit(name='SCV', tag=4354211841)] for zone 1 to safety
08:47 11824  140ms    80M 1007G  97/110U INFO terranbot.builds.plans.acts.zone_defense:1062 Pulling worker [Unit(name='SCV', tag=4379377665), Unit(name='SCV', tag=4350541825), Unit(name='SCV', tag=4350803969), Unit(name='SCV', tag=4352901121), Unit(name='SCV', tag=4367319041), Unit(name='SCV', tag=4354473986), Unit(name='SCV', tag=4355260417), Unit(name='SCV', tag=4370989057)] for zone 1 to safety
08:48 11828  122ms    80M 1007G  97/110U INFO terranbot.builds.plans.acts.zone_defense:1062 Pulling worker [Unit(name='SCV', tag=4368891905), Unit(name='SCV', tag=4386717697), Unit(name='SCV', tag=4348444673), Unit(name='SCV', tag=4378329089), Unit(name='SCV', tag=4375707649), Unit(name='SCV', tag=4391960577), Unit(name='SCV', tag=4374396929), Unit(name='SCV', tag=4348968961), Unit(name='SCV', tag=4349231105), Unit(name='SCV', tag=4372037633)] for zone 1 to safety
08:48 11832  142ms    80M 1007G  97/110U INFO terranbot.builds.plans.acts.zone_defense:1062 Pulling worker [Unit(name='SCV', tag=4356308993), Unit(name='SCV', tag=4380426241), Unit(name='SCV', tag=4387766273), Unit(name='SCV', tag=4385406977), Unit(name='SCV', tag=4354736129), Unit(name='SCV', tag=4348706817), Unit(name='SCV', tag=4357881857), Unit(name='SCV', tag=4383571969), Unit(name='SCV', tag=4368367617), Unit(name='SCV', tag=4349493249), Unit(name='SCV', tag=4389339137), Unit(name='SCV', tag=4354211841)] for zone 1 to safety
08:48 11836  145ms    85M 1011G  97/110U INFO terranbot.builds.plans.acts.zone_defense:1062 Pulling worker [Unit(name='SCV', tag=4350541825), Unit(name='SCV', tag=4379377665), Unit(name='SCV', tag=4350803969), Unit(name='SCV', tag=4367319041), Unit(name='SCV', tag=4352114689), Unit(name='SCV', tag=4365484033), Unit(name='SCV', tag=4370989057)] for zone 1 to safety
08:48 11840  115ms    85M 1011G  97/110U INFO terranbot.builds.plans.acts.zone_defense:1062 Pulling worker [Unit(name='SCV', tag=4386717697), Unit(name='SCV', tag=4368891905), Unit(name='SCV', tag=4391960577), Unit(name='SCV', tag=4348444673), Unit(name='SCV', tag=4375707649), Unit(name='SCV', tag=4355260417), Unit(name='SCV', tag=4378329089), Unit(name='SCV', tag=4354473986), Unit(name='SCV', tag=4349231105), Unit(name='SCV', tag=4372037633)] for zone 1 to safety
08:48 11844  124ms    85M 1011G  97/110U INFO terranbot.builds.plans.acts.zone_defense:1062 Pulling worker [Unit(name='SCV', tag=4356308993), Unit(name='SCV', tag=4385406977), Unit(name='SCV', tag=4380426241), Unit(name='SCV', tag=4348968961), Unit(name='SCV', tag=4387766273), Unit(name='SCV', tag=4349493249), Unit(name='SCV', tag=4389339137), Unit(name='SCV', tag=4354211841)] for zone 1 to safety
08:48 11848  124ms    85M 1011G  97/110U INFO terranbot.builds.plans.acts.zone_defense:1062 Pulling worker [Unit(name='SCV', tag=4379377665), Unit(name='SCV', tag=4367319041), Unit(name='SCV', tag=4350803969), Unit(name='SCV', tag=4365484033), Unit(name='SCV', tag=4357881857), Unit(name='SCV', tag=4374396929), Unit(name='SCV', tag=4368367617), Unit(name='SCV', tag=4352901121), Unit(name='SCV', tag=4350541825), Unit(name='SCV', tag=4383571969), Unit(name='SCV', tag=4370989057)] for zone 1 to safety
08:49 11852  118ms    85M 1011G  97/110U INFO terranbot.builds.plans.acts.zone_defense:1062 Pulling worker [Unit(name='SCV', tag=4368891905), Unit(name='SCV', tag=4386717697), Unit(name='SCV', tag=4391960577), Unit(name='SCV', tag=4348444673), Unit(name='SCV', tag=4354473986), Unit(name='SCV', tag=4354736129), Unit(name='SCV', tag=4348706817), Unit(name='SCV', tag=4349231105), Unit(name='SCV', tag=4372037633)] for zone 1 to safety
08:49 11856  125ms    85M 1015G  97/110U INFO terranbot.builds.plans.acts.zone_defense:1062 Pulling worker [Unit(name='SCV', tag=4356308993), Unit(name='SCV', tag=4380426241), Unit(name='SCV', tag=4385406977), Unit(name='SCV', tag=4348968961), Unit(name='SCV', tag=4375707649), Unit(name='SCV', tag=4387766273), Unit(name='SCV', tag=4352114689), Unit(name='SCV', tag=4355260417), Unit(name='SCV', tag=4349493249), Unit(name='SCV', tag=4389339137)] for zone 1 to safety
08:49 11860  142ms    85M 1015G  97/110U INFO terranbot.activity.location_modifiers:130 unit_to_place_beside: Unit(name='Barracks', tag=4352638977) - unit_to_place_beside.type_id=UnitTypeId.BARRACKS - position=(41.5, 63.5)
08:49 11860  142ms    85M 1015G  97/110U INFO terranbot.builds.plans.acts.zone_defense:1062 Pulling worker [Unit(name='SCV', tag=4350803969), Unit(name='SCV', tag=4350541825), Unit(name='SCV', tag=4352901121), Unit(name='SCV', tag=4354211841), Unit(name='SCV', tag=4357881857), Unit(name='SCV', tag=4374396929), Unit(name='SCV', tag=4379377665), Unit(name='SCV', tag=4368367617), Unit(name='SCV', tag=4370989057)] for zone 1 to safety
08:49 11864  111ms    85M 1015G  97/110U INFO terranbot.builds.plans.acts.zone_defense:1062 Pulling worker [Unit(name='SCV', tag=4368891905), Unit(name='SCV', tag=4348444673), Unit(name='SCV', tag=4378329089), Unit(name='SCV', tag=4391960577), Unit(name='SCV', tag=4348706817), Unit(name='SCV', tag=4367319041), Unit(name='SCV', tag=4354473986), Unit(name='SCV', tag=4349231105), Unit(name='SCV', tag=4386717697), Unit(name='SCV', tag=4383571969), Unit(name='SCV', tag=4372037633)] for zone 1 to safety
08:49 11868  112ms    85M 1015G  97/110U INFO terranbot.builds.plans.acts.zone_defense:1062 Pulling worker [Unit(name='SCV', tag=4356308993), Unit(name='SCV', tag=4380426241), Unit(name='SCV', tag=4375707649), Unit(name='SCV', tag=4348968961), Unit(name='SCV', tag=4385406977), Unit(name='SCV', tag=4352114689), Unit(name='SCV', tag=4355260417), Unit(name='SCV', tag=4349493249), Unit(name='SCV', tag=4389339137)] for zone 1 to safety
08:50 11872  135ms    85M 1015G  97/110U INFO terranbot.builds.plans.acts.zone_defense:1062 Pulling worker [Unit(name='SCV', tag=4352901121), Unit(name='SCV', tag=4350541825), Unit(name='SCV', tag=4357881857), Unit(name='SCV', tag=4354736129), Unit(name='SCV', tag=4387766273), Unit(name='SCV', tag=4368367617), Unit(name='SCV', tag=4365484033), Unit(name='SCV', tag=4379377665), Unit(name='SCV', tag=4350803969), Unit(name='SCV', tag=4370989057)] for zone 1 to safety
08:50 11876  147ms    85M 1015G  97/110U INFO terranbot.builds.plans.acts.zone_defense:1062 Pulling worker [Unit(name='SCV', tag=4368891905), Unit(name='SCV', tag=4348444673), Unit(name='SCV', tag=4378329089), Unit(name='SCV', tag=4348706817), Unit(name='SCV', tag=4372037633), Unit(name='SCV', tag=4354211841), Unit(name='SCV', tag=4386717697), Unit(name='SCV', tag=4383571969), Unit(name='SCV', tag=4349231105)] for zone 1 to safety
08:50 11880  105ms    85M 1015G  97/110U INFO terranbot.builds.plans.acts.zone_defense:1062 Pulling worker [Unit(name='SCV', tag=4356308993), Unit(name='SCV', tag=4380426241), Unit(name='SCV', tag=4348968961), Unit(name='SCV', tag=4375707649), Unit(name='SCV', tag=4354473986), Unit(name='SCV', tag=4355260417), Unit(name='SCV', tag=4367319041), Unit(name='SCV', tag=4374396929), Unit(name='SCV', tag=4389339137), Unit(name='SCV', tag=4349493249)] for zone 1 to safety
08:50 11884  119ms    85M 1015G  97/110U INFO terranbot.builds.plans.acts.zone_defense:1062 Pulling worker [Unit(name='SCV', tag=4350803969), Unit(name='SCV', tag=4379377665), Unit(name='SCV', tag=4350541825), Unit(name='SCV', tag=4357881857), Unit(name='SCV', tag=4352114689), Unit(name='SCV', tag=4391960577), Unit(name='SCV', tag=4387766273), Unit(name='SCV', tag=4365484033), Unit(name='SCV', tag=4370989057)] for zone 1 to safety
08:50 11888  115ms    85M 1015G  97/110U INFO terranbot.builds.plans.acts.zone_defense:1062 Pulling worker [Unit(name='SCV', tag=4378329089), Unit(name='SCV', tag=4348444673), Unit(name='SCV', tag=4354736129), Unit(name='SCV', tag=4352901121), Unit(name='SCV', tag=4354211841), Unit(name='SCV', tag=4385406977), Unit(name='SCV', tag=4386717697), Unit(name='SCV', tag=4368891905), Unit(name='SCV', tag=4383571969)] for zone 1 to safety
08:50 11892  144ms    85M 1015G  97/110U INFO terranbot.builds.plans.acts.zone_defense:1062 Pulling worker [Unit(name='SCV', tag=4380426241), Unit(name='SCV', tag=4374396929), Unit(name='SCV', tag=4368367617), Unit(name='SCV', tag=4355260417), Unit(name='SCV', tag=4375707649), Unit(name='SCV', tag=4347920385), Unit(name='SCV', tag=4389339137), Unit(name='SCV', tag=4348968961), Unit(name='SCV', tag=4349493249), Unit(name='SCV', tag=4356308993)] for zone 1 to safety
08:51 11896  130ms    85M 1019G  97/110U INFO terranbot.builds.plans.acts.zone_defense:1062 Pulling worker [Unit(name='SCV', tag=4350803969), Unit(name='SCV', tag=4357881857), Unit(name='SCV', tag=4379377665), Unit(name='SCV', tag=4354473986), Unit(name='SCV', tag=4350541825), Unit(name='SCV', tag=4348706817), Unit(name='SCV', tag=4367319041), Unit(name='SCV', tag=4349231105), Unit(name='SCV', tag=4387766273), Unit(name='SCV', tag=4352114689), Unit(name='SCV', tag=4365484033)] for zone 1 to safety
08:51 11900  130ms    90M 1019G  97/110U INFO terranbot.builds.plans.acts.zone_defense:1062 Pulling worker [Unit(name='SCV', tag=4368891905), Unit(name='SCV', tag=4348444673), Unit(name='SCV', tag=4354736129), Unit(name='SCV', tag=4391960577), Unit(name='SCV', tag=4352901121), Unit(name='SCV', tag=4385406977), Unit(name='SCV', tag=4386717697), Unit(name='SCV', tag=4383571969), Unit(name='SCV', tag=4370989057)] for zone 1 to safety
08:51 11904  128ms    90M 1023G  97/110U INFO terranbot.builds.plans.acts.zone_defense:1062 Pulling worker [Unit(name='SCV', tag=4356308993), Unit(name='SCV', tag=4380426241), Unit(name='SCV', tag=4348968961), Unit(name='SCV', tag=4374396929), Unit(name='SCV', tag=4355260417), Unit(name='SCV', tag=4375707649), Unit(name='SCV', tag=4378329089), Unit(name='SCV', tag=4368367617), Unit(name='SCV', tag=4354211841), Unit(name='SCV', tag=4389339137), Unit(name='SCV', tag=4349493249)] for zone 1 to safety
08:51 11908  224ms    90M 1023G  97/110U INFO terranbot.activity.location_modifiers:130 unit_to_place_beside: Unit(name='Barracks', tag=4363649026) - unit_to_place_beside.type_id=UnitTypeId.BARRACKS - position=(95.5, 42.5)
08:51 11908  224ms    90M 1023G  97/110U WARNING terranbot.activity.location_modifiers:177 NearUnit preferred-zone miss: tag=4363649026 unit_type=UnitTypeId.BARRACKS unit_zone=0 target_zone=0 selected=(95.5, 42.5) selected_zone=2 main_candidates=['(50.5, 50.5) (overlaps_other_structure)', '(51.5, 55.5) (overlaps_other_structure)', '(54.5, 58.5) (overlaps_other_structure)', '(47.5, 47.5) (overlaps_other_structure)', '(44.5, 55.5) (overlaps_other_structure)', '(45.5, 60.5) (overlaps_other_structure)', '(41.5, 52.5) (overlaps_other_structure)', '(48.5, 63.5) (overlaps_other_structure)', '(37.5, 55.5) (overlaps_other_structure)', '(41.5, 63.5) (reserved_target_move_location)', '(38.5, 60.5) (overlaps_other_structure)', '(34.5, 52.5) (overlaps_other_structure)'] non_main_candidates=['(68.5, 46.5) (overlaps_other_structure)', '(71.5, 49.5) (cannot_place_structure)', '(95.5, 42.5) (ok)', '(98.5, 45.5) (ok)', '(113.5, 46.5) (ok)', '(116.5, 49.5) (ok)']
08:51 11908  224ms    90M 1023G  97/110U INFO terranbot.builds.plans.acts.zone_defense:1062 Pulling worker [Unit(name='SCV', tag=4379377665), Unit(name='SCV', tag=4350803969), Unit(name='SCV', tag=4357881857), Unit(name='SCV', tag=4367319041), Unit(name='SCV', tag=4354473986), Unit(name='SCV', tag=4372037633), Unit(name='SCV', tag=4352114689), Unit(name='SCV', tag=4365484033), Unit(name='SCV', tag=4349231105), Unit(name='SCV', tag=4387766273)] for zone 1 to safety
08:51 11912  127ms    90M 1023G  97/110U INFO terranbot.builds.plans.acts.zone_defense:1062 Pulling worker [Unit(name='SCV', tag=4354736129), Unit(name='SCV', tag=4368891905), Unit(name='SCV', tag=4348444673), Unit(name='SCV', tag=4391960577), Unit(name='SCV', tag=4386717697), Unit(name='SCV', tag=4383571969)] for zone 1 to safety
08:51 11916  100ms    90M 1023G  97/110U INFO terranbot.builds.plans.acts.zone_defense:1062 Pulling worker [Unit(name='SCV', tag=4380426241), Unit(name='SCV', tag=4356308993), Unit(name='SCV', tag=4348968961), Unit(name='SCV', tag=4374396929), Unit(name='SCV', tag=4354211841), Unit(name='SCV', tag=4368367617), Unit(name='SCV', tag=4350541825), Unit(name='SCV', tag=4352901121), Unit(name='SCV', tag=4385406977), Unit(name='SCV', tag=4347920385), Unit(name='SCV', tag=4389339137), Unit(name='SCV', tag=4355260417), Unit(name='SCV', tag=4349493249)] for zone 1 to safety
08:52 11920  148ms    90M 1023G  97/110U INFO terranbot.builds.plans.acts.zone_defense:1062 Pulling worker [Unit(name='SCV', tag=4350803969), Unit(name='SCV', tag=4379377665), Unit(name='SCV', tag=4357881857), Unit(name='SCV', tag=4367319041), Unit(name='SCV', tag=4370989057), Unit(name='SCV', tag=4354473986), Unit(name='SCV', tag=4378329089), Unit(name='SCV', tag=4365484033), Unit(name='SCV', tag=4387766273), Unit(name='SCV', tag=4349231105)] for zone 1 to safety
08:52 11924  136ms    90M 1023G  97/110U INFO terranbot.builds.plans.acts.zone_defense:1062 Pulling worker [Unit(name='SCV', tag=4348444673), Unit(name='SCV', tag=4368891905), Unit(name='SCV', tag=4354736129), Unit(name='SCV', tag=4348706817), Unit(name='SCV', tag=4386717697), Unit(name='SCV', tag=4383571969)] for zone 1 to safety
08:52 11928   96ms    90M 1023G  97/110U INFO terranbot.builds.plans.acts.zone_defense:1062 Pulling worker [Unit(name='SCV', tag=4374396929), Unit(name='SCV', tag=4380426241), Unit(name='SCV', tag=4348968961), Unit(name='SCV', tag=4356308993), Unit(name='SCV', tag=4389339137), Unit(name='SCV', tag=4347920385), Unit(name='SCV', tag=4350541825), Unit(name='SCV', tag=4375707649), Unit(name='SCV', tag=4352114689), Unit(name='SCV', tag=4355260417), Unit(name='SCV', tag=4349493249)] for zone 1 to safety
08:52 11932  123ms    90M 1023G  97/110U INFO terranbot.builds.plans.acts.zone_defense:1062 Pulling worker [Unit(name='SCV', tag=4379377665), Unit(name='SCV', tag=4350803969), Unit(name='SCV', tag=4372037633), Unit(name='SCV', tag=4357881857), Unit(name='SCV', tag=4385406977), Unit(name='SCV', tag=4367319041), Unit(name='SCV', tag=4354211841), Unit(name='SCV', tag=4352901121), Unit(name='SCV', tag=4378329089), Unit(name='SCV', tag=4387766273), Unit(name='SCV', tag=4349231105), Unit(name='SCV', tag=4365484033)] for zone 1 to safety
08:52 11936  115ms   115M 1027G  97/110U INFO terranbot.builds.plans.acts.zone_defense:1062 Pulling worker [Unit(name='SCV', tag=4368891905), Unit(name='SCV', tag=4368367617), Unit(name='SCV', tag=4391960577), Unit(name='SCV', tag=4348444673), Unit(name='SCV', tag=4354473986), Unit(name='SCV', tag=4383571969), Unit(name='SCV', tag=4370989057), Unit(name='SCV', tag=4386717697)] for zone 1 to safety
08:53 11940  126ms   120M 1027G  97/110U INFO terranbot.builds.plans.acts.zone_defense:1062 Pulling worker [Unit(name='SCV', tag=4348968961), Unit(name='SCV', tag=4389339137), Unit(name='SCV', tag=4374396929), Unit(name='SCV', tag=4380426241), Unit(name='SCV', tag=4355260417), Unit(name='SCV', tag=4350541825), Unit(name='SCV', tag=4375707649), Unit(name='SCV', tag=4348706817), Unit(name='SCV', tag=4356308993), Unit(name='SCV', tag=4349493249)] for zone 1 to safety
08:53 11944  118ms   120M 1031G  97/110U INFO terranbot.builds.plans.acts.zone_defense:1062 Pulling worker [Unit(name='SCV', tag=4379377665), Unit(name='SCV', tag=4349231105), Unit(name='SCV', tag=4350803969), Unit(name='SCV', tag=4365484033), Unit(name='SCV', tag=4357881857), Unit(name='SCV', tag=4385406977), Unit(name='SCV', tag=4367319041), Unit(name='SCV', tag=4378329089), Unit(name='SCV', tag=4354211841), Unit(name='SCV', tag=4352114689), Unit(name='SCV', tag=4387766273)] for zone 1 to safety
08:53 11948  131ms   120M 1031G  97/110U INFO terranbot.builds.plans.acts.zone_defense:1062 Pulling worker [Unit(name='SCV', tag=4368891905), Unit(name='SCV', tag=4391960577), Unit(name='SCV', tag=4368367617), Unit(name='SCV', tag=4354473986), Unit(name='SCV', tag=4354736129), Unit(name='SCV', tag=4372037633), Unit(name='SCV', tag=4383571969), Unit(name='SCV', tag=4352901121), Unit(name='SCV', tag=4370989057), Unit(name='SCV', tag=4386717697)] for zone 1 to safety
08:53 11952  123ms   120M 1031G  97/110U INFO terranbot.builds.plans.acts.zone_defense:1062 Pulling worker [Unit(name='SCV', tag=4348968961), Unit(name='SCV', tag=4389339137), Unit(name='SCV', tag=4374396929), Unit(name='SCV', tag=4380426241), Unit(name='SCV', tag=4375707649), Unit(name='SCV', tag=4348444673), Unit(name='SCV', tag=4348706817), Unit(name='SCV', tag=4356308993), Unit(name='SCV', tag=4349493249)] for zone 1 to safety
08:53 11956  146ms   120M 1031G  97/110U INFO terranbot.builds.plans.acts.zone_defense:1062 Pulling worker [Unit(name='SCV', tag=4350803969), Unit(name='SCV', tag=4365484033), Unit(name='SCV', tag=4379377665), Unit(name='SCV', tag=4385406977), Unit(name='SCV', tag=4367319041), Unit(name='SCV', tag=4357881857), Unit(name='SCV', tag=4349231105), Unit(name='SCV', tag=4355260417), Unit(name='SCV', tag=4387766273), Unit(name='SCV', tag=4350541825)] for zone 1 to safety
08:53 11960  120ms   120M 1031G  97/110U INFO terranbot.builds.plans.acts.zone_defense:1062 Pulling worker [Unit(name='SCV', tag=4368891905), Unit(name='SCV', tag=4391960577), Unit(name='SCV', tag=4378329089), Unit(name='SCV', tag=4352901121), Unit(name='SCV', tag=4354473986), Unit(name='SCV', tag=4370989057), Unit(name='SCV', tag=4386717697), Unit(name='SCV', tag=4368367617)] for zone 1 to safety
08:54 11964  113ms    70M 1031G  97/110U INFO terranbot.builds.plans.acts.zone_defense:1062 Pulling worker [Unit(name='SCV', tag=4389339137), Unit(name='SCV', tag=4374396929), Unit(name='SCV', tag=4380426241), Unit(name='SCV', tag=4372037633), Unit(name='SCV', tag=4375707649), Unit(name='SCV', tag=4352114689), Unit(name='SCV', tag=4354736129), Unit(name='SCV', tag=4383571969), Unit(name='SCV', tag=4356308993), Unit(name='SCV', tag=4348968961), Unit(name='SCV', tag=4349493249)] for zone 1 to safety
08:54 11968  139ms    75M 1031G  98/110U INFO terranbot.builds.plans.acts.zone_defense:1062 Pulling worker [Unit(name='SCV', tag=4365484033), Unit(name='SCV', tag=4379377665), Unit(name='SCV', tag=4350803969), Unit(name='SCV', tag=4355260417), Unit(name='SCV', tag=4357881857), Unit(name='SCV', tag=4367319041), Unit(name='SCV', tag=4350541825), Unit(name='SCV', tag=4349231105), Unit(name='SCV', tag=4385406977)] for zone 1 to safety
08:54 11972  126ms    75M 1031G  98/110U INFO terranbot.builds.plans.acts.zone_defense:1062 Pulling worker [Unit(name='SCV', tag=4391960577), Unit(name='SCV', tag=4348444673), Unit(name='SCV', tag=4387766273), Unit(name='SCV', tag=4386717697), Unit(name='SCV', tag=4368891905), Unit(name='SCV', tag=4368367617)] for zone 1 to safety
08:54 11976  104ms    75M 1031G  98/110U INFO terranbot.builds.plans.acts.zone_defense:1062 Pulling worker [Unit(name='SCV', tag=4389339137), Unit(name='SCV', tag=4354736129), Unit(name='SCV', tag=4372037633), Unit(name='SCV', tag=4380426241), Unit(name='SCV', tag=4348706817), Unit(name='SCV', tag=4348968961), Unit(name='SCV', tag=4370989057), Unit(name='SCV', tag=4352901121), Unit(name='SCV', tag=4374396929), Unit(name='SCV', tag=4349493249)] for zone 1 to safety
08:54 11980  129ms    80M 1031G  98/110U INFO terranbot.builds.plans.acts.zone_defense:1062 Pulling worker [Unit(name='SCV', tag=4379377665), Unit(name='SCV', tag=4365484033), Unit(name='SCV', tag=4350803969), Unit(name='SCV', tag=4355260417), Unit(name='SCV', tag=4367319041), Unit(name='SCV', tag=4357881857), Unit(name='SCV', tag=4375707649), Unit(name='SCV', tag=4383571969), Unit(name='SCV', tag=4354473986), Unit(name='SCV', tag=4349231105), Unit(name='SCV', tag=4385406977)] for zone 1 to safety
08:55 11984  125ms    80M 1035G  98/110U INFO terranbot.builds.plans.acts.zone_defense:1062 Pulling worker [Unit(name='SCV', tag=4391960577), Unit(name='SCV', tag=4352114689), Unit(name='SCV', tag=4348444673), Unit(name='SCV', tag=4350541825), Unit(name='SCV', tag=4386717697), Unit(name='SCV', tag=4368891905), Unit(name='SCV', tag=4368367617)] for zone 1 to safety
08:55 11988  122ms    80M 1035G  98/110U INFO terranbot.builds.plans.acts.zone_defense:1062 Pulling worker [Unit(name='SCV', tag=4374396929), Unit(name='SCV', tag=4389339137), Unit(name='SCV', tag=4387766273), Unit(name='SCV', tag=4354736129), Unit(name='SCV', tag=4352901121), Unit(name='SCV', tag=4356308993), Unit(name='SCV', tag=4378329089)] for zone 1 to safety
08:55 11992  113ms    80M 1035G  98/110U INFO terranbot.builds.plans.acts.zone_defense:1062 Pulling worker [Unit(name='SCV', tag=4350803969), Unit(name='SCV', tag=4365484033), Unit(name='SCV', tag=4357881857), Unit(name='SCV', tag=4379377665), Unit(name='SCV', tag=4385406977), Unit(name='SCV', tag=4367319041), Unit(name='SCV', tag=4348706817), Unit(name='SCV', tag=4349231105), Unit(name='SCV', tag=4370989057)] for zone 1 to safety
08:55 11996  114ms    80M 1035G  98/110U INFO terranbot.builds.plans.acts.zone_defense:1062 Pulling worker [Unit(name='SCV', tag=4391960577), Unit(name='SCV', tag=4348968961), Unit(name='SCV', tag=4349493249), Unit(name='SCV', tag=4355260417), Unit(name='SCV', tag=4350541825), Unit(name='SCV', tag=4383571969), Unit(name='SCV', tag=4357357570), Unit(name='SCV', tag=4368367617), Unit(name='SCV', tag=4368891905), Unit(name='SCV', tag=4386717697)] for zone 1 to safety
08:55 12000  125ms    80M 1035G  98/110U INFO terranbot.builds.plans.acts.zone_defense:1062 Pulling worker [Unit(name='SCV', tag=4374396929), Unit(name='SCV', tag=4348444673), Unit(name='SCV', tag=4387766273), Unit(name='SCV', tag=4375707649), Unit(name='SCV', tag=4372037633), Unit(name='SCV', tag=4378329089), Unit(name='SCV', tag=4356308993), Unit(name='SCV', tag=4354473986), Unit(name='SCV', tag=4354736129), Unit(name='SCV', tag=4389339137), Unit(name='SCV', tag=4352901121)] for zone 1 to safety
08:55 12004  142ms    80M 1039G  98/110U INFO terranbot.builds.plans.acts.zone_defense:1062 Pulling worker [Unit(name='SCV', tag=4365484033), Unit(name='SCV', tag=4367319041), Unit(name='SCV', tag=4350803969), Unit(name='SCV', tag=4385406977), Unit(name='SCV', tag=4357881857), Unit(name='SCV', tag=4379377665), Unit(name='SCV', tag=4380426241), Unit(name='SCV', tag=4370989057)] for zone 1 to safety
08:56 12008  113ms    80M 1039G  98/110U INFO terranbot.builds.plans.acts.zone_defense:1062 Pulling worker [Unit(name='SCV', tag=4348968961), Unit(name='SCV', tag=4391960577), Unit(name='SCV', tag=4352114689), Unit(name='SCV', tag=4348706817), Unit(name='SCV', tag=4349493249), Unit(name='SCV', tag=4368891905), Unit(name='SCV', tag=4368367617), Unit(name='SCV', tag=4386717697)] for zone 1 to safety
08:56 12012  127ms    80M 1039G  98/110U INFO terranbot.builds.plans.acts.zone_defense:1062 Pulling worker [Unit(name='SCV', tag=4374396929), Unit(name='SCV', tag=4349231105), Unit(name='SCV', tag=4387766273), Unit(name='SCV', tag=4348444673), Unit(name='SCV', tag=4350541825), Unit(name='SCV', tag=4354473986), Unit(name='SCV', tag=4372037633), Unit(name='SCV', tag=4389339137), Unit(name='SCV', tag=4354736129), Unit(name='SCV', tag=4383571969)] for zone 1 to safety
08:56 12016  139ms    80M 1039G  98/110U INFO terranbot.builds.plans.acts.zone_defense:1062 Pulling worker [Unit(name='SCV', tag=4365484033), Unit(name='SCV', tag=4367319041), Unit(name='SCV', tag=4350803969), Unit(name='SCV', tag=4356308993), Unit(name='SCV', tag=4352901121), Unit(name='SCV', tag=4357881857), Unit(name='SCV', tag=4379377665), Unit(name='SCV', tag=4378329089)] for zone 1 to safety
08:56 12020  137ms    80M 1039G  98/110U INFO terranbot.builds.plans.acts.zone_defense:1062 Pulling worker [Unit(name='SCV', tag=4368891905), Unit(name='SCV', tag=4348968961), Unit(name='SCV', tag=4391960577), Unit(name='SCV', tag=4357357570), Unit(name='SCV', tag=4368367617), Unit(name='SCV', tag=4355260417), Unit(name='SCV', tag=4352114689), Unit(name='SCV', tag=4349493249), Unit(name='SCV', tag=4348706817), Unit(name='SCV', tag=4386717697)] for zone 1 to safety
08:56 12024  140ms    80M 1039G  98/110U INFO terranbot.builds.plans.acts.zone_defense:1062 Pulling worker [Unit(name='SCV', tag=4387766273), Unit(name='SCV', tag=4349231105), Unit(name='SCV', tag=4385406977), Unit(name='SCV', tag=4370989057), Unit(name='SCV', tag=4354736129), Unit(name='SCV', tag=4348444673), Unit(name='SCV', tag=4374396929), Unit(name='SCV', tag=4383571969), Unit(name='SCV', tag=4389339137)] for zone 1 to safety
08:56 12028  122ms    80M 1039G  98/110U INFO terranbot.builds.plans.acts.zone_defense:1062 Pulling worker [Unit(name='SCV', tag=4357881857), Unit(name='SCV', tag=4350541825), Unit(name='SCV', tag=4350803969), Unit(name='SCV', tag=4380426241), Unit(name='SCV', tag=4379377665), Unit(name='SCV', tag=4372037633), Unit(name='SCV', tag=4365484033), Unit(name='SCV', tag=4375707649)] for zone 1 to safety
08:57 12032  119ms    80M 1043G  98/110U INFO terranbot.builds.plans.acts.zone_defense:1062 Pulling worker [Unit(name='SCV', tag=4386717697), Unit(name='SCV', tag=4348968961), Unit(name='SCV', tag=4368891905), Unit(name='SCV', tag=4352114689), Unit(name='SCV', tag=4391960577), Unit(name='SCV', tag=4348706817), Unit(name='SCV', tag=4354473986), Unit(name='SCV', tag=4354211841), Unit(name='SCV', tag=4367319041), Unit(name='SCV', tag=4356308993), Unit(name='SCV', tag=4352901121), Unit(name='SCV', tag=4378329089), Unit(name='SCV', tag=4349493249)] for zone 1 to safety
08:57 12036  153ms    80M 1043G  98/110U INFO terranbot.builds.plans.acts.zone_defense:1062 Pulling worker [Unit(name='SCV', tag=4354736129), Unit(name='SCV', tag=4389339137), Unit(name='SCV', tag=4387766273), Unit(name='SCV', tag=4349231105), Unit(name='SCV', tag=4357357570), Unit(name='SCV', tag=4355260417), Unit(name='SCV', tag=4370989057), Unit(name='SCV', tag=4368367617), Unit(name='SCV', tag=4374396929), Unit(name='SCV', tag=4348444673)] for zone 1 to safety
08:57 12040  128ms    85M 1043G  98/110U INFO terranbot.builds.plans.acts.zone_defense:1062 Pulling worker [Unit(name='SCV', tag=4365484033), Unit(name='SCV', tag=4350803969), Unit(name='SCV', tag=4357881857), Unit(name='SCV', tag=4380426241), Unit(name='SCV', tag=4383571969), Unit(name='SCV', tag=4350541825), Unit(name='SCV', tag=4375707649), Unit(name='SCV', tag=4372037633)] for zone 1 to safety
08:57 12044  122ms    90M 1043G  98/110U INFO terranbot.builds.plans.acts.zone_defense:1062 Pulling worker [Unit(name='SCV', tag=4368891905), Unit(name='SCV', tag=4348968961), Unit(name='SCV', tag=4386717697), Unit(name='SCV', tag=4352114689), Unit(name='SCV', tag=4391960577), Unit(name='SCV', tag=4379377665), Unit(name='SCV', tag=4348706817), Unit(name='SCV', tag=4349493249)] for zone 1 to safety
08:57 12048  116ms    90M 1043G  98/110U INFO terranbot.builds.plans.acts.zone_defense:1062 Pulling worker [Unit(name='SCV', tag=4389339137), Unit(name='SCV', tag=4354736129), Unit(name='SCV', tag=4349231105), Unit(name='SCV', tag=4355260417), Unit(name='SCV', tag=4352901121), Unit(name='SCV', tag=4374396929), Unit(name='SCV', tag=4387766273), Unit(name='SCV', tag=4357357570), Unit(name='SCV', tag=4378329089), Unit(name='SCV', tag=4348444673), Unit(name='SCV', tag=4354473986)] for zone 1 to safety
08:58 12052  153ms    90M 1043G  98/110U INFO terranbot.builds.plans.acts.zone_defense:1062 Pulling worker [Unit(name='SCV', tag=4365484033), Unit(name='SCV', tag=4385406977), Unit(name='SCV', tag=4350803969), Unit(name='SCV', tag=4375707649), Unit(name='SCV', tag=4372037633)] for zone 1 to safety
08:58 12056   95ms    90M 1043G  98/110U INFO terranbot.builds.plans.acts.zone_defense:1062 Pulling worker [Unit(name='SCV', tag=4348968961), Unit(name='SCV', tag=4368891905), Unit(name='SCV', tag=4386717697), Unit(name='SCV', tag=4352114689), Unit(name='SCV', tag=4354211841), Unit(name='SCV', tag=4370989057), Unit(name='SCV', tag=4380426241), Unit(name='SCV', tag=4356308993), Unit(name='SCV', tag=4348706817), Unit(name='SCV', tag=4350541825), Unit(name='SCV', tag=4349493249), Unit(name='SCV', tag=4383571969)] for zone 1 to safety
08:58 12060  138ms    90M 1043G  98/110U INFO terranbot.builds.plans.acts.zone_defense:1062 Pulling worker [Unit(name='SCV', tag=4389339137), Unit(name='SCV', tag=4357881857), Unit(name='SCV', tag=4354736129), Unit(name='SCV', tag=4379377665), Unit(name='SCV', tag=4348444673), Unit(name='SCV', tag=4374396929), Unit(name='SCV', tag=4387766273), Unit(name='SCV', tag=4368367617), Unit(name='SCV', tag=4367319041)] for zone 1 to safety
08:58 12064  100ms    90M 1043G  98/110U INFO terranbot.activity.location_modifiers:130 unit_to_place_beside: Unit(name='Starport', tag=4363124737) - unit_to_place_beside.type_id=UnitTypeId.STARPORT - position=(95.5, 42.5)
08:58 12064  100ms    90M 1043G  98/110U WARNING terranbot.activity.location_modifiers:177 NearUnit preferred-zone miss: tag=4363124737 unit_type=UnitTypeId.STARPORT unit_zone=0 target_zone=0 selected=(95.5, 42.5) selected_zone=2 main_candidates=['(37.5, 55.5) (overlaps_other_structure)', '(34.5, 52.5) (overlaps_other_structure)', '(41.5, 52.5) (overlaps_other_structure)', '(38.5, 60.5) (overlaps_other_structure)', '(44.5, 55.5) (overlaps_other_structure)', '(41.5, 63.5) (overlaps_other_structure)', '(45.5, 60.5) (overlaps_other_structure)', '(47.5, 47.5) (overlaps_other_structure)', '(48.5, 63.5) (overlaps_other_structure)', '(50.5, 50.5) (overlaps_other_structure)', '(51.5, 55.5) (overlaps_other_structure)', '(54.5, 58.5) (overlaps_other_structure)'] non_main_candidates=['(68.5, 46.5) (overlaps_other_structure)', '(71.5, 49.5) (cannot_place_structure)', '(95.5, 42.5) (ok)', '(98.5, 45.5) (ok)', '(113.5, 46.5) (ok)', '(116.5, 49.5) (ok)']
08:58 12064  100ms    90M 1043G  98/110U INFO terranbot.builds.plans.acts.zone_defense:1062 Pulling worker [Unit(name='SCV', tag=4375707649), Unit(name='SCV', tag=4365484033), Unit(name='SCV', tag=4391960577), Unit(name='SCV', tag=4372037633), Unit(name='SCV', tag=4385406977), Unit(name='SCV', tag=4350803969)] for zone 1 to safety
08:58 12068  116ms    95M 1047G  98/110U INFO terranbot.builds.plans.acts.zone_defense:1062 Pulling worker [Unit(name='SCV', tag=4368891905), Unit(name='SCV', tag=4348968961), Unit(name='SCV', tag=4386717697), Unit(name='SCV', tag=4352114689), Unit(name='SCV', tag=4354211841), Unit(name='SCV', tag=4383571969), Unit(name='SCV', tag=4348706817), Unit(name='SCV', tag=4350541825), Unit(name='SCV', tag=4349493249)] for zone 1 to safety
08:58 12072  117ms    95M 1047G  98/110U INFO terranbot.builds.plans.acts.zone_defense:1062 Pulling worker [Unit(name='SCV', tag=4389339137), Unit(name='SCV', tag=4356308993), Unit(name='SCV', tag=4379377665), Unit(name='SCV', tag=4368367617), Unit(name='SCV', tag=4354736129), Unit(name='SCV', tag=4357881857), Unit(name='SCV', tag=4367319041)] for zone 1 to safety
08:59 12076   98ms    95M 1047G  98/110U INFO terranbot.builds.plans.acts.zone_defense:1062 Pulling worker [Unit(name='SCV', tag=4391960577), Unit(name='SCV', tag=4350803969), Unit(name='SCV', tag=4370989057), Unit(name='SCV', tag=4354473986), Unit(name='SCV', tag=4380426241), Unit(name='SCV', tag=4374396929), Unit(name='SCV', tag=4348444673), Unit(name='SCV', tag=4365484033), Unit(name='SCV', tag=4385406977), Unit(name='SCV', tag=4375707649)] for zone 1 to safety
08:59 12080  115ms    95M 1047G  98/110U INFO terranbot.builds.plans.acts.zone_defense:1062 Pulling worker [Unit(name='SCV', tag=4386717697), Unit(name='SCV', tag=4348968961), Unit(name='SCV', tag=4368891905), Unit(name='SCV', tag=4352114689), Unit(name='SCV', tag=4372037633), Unit(name='SCV', tag=4349493249), Unit(name='SCV', tag=4350541825), Unit(name='SCV', tag=4348706817)] for zone 1 to safety
08:59 12084  119ms    20M 1047G  98/110U INFO terranbot.builds.plans.acts.zone_defense:1062 Pulling worker [Unit(name='SCV', tag=4389339137), Unit(name='SCV', tag=4379377665), Unit(name='SCV', tag=4356308993), Unit(name='SCV', tag=4357881857), Unit(name='SCV', tag=4378329089), Unit(name='SCV', tag=4387766273), Unit(name='SCV', tag=4354211841), Unit(name='SCV', tag=4367319041), Unit(name='SCV', tag=4383571969)] for zone 1 to safety
08:59 12088  130ms    20M 1047G  98/110U INFO terranbot.activity.location_modifiers:130 unit_to_place_beside: Unit(name='Barracks', tag=4363649026) - unit_to_place_beside.type_id=UnitTypeId.BARRACKS - position=(95.5, 42.5)
08:59 12088  130ms    20M 1047G  98/110U WARNING terranbot.activity.location_modifiers:177 NearUnit preferred-zone miss: tag=4363649026 unit_type=UnitTypeId.BARRACKS unit_zone=0 target_zone=0 selected=(95.5, 42.5) selected_zone=2 main_candidates=['(54.5, 58.5) (overlaps_other_structure)', '(51.5, 55.5) (overlaps_other_structure)', '(48.5, 63.5) (overlaps_other_structure)', '(50.5, 50.5) (overlaps_other_structure)', '(45.5, 60.5) (overlaps_other_structure)', '(44.5, 55.5) (overlaps_other_structure)', '(47.5, 47.5) (overlaps_other_structure)', '(41.5, 63.5) (overlaps_other_structure)', '(41.5, 52.5) (overlaps_other_structure)', '(38.5, 60.5) (overlaps_other_structure)', '(37.5, 55.5) (overlaps_other_structure)', '(34.5, 52.5) (overlaps_other_structure)'] non_main_candidates=['(68.5, 46.5) (overlaps_other_structure)', '(71.5, 49.5) (cannot_place_structure)', '(95.5, 42.5) (ok)', '(98.5, 45.5) (ok)', '(113.5, 46.5) (ok)', '(116.5, 49.5) (ok)']
08:59 12088  130ms    20M 1047G  98/110U INFO terranbot.builds.plans.acts.zone_defense:1062 Pulling worker [Unit(name='SCV', tag=4350803969), Unit(name='SCV', tag=4391960577), Unit(name='SCV', tag=4368367617), Unit(name='SCV', tag=4354473986), Unit(name='SCV', tag=4354736129), Unit(name='SCV', tag=4370989057), Unit(name='SCV', tag=4375707649), Unit(name='SCV', tag=4385406977), Unit(name='SCV', tag=4380426241)] for zone 1 to safety
08:59 12092  127ms    20M 1047G  98/110U INFO terranbot.builds.plans.acts.zone_defense:1062 Pulling worker [Unit(name='SCV', tag=4368891905), Unit(name='SCV', tag=4386717697), Unit(name='SCV', tag=4348968961), Unit(name='SCV', tag=4352114689), Unit(name='SCV', tag=4372037633), Unit(name='SCV', tag=4374396929), Unit(name='SCV', tag=4365484033), Unit(name='SCV', tag=4350541825), Unit(name='SCV', tag=4348706817)] for zone 1 to safety
09:00 12096  112ms    20M 1051G  98/110U INFO terranbot.builds.plans.acts.zone_defense:1062 Pulling worker [Unit(name='SCV', tag=4389339137), Unit(name='SCV', tag=4357881857), Unit(name='SCV', tag=4379377665), Unit(name='SCV', tag=4352901121), Unit(name='SCV', tag=4383571969), Unit(name='SCV', tag=4357357570), Unit(name='SCV', tag=4356308993), Unit(name='SCV', tag=4354211841)] for zone 1 to safety
09:00 12100  130ms    20M 1051G  98/110U INFO terranbot.builds.plans.acts.zone_defense:1062 Pulling worker [Unit(name='SCV', tag=4350803969), Unit(name='SCV', tag=4391960577), Unit(name='SCV', tag=4354736129), Unit(name='SCV', tag=4380426241), Unit(name='SCV', tag=4349493249), Unit(name='SCV', tag=4354473986), Unit(name='SCV', tag=4375707649), Unit(name='SCV', tag=4385406977), Unit(name='SCV', tag=4370989057)] for zone 1 to safety
09:00 12104   99ms    20M 1051G  98/110U INFO terranbot.builds.plans.acts.zone_defense:1062 Pulling worker [Unit(name='SCV', tag=4386717697), Unit(name='SCV', tag=4368891905), Unit(name='SCV', tag=4350541825), Unit(name='SCV', tag=4352114689), Unit(name='SCV', tag=4365484033), Unit(name='SCV', tag=4378329089), Unit(name='SCV', tag=4372037633), Unit(name='SCV', tag=4368367617), Unit(name='SCV', tag=4367319041), Unit(name='SCV', tag=4387766273), Unit(name='SCV', tag=4348968961), Unit(name='SCV', tag=4348706817)] for zone 1 to safety
09:00 12108  126ms    20M 1051G  98/110U INFO terranbot.builds.plans.acts.zone_defense:1062 Pulling worker [Unit(name='SCV', tag=4389339137), Unit(name='SCV', tag=4356308993), Unit(name='SCV', tag=4357881857), Unit(name='SCV', tag=4355260417), Unit(name='SCV', tag=4374396929), Unit(name='SCV', tag=4357357570)] for zone 1 to safety
09:00 12112  113ms    20M 1051G  98/110U INFO terranbot.builds.plans.acts.zone_defense:1062 Pulling worker [Unit(name='SCV', tag=4385406977), Unit(name='SCV', tag=4370989057), Unit(name='SCV', tag=4391960577), Unit(name='SCV', tag=4350803969), Unit(name='SCV', tag=4379377665), Unit(name='SCV', tag=4352901121), Unit(name='SCV', tag=4383571969), Unit(name='SCV', tag=4354211841), Unit(name='SCV', tag=4375707649), Unit(name='SCV', tag=4354473986)] for zone 1 to safety
09:00 12116  131ms    20M 1051G  98/110U INFO terranbot.activity.location_modifiers:130 unit_to_place_beside: Unit(name='Barracks', tag=4378066945) - unit_to_place_beside.type_id=UnitTypeId.BARRACKS - position=(98.5, 45.5)
09:00 12116  131ms    20M 1051G  98/110U WARNING terranbot.activity.location_modifiers:177 NearUnit preferred-zone miss: tag=4378066945 unit_type=UnitTypeId.BARRACKS unit_zone=0 target_zone=0 selected=(98.5, 45.5) selected_zone=2 main_candidates=['(47.5, 47.5) (overlaps_other_structure)', '(50.5, 50.5) (overlaps_other_structure)', '(41.5, 52.5) (overlaps_other_structure)', '(44.5, 55.5) (overlaps_other_structure)', '(51.5, 55.5) (overlaps_other_structure)', '(37.5, 55.5) (overlaps_other_structure)', '(54.5, 58.5) (overlaps_other_structure)', '(45.5, 60.5) (overlaps_other_structure)', '(34.5, 52.5) (overlaps_other_structure)', '(38.5, 60.5) (overlaps_other_structure)', '(48.5, 63.5) (overlaps_other_structure)', '(41.5, 63.5) (overlaps_other_structure)'] non_main_candidates=['(68.5, 46.5) (overlaps_other_structure)', '(71.5, 49.5) (cannot_place_structure)', '(95.5, 42.5) (reserved_target_move_location)', '(98.5, 45.5) (ok)', '(113.5, 46.5) (ok)', '(116.5, 49.5) (ok)']
09:00 12116  131ms    20M 1051G  98/110U INFO terranbot.builds.plans.acts.zone_defense:1062 Pulling worker [Unit(name='SCV', tag=4386717697), Unit(name='SCV', tag=4350541825), Unit(name='SCV', tag=4368891905), Unit(name='SCV', tag=4352114689), Unit(name='SCV', tag=4372037633), Unit(name='SCV', tag=4380426241), Unit(name='SCV', tag=4365484033), Unit(name='SCV', tag=4354736129), Unit(name='SCV', tag=4387766273), Unit(name='SCV', tag=4348968961), Unit(name='SCV', tag=4367319041), Unit(name='SCV', tag=4348706817)] for zone 1 to safety
09:01 12120  124ms    20M 1059G  98/110U INFO terranbot.builds.plans.acts.zone_defense:1062 Pulling worker [Unit(name='SCV', tag=4389339137), Unit(name='SCV', tag=4357881857), Unit(name='SCV', tag=4356308993), Unit(name='SCV', tag=4349493249)] for zone 1 to safety
09:01 12124  105ms    25M 1059G  98/110U INFO terranbot.builds.plans.acts.zone_defense:1062 Pulling worker [Unit(name='SCV', tag=4385406977), Unit(name='SCV', tag=4370989057), Unit(name='SCV', tag=4350803969), Unit(name='SCV', tag=4375707649), Unit(name='SCV', tag=4391960577), Unit(name='SCV', tag=4368367617), Unit(name='SCV', tag=4354211841), Unit(name='SCV', tag=4357357570), Unit(name='SCV', tag=4374396929), Unit(name='SCV', tag=4354473986)] for zone 1 to safety
09:01 12128  123ms    25M 1059G  98/110U INFO terranbot.builds.plans.acts.zone_defense:1062 Pulling worker [Unit(name='SCV', tag=4386717697), Unit(name='SCV', tag=4348968961), Unit(name='SCV', tag=4368891905), Unit(name='SCV', tag=4352114689), Unit(name='SCV', tag=4372037633), Unit(name='SCV', tag=4350541825), Unit(name='SCV', tag=4354736129), Unit(name='SCV', tag=4380426241), Unit(name='SCV', tag=4348706817), Unit(name='SCV', tag=4383571969), Unit(name='SCV', tag=4352901121), Unit(name='SCV', tag=4378329089), Unit(name='SCV', tag=4367319041)] for zone 1 to safety
09:01 12132  129ms    25M 1059G  98/110U INFO terranbot.builds.plans.acts.zone_defense:1062 Pulling worker [Unit(name='SCV', tag=4357881857), Unit(name='SCV', tag=4356308993), Unit(name='SCV', tag=4355260417), Unit(name='SCV', tag=4365484033), Unit(name='SCV', tag=4379377665), Unit(name='SCV', tag=4387766273), Unit(name='SCV', tag=4389339137), Unit(name='SCV', tag=4349493249)] for zone 1 to safety
09:01 12136  127ms    25M 1059G  98/110U INFO terranbot.builds.plans.acts.zone_defense:1062 Pulling worker [Unit(name='SCV', tag=4385406977), Unit(name='SCV', tag=4370989057), Unit(name='SCV', tag=4375707649), Unit(name='SCV', tag=4391960577), Unit(name='SCV', tag=4349231105), Unit(name='SCV', tag=4354211841), Unit(name='SCV', tag=4357357570), Unit(name='SCV', tag=4368367617), Unit(name='SCV', tag=4354473986)] for zone 1 to safety
09:01 12140  121ms    30M 1059G  98/110U INFO terranbot.builds.plans.acts.zone_defense:1062 Pulling worker [Unit(name='SCV', tag=4348968961), Unit(name='SCV', tag=4386717697), Unit(name='SCV', tag=4350541825), Unit(name='SCV', tag=4372037633), Unit(name='SCV', tag=4350803969), Unit(name='SCV', tag=4380426241), Unit(name='SCV', tag=4352114689), Unit(name='SCV', tag=4368891905), Unit(name='SCV', tag=4367319041)] for zone 1 to safety
09:02 12144  122ms    30M 1059G  98/110U INFO terranbot.builds.plans.acts.zone_defense:1062 Pulling worker [Unit(name='SCV', tag=4365484033), Unit(name='SCV', tag=4379377665), Unit(name='SCV', tag=4357881857), Unit(name='SCV', tag=4387766273), Unit(name='SCV', tag=4374396929), Unit(name='SCV', tag=4355260417), Unit(name='SCV', tag=4383571969), Unit(name='SCV', tag=4389339137), Unit(name='SCV', tag=4356308993), Unit(name='SCV', tag=4349493249)] for zone 1 to safety
09:02 12148  150ms    30M 1059G  98/110U INFO terranbot.builds.plans.acts.zone_defense:1062 Pulling worker [Unit(name='SCV', tag=4385406977), Unit(name='SCV', tag=4375707649), Unit(name='SCV', tag=4391960577), Unit(name='SCV', tag=4370989057), Unit(name='SCV', tag=4354736129), Unit(name='SCV', tag=4357357570), Unit(name='SCV', tag=4368367617), Unit(name='SCV', tag=4354473986)] for zone 1 to safety
09:02 12152  117ms    30M 1059G  98/110U INFO terranbot.builds.plans.acts.zone_defense:1062 Pulling worker [Unit(name='SCV', tag=4386717697), Unit(name='SCV', tag=4368891905), Unit(name='SCV', tag=4350541825), Unit(name='SCV', tag=4378329089), Unit(name='SCV', tag=4354211841), Unit(name='SCV', tag=4367319041), Unit(name='SCV', tag=4350803969), Unit(name='SCV', tag=4348968961), Unit(name='SCV', tag=4352114689)] for zone 1 to safety
09:02 12156  115ms    30M 1063G  98/110U INFO terranbot.builds.plans.acts.zone_defense:1062 Pulling worker [Unit(name='SCV', tag=4357881857), Unit(name='SCV', tag=4365484033), Unit(name='SCV', tag=4379377665), Unit(name='SCV', tag=4352901121), Unit(name='SCV', tag=4355260417), Unit(name='SCV', tag=4374396929), Unit(name='SCV', tag=4383571969), Unit(name='SCV', tag=4380426241), Unit(name='SCV', tag=4356308993), Unit(name='SCV', tag=4389339137), Unit(name='SCV', tag=4349493249)] for zone 1 to safety
09:02 12160  136ms    30M 1063G  98/110U INFO terranbot.builds.plans.acts.zone_defense:1062 Pulling worker [Unit(name='SCV', tag=4370989057), Unit(name='SCV', tag=4385406977), Unit(name='SCV', tag=4368367617), Unit(name='SCV', tag=4375707649), Unit(name='SCV', tag=4391960577), Unit(name='SCV', tag=4354473986), Unit(name='SCV', tag=4348706817), Unit(name='SCV', tag=4357357570), Unit(name='SCV', tag=4387766273), Unit(name='SCV', tag=4349231105)] for zone 1 to safety
09:03 12164  149ms    35M 1063G  98/110U INFO terranbot.builds.plans.acts.zone_defense:1062 Pulling worker [Unit(name='SCV', tag=4368891905), Unit(name='SCV', tag=4386717697), Unit(name='SCV', tag=4354211841), Unit(name='SCV', tag=4350541825), Unit(name='SCV', tag=4348968961), Unit(name='SCV', tag=4350803969), Unit(name='SCV', tag=4372037633), Unit(name='SCV', tag=4352114689)] for zone 1 to safety
09:03 12168  125ms    40M 1063G  98/110U INFO terranbot.builds.plans.acts.zone_defense:1062 Pulling worker [Unit(name='SCV', tag=4357881857), Unit(name='SCV', tag=4379377665), Unit(name='SCV', tag=4355260417), Unit(name='SCV', tag=4349493249), Unit(name='SCV', tag=4389339137), Unit(name='SCV', tag=4365484033), Unit(name='SCV', tag=4356308993)] for zone 1 to safety
09:03 12172  120ms    40M 1063G  98/110U INFO terranbot.builds.plans.acts.zone_defense:1062 Pulling worker [Unit(name='SCV', tag=4370989057), Unit(name='SCV', tag=4374396929), Unit(name='SCV', tag=4391960577), Unit(name='SCV', tag=4354736129), Unit(name='SCV', tag=4383571969), Unit(name='SCV', tag=4380426241), Unit(name='SCV', tag=4378329089), Unit(name='SCV', tag=4352901121), Unit(name='SCV', tag=4354473986), Unit(name='SCV', tag=4385406977), Unit(name='SCV', tag=4368367617), Unit(name='SCV', tag=4375707649)] for zone 1 to safety
09:03 12176  111ms    40M 1063G  98/110U INFO terranbot.builds.plans.acts.zone_defense:1062 Pulling worker [Unit(name='SCV', tag=4368891905), Unit(name='SCV', tag=4386717697), Unit(name='SCV', tag=4348968961), Unit(name='SCV', tag=4350541825), Unit(name='SCV', tag=4387766273), Unit(name='SCV', tag=4350803969), Unit(name='SCV', tag=4354211841), Unit(name='SCV', tag=4372037633), Unit(name='SCV', tag=4352114689)] for zone 1 to safety
09:03 12180  125ms    40M 1063G  98/110U INFO terranbot.builds.plans.acts.zone_defense:1062 Pulling worker [Unit(name='SCV', tag=4379377665), Unit(name='SCV', tag=4357881857), Unit(name='SCV', tag=4349231105), Unit(name='SCV', tag=4365484033), Unit(name='SCV', tag=4389339137), Unit(name='SCV', tag=4356308993)] for zone 1 to safety
09:03 12184   98ms    40M 1063G  98/110U INFO terranbot.builds.plans.acts.zone_defense:1062 Pulling worker [Unit(name='SCV', tag=4370989057), Unit(name='SCV', tag=4391960577), Unit(name='SCV', tag=4385406977), Unit(name='SCV', tag=4374396929), Unit(name='SCV', tag=4368367617), Unit(name='SCV', tag=4354736129), Unit(name='SCV', tag=4380426241), Unit(name='SCV', tag=4355260417), Unit(name='SCV', tag=4375707649), Unit(name='SCV', tag=4378329089), Unit(name='SCV', tag=4349493249)] for zone 1 to safety
09:04 12188  133ms    40M 1063G  98/110U INFO terranbot.builds.plans.acts.zone_defense:1062 Pulling worker [Unit(name='SCV', tag=4386717697), Unit(name='SCV', tag=4350541825), Unit(name='SCV', tag=4352901121), Unit(name='SCV', tag=4372037633), Unit(name='SCV', tag=4352114689), Unit(name='SCV', tag=4383571969), Unit(name='SCV', tag=4354473986), Unit(name='SCV', tag=4368891905)] for zone 1 to safety
09:04 12192  109ms    40M 1063G  98/110U INFO terranbot.builds.plans.acts.zone_defense:1062 Pulling worker [Unit(name='SCV', tag=4356308993), Unit(name='SCV', tag=4357881857), Unit(name='SCV', tag=4379377665), Unit(name='SCV', tag=4349231105), Unit(name='SCV', tag=4354211841), Unit(name='SCV', tag=4389339137), Unit(name='SCV', tag=4365484033)] for zone 1 to safety
09:04 12196  138ms    40M 1067G  98/110U INFO terranbot.builds.plans.acts.zone_defense:1062 Pulling worker [Unit(name='SCV', tag=4370989057), Unit(name='SCV', tag=4368367617), Unit(name='SCV', tag=4385406977), Unit(name='SCV', tag=4348706817), Unit(name='SCV', tag=4348968961), Unit(name='SCV', tag=4378329089), Unit(name='SCV', tag=4374396929), Unit(name='SCV', tag=4375707649), Unit(name='SCV', tag=4391960577), Unit(name='SCV', tag=4355260417), Unit(name='SCV', tag=4349493249)] for zone 1 to safety
09:04 12200  113ms    40M 1067G  98/110U INFO terranbot.builds.plans.acts.zone_defense:1062 Pulling worker [Unit(name='SCV', tag=4386717697), Unit(name='SCV', tag=4354473986), Unit(name='SCV', tag=4354736129), Unit(name='SCV', tag=4380426241), Unit(name='SCV', tag=4383571969), Unit(name='SCV', tag=4368891905)] for zone 1 to safety
09:04 12204  112ms    40M 1067G  98/110U INFO terranbot.builds.plans.acts.zone_defense:1062 Pulling worker [Unit(name='SCV', tag=4356308993), Unit(name='SCV', tag=4357881857), Unit(name='SCV', tag=4352901121), Unit(name='SCV', tag=4350803969), Unit(name='SCV', tag=4379377665), Unit(name='SCV', tag=4354211841), Unit(name='SCV', tag=4372037633), Unit(name='SCV', tag=4389339137), Unit(name='SCV', tag=4365484033)] for zone 1 to safety
09:05 12208  126ms    40M 1071G  98/110U INFO terranbot.builds.plans.acts.zone_defense:1062 Pulling worker [Unit(name='SCV', tag=4391960577), Unit(name='SCV', tag=4370989057), Unit(name='SCV', tag=4375707649), Unit(name='SCV', tag=4349493249), Unit(name='SCV', tag=4368367617), Unit(name='SCV', tag=4385406977), Unit(name='SCV', tag=4374396929), Unit(name='SCV', tag=4350541825), Unit(name='SCV', tag=4352114689), Unit(name='SCV', tag=4349231105), Unit(name='SCV', tag=4348968961), Unit(name='SCV', tag=4355260417)] for zone 1 to safety
09:05 12212  120ms    40M 1071G  98/110U INFO terranbot.builds.plans.acts.zone_defense:1062 Pulling worker [Unit(name='SCV', tag=4386717697), Unit(name='SCV', tag=4354473986), Unit(name='SCV', tag=4387766273), Unit(name='SCV', tag=4383571969), Unit(name='SCV', tag=4378329089), Unit(name='SCV', tag=4368891905)] for zone 1 to safety
09:05 12216  113ms    40M 1071G  98/110U INFO terranbot.builds.plans.acts.zone_defense:1062 Pulling worker [Unit(name='SCV', tag=4356308993), Unit(name='SCV', tag=4372037633), Unit(name='SCV', tag=4379377665), Unit(name='SCV', tag=4354736129), Unit(name='SCV', tag=4348706817), Unit(name='SCV', tag=4354211841), Unit(name='SCV', tag=4389339137), Unit(name='SCV', tag=4357881857), Unit(name='SCV', tag=4365484033)] for zone 1 to safety
09:05 12220  108ms    40M 1071G  98/110U INFO terranbot.builds.plans.acts.zone_defense:1062 Pulling worker [Unit(name='SCV', tag=4349493249), Unit(name='SCV', tag=4370989057), Unit(name='SCV', tag=4391960577), Unit(name='SCV', tag=4368367617), Unit(name='SCV', tag=4374396929), Unit(name='SCV', tag=4349231105), Unit(name='SCV', tag=4352114689), Unit(name='SCV', tag=4385406977), Unit(name='SCV', tag=4352901121), Unit(name='SCV', tag=4380426241), Unit(name='SCV', tag=4350803969), Unit(name='SCV', tag=4375707649), Unit(name='SCV', tag=4355260417)] for zone 1 to safety
09:05 12224  118ms    40M 1071G  98/110U INFO terranbot.builds.plans.acts.zone_defense:1062 Pulling worker [Unit(name='SCV', tag=4386717697), Unit(name='SCV', tag=4354473986), Unit(name='SCV', tag=4348968961), Unit(name='SCV', tag=4368891905)] for zone 1 to safety
09:05 12228  101ms    40M 1071G  98/110U INFO terranbot.activity.location_modifiers:130 unit_to_place_beside: Unit(name='Starport', tag=4363124737) - unit_to_place_beside.type_id=UnitTypeId.STARPORT - position=(41.5, 63.5)
09:05 12228  101ms    40M 1071G  98/110U INFO terranbot.builds.plans.acts.zone_defense:1062 Pulling worker [Unit(name='SCV', tag=4372037633), Unit(name='SCV', tag=4379377665), Unit(name='SCV', tag=4350541825), Unit(name='SCV', tag=4348706817), Unit(name='SCV', tag=4356308993), Unit(name='SCV', tag=4389339137), Unit(name='SCV', tag=4357881857), Unit(name='SCV', tag=4383571969)] for zone 1 to safety
09:06 12232  149ms    65M 1071G  98/110U INFO terranbot.builds.plans.acts.zone_defense:1062 Pulling worker [Unit(name='SCV', tag=4375707649), Unit(name='SCV', tag=4370989057), Unit(name='SCV', tag=4391960577), Unit(name='SCV', tag=4368367617), Unit(name='SCV', tag=4350803969), Unit(name='SCV', tag=4385406977), Unit(name='SCV', tag=4349231105), Unit(name='SCV', tag=4354211841), Unit(name='SCV', tag=4374396929), Unit(name='SCV', tag=4349493249), Unit(name='SCV', tag=4355260417)] for zone 1 to safety
09:06 12236  136ms    65M 1071G  98/110U INFO terranbot.builds.plans.acts.zone_defense:1062 Pulling worker [Unit(name='SCV', tag=4386717697), Unit(name='SCV', tag=4380426241), Unit(name='SCV', tag=4368891905), Unit(name='SCV', tag=4352114689)] for zone 1 to safety
09:06 12240  111ms    65M 1075G  98/110U INFO terranbot.builds.plans.acts.zone_defense:1062 Pulling worker [Unit(name='SCV', tag=4372037633), Unit(name='SCV', tag=4348968961), Unit(name='SCV', tag=4379377665), Unit(name='SCV', tag=4348706817), Unit(name='SCV', tag=4354736129), Unit(name='SCV', tag=4357357570), Unit(name='SCV', tag=4356308993), Unit(name='SCV', tag=4389339137), Unit(name='SCV', tag=4357881857)] for zone 1 to safety
09:06 12244  260ms    65M 1075G  98/110U INFO terranbot.builds.plans.acts.zone_defense:1062 Pulling worker [Unit(name='SCV', tag=4370989057), Unit(name='SCV', tag=4391960577), Unit(name='SCV', tag=4375707649), Unit(name='SCV', tag=4368367617), Unit(name='SCV', tag=4350803969), Unit(name='SCV', tag=4354211841), Unit(name='SCV', tag=4352901121), Unit(name='SCV', tag=4354473986), Unit(name='SCV', tag=4374396929), Unit(name='SCV', tag=4350541825), Unit(name='SCV', tag=4349493249), Unit(name='SCV', tag=4383571969)] for zone 1 to safety
09:06 12248  141ms    65M 1075G  98/110U INFO terranbot.builds.plans.acts.zone_defense:1062 Pulling worker [Unit(name='SCV', tag=4349231105), Unit(name='SCV', tag=4368891905), Unit(name='SCV', tag=4352114689), Unit(name='SCV', tag=4386717697)] for zone 1 to safety
09:06 12252  116ms    65M 1075G  98/110U INFO terranbot.builds.plans.acts.zone_defense:1062 Pulling worker [Unit(name='SCV', tag=4372037633), Unit(name='SCV', tag=4354736129), Unit(name='SCV', tag=4379377665), Unit(name='SCV', tag=4348706817), Unit(name='SCV', tag=4371513345), Unit(name='SCV', tag=4380426241), Unit(name='SCV', tag=4389339137), Unit(name='SCV', tag=4348968961), Unit(name='SCV', tag=4356308993), Unit(name='SCV', tag=4357881857)] for zone 1 to safety
09:07 12256  147ms    65M 1075G  98/110U INFO terranbot.builds.plans.acts.zone_defense:1062 Pulling worker [Unit(name='SCV', tag=4370989057), Unit(name='SCV', tag=4391960577), Unit(name='SCV', tag=4368367617), Unit(name='SCV', tag=4354211841), Unit(name='SCV', tag=4375707649), Unit(name='SCV', tag=4352901121), Unit(name='SCV', tag=4378329089), Unit(name='SCV', tag=4350541825), Unit(name='SCV', tag=4357357570), Unit(name='SCV', tag=4349493249), Unit(name='SCV', tag=4383571969)] for zone 1 to safety
09:07 12260  169ms    65M 1075G  98/110U INFO terranbot.builds.plans.acts.zone_defense:1062 Pulling worker [Unit(name='SCV', tag=4354473986), Unit(name='SCV', tag=4355260417), Unit(name='SCV', tag=4350803969), Unit(name='SCV', tag=4374396929), Unit(name='SCV', tag=4386717697)] for zone 1 to safety
09:07 12264  121ms    65M 1075G  98/110U INFO terranbot.builds.plans.acts.zone_defense:1062 Pulling worker [Unit(name='SCV', tag=4372037633), Unit(name='SCV', tag=4352114689), Unit(name='SCV', tag=4354736129), Unit(name='SCV', tag=4380426241), Unit(name='SCV', tag=4379377665), Unit(name='SCV', tag=4356308993), Unit(name='SCV', tag=4357881857), Unit(name='SCV', tag=4389339137), Unit(name='SCV', tag=4348968961), Unit(name='SCV', tag=4368891905)] for zone 1 to safety
09:07 12268  153ms    70M 1075G  98/110U INFO terranbot.builds.plans.acts.zone_defense:1062 Pulling worker [Unit(name='SCV', tag=4370989057), Unit(name='SCV', tag=4354211841), Unit(name='SCV', tag=4375707649), Unit(name='SCV', tag=4368367617), Unit(name='SCV', tag=4349493249), Unit(name='SCV', tag=4387766273), Unit(name='SCV', tag=4385406977), Unit(name='SCV', tag=4348706817), Unit(name='SCV', tag=4391960577), Unit(name='SCV', tag=4383571969)] for zone 1 to safety
09:07 12272  139ms    70M 1075G  98/110U INFO terranbot.builds.plans.acts.zone_defense:1062 Pulling worker [Unit(name='SCV', tag=4350803969), Unit(name='SCV', tag=4352901121), Unit(name='SCV', tag=4374396929), Unit(name='SCV', tag=4349231105), Unit(name='SCV', tag=4371513345), Unit(name='SCV', tag=4386717697)] for zone 1 to safety
09:08 12276  143ms    70M 1075G  98/110U INFO terranbot.builds.plans.acts.zone_defense:1062 Pulling worker [Unit(name='SCV', tag=4352114689), Unit(name='SCV', tag=4372037633), Unit(name='SCV', tag=4348968961), Unit(name='SCV', tag=4357881857), Unit(name='SCV', tag=4356308993), Unit(name='SCV', tag=4389339137), Unit(name='SCV', tag=4368891905)] for zone 1 to safety
09:08 12280  140ms    70M 1075G  98/110U INFO terranbot.builds.plans.acts.zone_defense:1062 Pulling worker [Unit(name='SCV', tag=4349493249), Unit(name='SCV', tag=4370989057), Unit(name='SCV', tag=4375707649), Unit(name='SCV', tag=4378329089), Unit(name='SCV', tag=4354473986), Unit(name='SCV', tag=4368367617), Unit(name='SCV', tag=4354736129), Unit(name='SCV', tag=4350541825), Unit(name='SCV', tag=4391960577), Unit(name='SCV', tag=4380426241), Unit(name='SCV', tag=4354211841), Unit(name='SCV', tag=4357357570), Unit(name='SCV', tag=4383571969)] for zone 1 to safety
09:08 12284  117ms    70M 1075G  98/110U INFO terranbot.builds.plans.acts.zone_defense:1062 Pulling worker [Unit(name='SCV', tag=4350803969), Unit(name='SCV', tag=4371513345), Unit(name='SCV', tag=4348706817), Unit(name='SCV', tag=4385406977), Unit(name='SCV', tag=4374396929), Unit(name='SCV', tag=4387766273), Unit(name='SCV', tag=4386717697)] for zone 1 to safety
09:08 12288  115ms    70M 1075G  98/110U INFO terranbot.builds.plans.acts.zone_defense:1062 Pulling worker [Unit(name='SCV', tag=4389339137), Unit(name='SCV', tag=4357881857), Unit(name='SCV', tag=4372037633), Unit(name='SCV', tag=4355260417), Unit(name='SCV', tag=4349231105), Unit(name='SCV', tag=4352114689), Unit(name='SCV', tag=4356308993), Unit(name='SCV', tag=4379377665), Unit(name='SCV', tag=4348968961)] for zone 1 to safety
09:08 12292  130ms    70M 1075G  98/110U INFO terranbot.builds.plans.acts.zone_defense:1062 Pulling worker [Unit(name='SCV', tag=4370989057), Unit(name='SCV', tag=4349493249), Unit(name='SCV', tag=4378329089), Unit(name='SCV', tag=4357357570), Unit(name='SCV', tag=4375707649), Unit(name='SCV', tag=4380426241), Unit(name='SCV', tag=4368891905), Unit(name='SCV', tag=4391960577), Unit(name='SCV', tag=4354211841)] for zone 1 to safety
09:08 12296   90ms    70M 1075G  98/110U INFO terranbot.builds.plans.acts.zone_defense:1062 Pulling worker [Unit(name='SCV', tag=4350803969), Unit(name='SCV', tag=4387766273), Unit(name='SCV', tag=4350541825), Unit(name='SCV', tag=4352901121), Unit(name='SCV', tag=4371513345), Unit(name='SCV', tag=4386717697), Unit(name='SCV', tag=4383571969)] for zone 1 to safety
09:09 12300   88ms    70M 1079G  98/110U INFO terranbot.builds.plans.acts.zone_defense:1062 Pulling worker [Unit(name='SCV', tag=4357881857), Unit(name='SCV', tag=4368367617), Unit(name='SCV', tag=4349231105), Unit(name='SCV', tag=4352114689), Unit(name='SCV', tag=4355260417), Unit(name='SCV', tag=4374396929), Unit(name='SCV', tag=4354736129), Unit(name='SCV', tag=4356308993), Unit(name='SCV', tag=4389339137), Unit(name='SCV', tag=4348968961)] for zone 1 to safety
09:09 12304  107ms    75M 1079G  98/110U INFO terranbot.builds.plans.acts.zone_defense:1062 Pulling worker [Unit(name='SCV', tag=4349493249), Unit(name='SCV', tag=4370989057), Unit(name='SCV', tag=4375707649), Unit(name='SCV', tag=4391960577), Unit(name='SCV', tag=4357357570), Unit(name='SCV', tag=4348706817), Unit(name='SCV', tag=4372037633), Unit(name='SCV', tag=4368891905), Unit(name='SCV', tag=4354473986), Unit(name='SCV', tag=4379377665), Unit(name='SCV', tag=4354211841)] for zone 1 to safety
09:09 12308  137ms    75M 1079G  98/110U INFO terranbot.activity.location_modifiers:130 unit_to_place_beside: Unit(name='Barracks', tag=4352638977) - unit_to_place_beside.type_id=UnitTypeId.BARRACKS - position=(41.5, 63.5)
09:09 12308  137ms    75M 1079G  98/110U INFO terranbot.builds.plans.acts.zone_defense:1062 Pulling worker [Unit(name='SCV', tag=4378329089), Unit(name='SCV', tag=4350541825), Unit(name='SCV', tag=4387766273), Unit(name='SCV', tag=4380426241), Unit(name='SCV', tag=4350803969), Unit(name='SCV', tag=4371513345), Unit(name='SCV', tag=4386717697), Unit(name='SCV', tag=4383571969)] for zone 1 to safety
09:09 12312  102ms    75M 1079G  98/110U INFO terranbot.builds.plans.acts.zone_defense:1062 Pulling worker [Unit(name='SCV', tag=4357881857), Unit(name='SCV', tag=4368367617), Unit(name='SCV', tag=4356308993), Unit(name='SCV', tag=4352114689), Unit(name='SCV', tag=4349231105), Unit(name='SCV', tag=4354736129), Unit(name='SCV', tag=4352901121), Unit(name='SCV', tag=4389339137), Unit(name='SCV', tag=4348968961)] for zone 1 to safety
09:09 12316  108ms    80M 1079G  98/110U INFO terranbot.builds.plans.acts.zone_defense:1062 Pulling worker [Unit(name='SCV', tag=4349493249), Unit(name='SCV', tag=4370989057), Unit(name='SCV', tag=4375707649), Unit(name='SCV', tag=4372037633), Unit(name='SCV', tag=4354473986), Unit(name='SCV', tag=4355260417), Unit(name='SCV', tag=4379377665), Unit(name='SCV', tag=4354211841)] for zone 1 to safety
09:10 12320   96ms    80M 1079G  98/110U INFO terranbot.builds.plans.acts.zone_defense:1062 Pulling worker [Unit(name='SCV', tag=4350803969), Unit(name='SCV', tag=4374396929), Unit(name='SCV', tag=4380426241), Unit(name='SCV', tag=4357357570), Unit(name='SCV', tag=4383571969), Unit(name='SCV', tag=4391960577), Unit(name='SCV', tag=4371513345), Unit(name='SCV', tag=4368891905), Unit(name='SCV', tag=4386717697)] for zone 1 to safety
09:10 12324  110ms    80M 1079G  98/110U INFO terranbot.builds.plans.acts.zone_defense:1062 Pulling worker [Unit(name='SCV', tag=4356308993), Unit(name='SCV', tag=4357881857), Unit(name='SCV', tag=4352114689), Unit(name='SCV', tag=4350541825), Unit(name='SCV', tag=4368367617), Unit(name='SCV', tag=4354736129), Unit(name='SCV', tag=4385406977), Unit(name='SCV', tag=4389339137), Unit(name='SCV', tag=4348968961)] for zone 1 to safety
09:10 12328  128ms    80M 1083G  98/110U INFO terranbot.activity.location_modifiers:130 unit_to_place_beside: Unit(name='Barracks', tag=4378066945) - unit_to_place_beside.type_id=UnitTypeId.BARRACKS - position=(41.5, 63.5)
09:10 12328  128ms    80M 1083G  98/110U INFO terranbot.builds.plans.acts.zone_defense:1062 Pulling worker [Unit(name='SCV', tag=4370989057), Unit(name='SCV', tag=4349493249), Unit(name='SCV', tag=4375707649), Unit(name='SCV', tag=4379377665), Unit(name='SCV', tag=4372037633), Unit(name='SCV', tag=4354211841), Unit(name='SCV', tag=4352901121), Unit(name='SCV', tag=4348706817)] for zone 1 to safety
09:10 12332  108ms    80M 1083G  98/110U INFO terranbot.builds.plans.acts.zone_defense:1062 Pulling worker [Unit(name='SCV', tag=4350803969), Unit(name='SCV', tag=4354473986), Unit(name='SCV', tag=4391960577), Unit(name='SCV', tag=4349231105), Unit(name='SCV', tag=4355260417), Unit(name='SCV', tag=4378329089), Unit(name='SCV', tag=4387766273), Unit(name='SCV', tag=4371513345), Unit(name='SCV', tag=4368891905), Unit(name='SCV', tag=4386717697)] for zone 1 to safety
09:10 12336  104ms    80M 1083G  98/110U INFO terranbot.builds.plans.acts.zone_defense:1062 Pulling worker [Unit(name='SCV', tag=4357881857), Unit(name='SCV', tag=4356308993), Unit(name='SCV', tag=4352114689), Unit(name='SCV', tag=4357357570), Unit(name='SCV', tag=4350541825), Unit(name='SCV', tag=4368367617), Unit(name='SCV', tag=4383571969), Unit(name='SCV', tag=4348968961), Unit(name='SCV', tag=4389339137)] for zone 1 to safety
09:10 12340  116ms    80M 1083G  98/110U INFO terranbot.builds.plans.acts.zone_defense:1062 Pulling worker [Unit(name='SCV', tag=4370989057), Unit(name='SCV', tag=4375707649), Unit(name='SCV', tag=4348706817), Unit(name='SCV', tag=4380426241), Unit(name='SCV', tag=4385406977), Unit(name='SCV', tag=4349493249), Unit(name='SCV', tag=4354211841)] for zone 1 to safety
09:11 12344   92ms    80M 1083G  98/110U INFO terranbot.builds.plans.acts.zone_defense:1062 Pulling worker [Unit(name='SCV', tag=4354473986), Unit(name='SCV', tag=4350803969), Unit(name='SCV', tag=4354736129), Unit(name='SCV', tag=4367319041), Unit(name='SCV', tag=4374396929), Unit(name='SCV', tag=4371513345), Unit(name='SCV', tag=4352901121), Unit(name='SCV', tag=4349231105), Unit(name='SCV', tag=4368891905), Unit(name='SCV', tag=4387766273)] for zone 1 to safety
09:11 12348  112ms    85M 1083G  98/110U INFO terranbot.builds.plans.acts.zone_defense:1062 Pulling worker [Unit(name='SCV', tag=4357881857), Unit(name='SCV', tag=4356308993), Unit(name='SCV', tag=4352114689), Unit(name='SCV', tag=4391960577), Unit(name='SCV', tag=4355260417), Unit(name='SCV', tag=4379377665), Unit(name='SCV', tag=4372037633), Unit(name='SCV', tag=4389339137), Unit(name='SCV', tag=4350541825), Unit(name='SCV', tag=4348968961), Unit(name='SCV', tag=4386717697)] for zone 1 to safety
09:11 12352  118ms    85M 1083G  98/110U INFO terranbot.builds.plans.acts.zone_defense:1062 Pulling worker [Unit(name='SCV', tag=4370989057), Unit(name='SCV', tag=4348706817), Unit(name='SCV', tag=4375707649), Unit(name='SCV', tag=4357357570), Unit(name='SCV', tag=4368367617), Unit(name='SCV', tag=4354211841), Unit(name='SCV', tag=4383571969), Unit(name='SCV', tag=4380426241), Unit(name='SCV', tag=4349493249)] for zone 1 to safety
09:11 12356  122ms    85M 1083G  98/110U INFO terranbot.builds.plans.acts.zone_defense:1062 Pulling worker [Unit(name='SCV', tag=4354473986), Unit(name='SCV', tag=4368891905), Unit(name='SCV', tag=4350803969), Unit(name='SCV', tag=4352901121), Unit(name='SCV', tag=4378329089), Unit(name='SCV', tag=4385406977), Unit(name='SCV', tag=4349231105), Unit(name='SCV', tag=4387766273)] for zone 1 to safety
09:11 12360  102ms    85M 1083G  98/110U INFO terranbot.builds.plans.acts.zone_defense:1062 Pulling worker [Unit(name='SCV', tag=4357881857), Unit(name='SCV', tag=4352114689), Unit(name='SCV', tag=4356308993), Unit(name='SCV', tag=4355260417), Unit(name='SCV', tag=4371513345), Unit(name='SCV', tag=4348968961), Unit(name='SCV', tag=4389339137), Unit(name='SCV', tag=4350541825), Unit(name='SCV', tag=4386717697), Unit(name='SCV', tag=4379377665)] for zone 1 to safety
09:11 12364  109ms    85M 1083G  98/110U INFO terranbot.builds.plans.acts.zone_defense:1062 Pulling worker [Unit(name='SCV', tag=4370989057), Unit(name='SCV', tag=4375707649), Unit(name='SCV', tag=4357357570), Unit(name='SCV', tag=4374396929), Unit(name='SCV', tag=4348706817), Unit(name='SCV', tag=4383571969), Unit(name='SCV', tag=4372037633), Unit(name='SCV', tag=4349493249)] for zone 1 to safety
09:12 12368  101ms    85M 1083G  98/110U INFO sharpy.managers.core.log_manager:80 [GameAnalyzer] Known army advantage is now ClearAdvantage
09:12 12368  101ms    85M 1083G  98/110U INFO terranbot.builds.plans.acts.zone_defense:1062 Pulling worker [Unit(name='SCV', tag=4354473986), Unit(name='SCV', tag=4368891905), Unit(name='SCV', tag=4350803969), Unit(name='SCV', tag=4380426241), Unit(name='SCV', tag=4391960577), Unit(name='SCV', tag=4352901121), Unit(name='SCV', tag=4378329089), Unit(name='SCV', tag=4368367617), Unit(name='SCV', tag=4385406977), Unit(name='SCV', tag=4387766273)] for zone 1 to safety
09:12 12372  132ms    35M 1083G  98/110U INFO terranbot.builds.plans.acts.zone_defense:1062 Pulling worker [Unit(name='SCV', tag=4386717697), Unit(name='SCV', tag=4352114689), Unit(name='SCV', tag=4357881857), Unit(name='SCV', tag=4356308993), Unit(name='SCV', tag=4354736129), Unit(name='SCV', tag=4354211841), Unit(name='SCV', tag=4350541825), Unit(name='SCV', tag=4389339137)] for zone 1 to safety
09:12 12376  107ms    35M 1083G  99/110U INFO terranbot.builds.plans.acts.zone_defense:1062 Pulling worker [Unit(name='SCV', tag=4370989057), Unit(name='SCV', tag=4375707649), Unit(name='SCV', tag=4348706817), Unit(name='SCV', tag=4357357570), Unit(name='SCV', tag=4349231105), Unit(name='SCV', tag=4348968961), Unit(name='SCV', tag=4371513345), Unit(name='SCV', tag=4349493249)] for zone 1 to safety
09:12 12380   95ms    60M 1083G  99/110U INFO terranbot.builds.plans.acts.zone_defense:1062 Pulling worker [Unit(name='SCV', tag=4368891905), Unit(name='SCV', tag=4354473986), Unit(name='SCV', tag=4380426241), Unit(name='SCV', tag=4368367617), Unit(name='SCV', tag=4355260417), Unit(name='SCV', tag=4387766273), Unit(name='SCV', tag=4383571969), Unit(name='SCV', tag=4379377665), Unit(name='SCV', tag=4385406977), Unit(name='SCV', tag=4350803969)] for zone 1 to safety
09:12 12384  115ms    60M 1083G  99/110U INFO terranbot.builds.plans.acts.zone_defense:1062 Pulling worker [Unit(name='SCV', tag=4357881857), Unit(name='SCV', tag=4386717697), Unit(name='SCV', tag=4352114689), Unit(name='SCV', tag=4391960577), Unit(name='SCV', tag=4354211841), Unit(name='SCV', tag=4372037633), Unit(name='SCV', tag=4354736129), Unit(name='SCV', tag=4352901121), Unit(name='SCV', tag=4378329089), Unit(name='SCV', tag=4389339137), Unit(name='SCV', tag=4350541825)] for zone 1 to safety
09:13 12388  157ms    60M 1083G  99/110U INFO terranbot.activity.location_modifiers:130 unit_to_place_beside: Unit(name='Starport', tag=4363124737) - unit_to_place_beside.type_id=UnitTypeId.STARPORT - position=(41.5, 63.5)
09:13 12388  157ms    60M 1083G  99/110U INFO terranbot.builds.plans.acts.zone_defense:1062 Pulling worker [Unit(name='SCV', tag=4370989057), Unit(name='SCV', tag=4375707649), Unit(name='SCV', tag=4348706817), Unit(name='SCV', tag=4349493249), Unit(name='SCV', tag=4357357570), Unit(name='SCV', tag=4356308993), Unit(name='SCV', tag=4349231105), Unit(name='SCV', tag=4371513345)] for zone 1 to safety
09:13 12392  125ms    60M 1083G  99/110U INFO terranbot.builds.plans.acts.zone_defense:1062 Pulling worker [Unit(name='SCV', tag=4354473986), Unit(name='SCV', tag=4368367617), Unit(name='SCV', tag=4348968961), Unit(name='SCV', tag=4374396929), Unit(name='SCV', tag=4380426241), Unit(name='SCV', tag=4385406977), Unit(name='SCV', tag=4368891905), Unit(name='SCV', tag=4350803969)] for zone 1 to safety
09:13 12396  112ms    60M 1083G  99/110U INFO terranbot.builds.plans.acts.zone_defense:1062 Pulling worker [Unit(name='MULE', tag=4417388545), Unit(name='SCV', tag=4386717697), Unit(name='SCV', tag=4350541825), Unit(name='SCV', tag=4352114689), Unit(name='SCV', tag=4357881857), Unit(name='SCV', tag=4372037633), Unit(name='SCV', tag=4378329089), Unit(name='SCV', tag=4379377665), Unit(name='SCV', tag=4355260417), Unit(name='SCV', tag=4389339137), Unit(name='SCV', tag=4383571969), Unit(name='SCV', tag=4354736129)] for zone 1 to safety
09:13 12400  125ms    60M 1087G  99/110U INFO terranbot.builds.plans.acts.zone_defense:1062 Pulling worker [Unit(name='SCV', tag=4370989057), Unit(name='SCV', tag=4348706817), Unit(name='SCV', tag=4357357570), Unit(name='SCV', tag=4387766273), Unit(name='SCV', tag=4349231105), Unit(name='SCV', tag=4349493249), Unit(name='SCV', tag=4375707649), Unit(name='SCV', tag=4371513345)] for zone 1 to safety
09:13 12404  111ms    60M 1087G  99/110U INFO terranbot.builds.plans.acts.zone_defense:1062 Pulling worker [Unit(name='SCV', tag=4350803969), Unit(name='SCV', tag=4354473986), Unit(name='SCV', tag=4368367617), Unit(name='SCV', tag=4348968961), Unit(name='SCV', tag=4356308993), Unit(name='SCV', tag=4380426241), Unit(name='SCV', tag=4354211841), Unit(name='SCV', tag=4368891905), Unit(name='SCV', tag=4385406977)] for zone 1 to safety
09:13 12408   92ms    60M 1087G  99/110U INFO terranbot.builds.plans.acts.zone_defense:1062 Pulling worker [Unit(name='MULE', tag=4417388545), Unit(name='SCV', tag=4386717697), Unit(name='SCV', tag=4357881857), Unit(name='SCV', tag=4350541825), Unit(name='SCV', tag=4352901121), Unit(name='SCV', tag=4372037633), Unit(name='SCV', tag=4355260417), Unit(name='SCV', tag=4379377665), Unit(name='SCV', tag=4389339137), Unit(name='SCV', tag=4383571969)] for zone 1 to safety
09:14 12412  107ms    60M 1091G  99/110U INFO terranbot.builds.plans.acts.zone_defense:1062 Pulling worker [Unit(name='SCV', tag=4370989057), Unit(name='SCV', tag=4387766273), Unit(name='SCV', tag=4375707649), Unit(name='SCV', tag=4354736129), Unit(name='SCV', tag=4374396929), Unit(name='SCV', tag=4348706817), Unit(name='SCV', tag=4371513345)] for zone 1 to safety
09:14 12416   94ms    60M 1091G  99/110U INFO terranbot.builds.plans.acts.zone_defense:1062 Pulling worker [Unit(name='SCV', tag=4350803969), Unit(name='SCV', tag=4354473986), Unit(name='SCV', tag=4368367617), Unit(name='SCV', tag=4378329089), Unit(name='SCV', tag=4349493249), Unit(name='SCV', tag=4348968961), Unit(name='SCV', tag=4368891905), Unit(name='SCV', tag=4385406977)] for zone 1 to safety
09:14 12420  127ms    60M 1091G  99/110U INFO terranbot.builds.plans.acts.zone_defense:1062 Pulling worker [Unit(name='SCV', tag=4386717697), Unit(name='MULE', tag=4417388545), Unit(name='SCV', tag=4357881857), Unit(name='SCV', tag=4350541825), Unit(name='SCV', tag=4372037633), Unit(name='SCV', tag=4391960577), Unit(name='SCV', tag=4356308993), Unit(name='SCV', tag=4380426241), Unit(name='SCV', tag=4355260417), Unit(name='SCV', tag=4389339137)] for zone 1 to safety
09:14 12424  132ms    60M 1091G  99/110U INFO terranbot.builds.plans.acts.zone_defense:1062 Pulling worker [Unit(name='SCV', tag=4370989057), Unit(name='SCV', tag=4352901121), Unit(name='SCV', tag=4374396929), Unit(name='SCV', tag=4371513345), Unit(name='SCV', tag=4349231105), Unit(name='SCV', tag=4354211841), Unit(name='SCV', tag=4379377665), Unit(name='SCV', tag=4375707649), Unit(name='SCV', tag=4348706817), Unit(name='SCV', tag=4383571969)] for zone 1 to safety
09:14 12428  124ms    60M 1091G  99/110U INFO terranbot.builds.plans.acts.zone_defense:1062 Pulling worker [Unit(name='SCV', tag=4354473986), Unit(name='SCV', tag=4350803969), Unit(name='SCV', tag=4357357570), Unit(name='SCV', tag=4378329089), Unit(name='SCV', tag=4368367617), Unit(name='SCV', tag=4354736129), Unit(name='SCV', tag=4385406977), Unit(name='SCV', tag=4368891905)] for zone 1 to safety
09:15 12432  121ms    65M 1091G  99/110U INFO terranbot.builds.plans.acts.zone_defense:1062 Pulling worker [Unit(name='SCV', tag=4372037633), Unit(name='MULE', tag=4417388545), Unit(name='SCV', tag=4357881857), Unit(name='SCV', tag=4386717697), Unit(name='SCV', tag=4350541825), Unit(name='SCV', tag=4387766273), Unit(name='SCV', tag=4349493249), Unit(name='SCV', tag=4348968961), Unit(name='SCV', tag=4355260417), Unit(name='SCV', tag=4389339137)] for zone 1 to safety
09:15 12436  134ms    70M 1091G  99/110U INFO terranbot.builds.plans.acts.zone_defense:1062 Pulling worker [Unit(name='SCV', tag=4370989057), Unit(name='SCV', tag=4354211841), Unit(name='SCV', tag=4380426241), Unit(name='SCV', tag=4379377665), Unit(name='SCV', tag=4356308993), Unit(name='SCV', tag=4349231105), Unit(name='SCV', tag=4348706817), Unit(name='SCV', tag=4375707649)] for zone 1 to safety
09:15 12440   87ms    70M 1091G  99/110U INFO terranbot.builds.plans.acts.zone_defense:1062 Pulling worker [Unit(name='SCV', tag=4350803969), Unit(name='SCV', tag=4378329089), Unit(name='SCV', tag=4354736129), Unit(name='SCV', tag=4368367617), Unit(name='SCV', tag=4357357570), Unit(name='SCV', tag=4352901121), Unit(name='SCV', tag=4391960577), Unit(name='SCV', tag=4385406977), Unit(name='SCV', tag=4371513345), Unit(name='SCV', tag=4374396929), Unit(name='SCV', tag=4383571969), Unit(name='SCV', tag=4368891905), Unit(name='SCV', tag=4354473986)] for zone 1 to safety
09:15 12444  106ms    70M 1091G  99/110U INFO terranbot.builds.plans.acts.zone_defense:1062 Pulling worker [Unit(name='MULE', tag=4417388545), Unit(name='SCV', tag=4357881857), Unit(name='SCV', tag=4386717697), Unit(name='SCV', tag=4372037633), Unit(name='SCV', tag=4350541825), Unit(name='SCV', tag=4349493249), Unit(name='SCV', tag=4355260417), Unit(name='SCV', tag=4389339137)] for zone 1 to safety
09:15 12448   90ms    70M 1091G  99/110U INFO terranbot.builds.plans.acts.zone_defense:1062 Pulling worker [Unit(name='SCV', tag=4348706817), Unit(name='SCV', tag=4379377665), Unit(name='SCV', tag=4354211841), Unit(name='SCV', tag=4370989057), Unit(name='SCV', tag=4348968961), Unit(name='SCV', tag=4375707649)] for zone 1 to safety
09:15 12452  126ms    70M 1091G  99/110U INFO terranbot.builds.plans.acts.zone_defense:1062 Pulling worker [Unit(name='SCV', tag=4350803969), Unit(name='SCV', tag=4374396929), Unit(name='SCV', tag=4368367617), Unit(name='SCV', tag=4354736129), Unit(name='SCV', tag=4387766273), Unit(name='SCV', tag=4380426241), Unit(name='SCV', tag=4371513345), Unit(name='SCV', tag=4383571969), Unit(name='SCV', tag=4349231105), Unit(name='SCV', tag=4385406977), Unit(name='SCV', tag=4354473986), Unit(name='SCV', tag=4368891905), Unit(name='SCV', tag=4356308993)] for zone 1 to safety
09:16 12456  131ms    70M 1091G  99/110U INFO terranbot.builds.plans.acts.zone_defense:1062 Pulling worker [Unit(name='MULE', tag=4417388545), Unit(name='SCV', tag=4357881857), Unit(name='SCV', tag=4355260417), Unit(name='SCV', tag=4372037633), Unit(name='SCV', tag=4352901121), Unit(name='SCV', tag=4389339137), Unit(name='SCV', tag=4350541825), Unit(name='SCV', tag=4391960577), Unit(name='SCV', tag=4386717697)] for zone 1 to safety
09:16 12460  110ms    70M 1091G  99/110U INFO terranbot.builds.plans.acts.zone_defense:1062 Pulling worker [Unit(name='SCV', tag=4348706817), Unit(name='SCV', tag=4370989057), Unit(name='SCV', tag=4379377665), Unit(name='SCV', tag=4354211841), Unit(name='SCV', tag=4349493249), Unit(name='SCV', tag=4375707649)] for zone 1 to safety
09:16 12464   92ms    70M 1091G  99/110U INFO terranbot.builds.plans.acts.zone_defense:1062 Pulling worker [Unit(name='SCV', tag=4350803969), Unit(name='SCV', tag=4368367617), Unit(name='SCV', tag=4374396929), Unit(name='SCV', tag=4380426241), Unit(name='SCV', tag=4354736129), Unit(name='SCV', tag=4385406977), Unit(name='SCV', tag=4387766273), Unit(name='SCV', tag=4348968961), Unit(name='SCV', tag=4357357570), Unit(name='SCV', tag=4354473986), Unit(name='SCV', tag=4368891905)] for zone 1 to safety
09:16 12468  138ms    70M 1091G  99/110U INFO terranbot.builds.plans.acts.zone_defense:1062 Pulling worker [Unit(name='SCV', tag=4357881857), Unit(name='SCV', tag=4355260417), Unit(name='MULE', tag=4417388545), Unit(name='SCV', tag=4372037633), Unit(name='SCV', tag=4389339137), Unit(name='SCV', tag=4356308993), Unit(name='SCV', tag=4383571969), Unit(name='SCV', tag=4386717697)] for zone 1 to safety
09:16 12472  102ms    70M 1091G  99/110U INFO terranbot.builds.plans.acts.zone_defense:1062 Pulling worker [Unit(name='SCV', tag=4348706817), Unit(name='SCV', tag=4370989057), Unit(name='SCV', tag=4391960577), Unit(name='SCV', tag=4378329089), Unit(name='SCV', tag=4379377665), Unit(name='SCV', tag=4375707649)] for zone 1 to safety
09:16 12476  105ms    75M 1091G  99/110U INFO terranbot.builds.plans.acts.zone_defense:1062 Pulling worker [Unit(name='SCV', tag=4350803969), Unit(name='SCV', tag=4380426241), Unit(name='SCV', tag=4350541825), Unit(name='SCV', tag=4385406977), Unit(name='SCV', tag=4357357570), Unit(name='SCV', tag=4368367617), Unit(name='SCV', tag=4359979009), Unit(name='SCV', tag=4354211841), Unit(name='SCV', tag=4348968961), Unit(name='SCV', tag=4354736129), Unit(name='SCV', tag=4354473986), Unit(name='SCV', tag=4349493249), Unit(name='SCV', tag=4368891905)] for zone 1 to safety
09:17 12480  125ms    75M 1091G  99/110U INFO terranbot.builds.plans.acts.zone_defense:1062 Pulling worker [Unit(name='MULE', tag=4417388545), Unit(name='SCV', tag=4357881857), Unit(name='SCV', tag=4355260417), Unit(name='SCV', tag=4372037633), Unit(name='SCV', tag=4371513345), Unit(name='SCV', tag=4374396929), Unit(name='SCV', tag=4389339137), Unit(name='SCV', tag=4383571969), Unit(name='SCV', tag=4352901121), Unit(name='SCV', tag=4386717697)] for zone 1 to safety
09:17 12484  156ms    75M 1091G  99/110U INFO terranbot.builds.plans.acts.zone_defense:1062 Pulling worker [Unit(name='SCV', tag=4370989057), Unit(name='SCV', tag=4391960577), Unit(name='SCV', tag=4375707649), Unit(name='SCV', tag=4379377665), Unit(name='SCV', tag=4348706817)] for zone 1 to safety
09:17 12488   89ms    75M 1091G  99/110U INFO terranbot.builds.plans.acts.zone_defense:1062 Pulling worker [Unit(name='SCV', tag=4354736129), Unit(name='SCV', tag=4380426241), Unit(name='SCV', tag=4350803969), Unit(name='SCV', tag=4385406977), Unit(name='SCV', tag=4350541825), Unit(name='SCV', tag=4368367617), Unit(name='SCV', tag=4357357570), Unit(name='SCV', tag=4348968961), Unit(name='SCV', tag=4356308993), Unit(name='SCV', tag=4387766273), Unit(name='SCV', tag=4354473986), Unit(name='SCV', tag=4368891905), Unit(name='SCV', tag=4349493249)] for zone 1 to safety
09:17 12492  130ms    75M 1091G  99/110U INFO terranbot.builds.plans.acts.zone_defense:1062 Pulling worker [Unit(name='SCV', tag=4355260417), Unit(name='MULE', tag=4417388545), Unit(name='SCV', tag=4357881857), Unit(name='SCV', tag=4372037633), Unit(name='SCV', tag=4371513345), Unit(name='SCV', tag=4354211841), Unit(name='SCV', tag=4352901121), Unit(name='SCV', tag=4378329089), Unit(name='SCV', tag=4389339137), Unit(name='SCV', tag=4386717697)] for zone 1 to safety
09:17 12496  133ms    75M 1091G  99/110U INFO terranbot.builds.plans.acts.zone_defense:1062 Pulling worker [Unit(name='SCV', tag=4370989057), Unit(name='SCV', tag=4391960577), Unit(name='SCV', tag=4375707649), Unit(name='SCV', tag=4359979009), Unit(name='SCV', tag=4383571969), Unit(name='SCV', tag=4348706817), Unit(name='SCV', tag=4379377665)] for zone 1 to safety
09:18 12500  122ms    75M 1099G  99/110U INFO terranbot.builds.plans.acts.zone_defense:1062 Pulling worker [Unit(name='SCV', tag=4380426241), Unit(name='SCV', tag=4350803969), Unit(name='SCV', tag=4387766273), Unit(name='SCV', tag=4356308993), Unit(name='SCV', tag=4385406977), Unit(name='SCV', tag=4350541825), Unit(name='SCV', tag=4349493249), Unit(name='SCV', tag=4374396929), Unit(name='SCV', tag=4348968961), Unit(name='SCV', tag=4354736129), Unit(name='SCV', tag=4354473986), Unit(name='SCV', tag=4368891905)] for zone 1 to safety
09:18 12504  114ms    75M 1099G  99/110U INFO terranbot.builds.plans.acts.zone_defense:1062 Pulling worker [Unit(name='MULE', tag=4417388545), Unit(name='SCV', tag=4372037633), Unit(name='SCV', tag=4357881857), Unit(name='SCV', tag=4371513345), Unit(name='SCV', tag=4389339137), Unit(name='SCV', tag=4378329089), Unit(name='SCV', tag=4357357570), Unit(name='SCV', tag=4355260417), Unit(name='SCV', tag=4386717697)] for zone 1 to safety
09:18 12508  115ms    75M 1099G  99/110U INFO terranbot.activity.location_modifiers:130 unit_to_place_beside: Unit(name='Barracks', tag=4378066945) - unit_to_place_beside.type_id=UnitTypeId.BARRACKS - position=(41.5, 63.5)
09:18 12508  115ms    75M 1099G  99/110U INFO terranbot.builds.plans.acts.zone_defense:1062 Pulling worker [Unit(name='SCV', tag=4370989057), Unit(name='SCV', tag=4391960577), Unit(name='SCV', tag=4352901121), Unit(name='SCV', tag=4349231105), Unit(name='SCV', tag=4348706817), Unit(name='SCV', tag=4379377665)] for zone 1 to safety
09:18 12512   86ms    75M 1099G  99/110U INFO terranbot.builds.plans.acts.zone_defense:1062 Pulling worker [Unit(name='SCV', tag=4350803969), Unit(name='SCV', tag=4380426241), Unit(name='SCV', tag=4385406977), Unit(name='SCV', tag=4356308993), Unit(name='SCV', tag=4350541825), Unit(name='SCV', tag=4354211841), Unit(name='SCV', tag=4368367617), Unit(name='SCV', tag=4359979009), Unit(name='SCV', tag=4354473986), Unit(name='SCV', tag=4354736129), Unit(name='SCV', tag=4348968961), Unit(name='SCV', tag=4368891905), Unit(name='SCV', tag=4383571969)] for zone 1 to safety
09:18 12516  130ms    75M 1099G  99/110U INFO terranbot.activity.location_modifiers:130 unit_to_place_beside: Unit(name='Barracks', tag=4352638977) - unit_to_place_beside.type_id=UnitTypeId.BARRACKS - position=(41.5, 63.5)
09:18 12516  130ms    25M 1099G  99/110U INFO terranbot.builds.plans.acts.zone_defense:1062 Pulling worker [Unit(name='MULE', tag=4417388545), Unit(name='SCV', tag=4386717697), Unit(name='SCV', tag=4372037633), Unit(name='SCV', tag=4357881857), Unit(name='SCV', tag=4357357570), Unit(name='SCV', tag=4371513345), Unit(name='SCV', tag=4378329089), Unit(name='SCV', tag=4375707649), Unit(name='SCV', tag=4355260417)] for zone 1 to safety
09:18 12520  104ms    75M 1099G  99/110U INFO terranbot.builds.plans.acts.zone_defense:1062 Pulling worker [Unit(name='SCV', tag=4370989057), Unit(name='SCV', tag=4391960577), Unit(name='SCV', tag=4387766273), Unit(name='SCV', tag=4374396929), Unit(name='SCV', tag=4389339137), Unit(name='SCV', tag=4379377665), Unit(name='SCV', tag=4348706817)] for zone 1 to safety
09:19 12524  114ms    75M 1099G  99/110U INFO terranbot.builds.plans.acts.zone_defense:1062 Pulling worker [Unit(name='SCV', tag=4356308993), Unit(name='SCV', tag=4380426241), Unit(name='SCV', tag=4354736129), Unit(name='SCV', tag=4350541825), Unit(name='SCV', tag=4349493249), Unit(name='SCV', tag=4368367617), Unit(name='SCV', tag=4383571969), Unit(name='SCV', tag=4350803969), Unit(name='SCV', tag=4354473986), Unit(name='SCV', tag=4348968961), Unit(name='SCV', tag=4368891905)] for zone 1 to safety
09:19 12528  119ms    80M 1099G  99/110U INFO terranbot.builds.plans.acts.zone_defense:1062 Pulling worker [Unit(name='MULE', tag=4417388545), Unit(name='SCV', tag=4386717697), Unit(name='SCV', tag=4372037633), Unit(name='SCV', tag=4354211841), Unit(name='SCV', tag=4375707649), Unit(name='SCV', tag=4357357570), Unit(name='SCV', tag=4385406977), Unit(name='SCV', tag=4359979009), Unit(name='SCV', tag=4349231105), Unit(name='SCV', tag=4355260417), Unit(name='SCV', tag=4357881857)] for zone 1 to safety
09:19 12532  134ms    85M 1099G  99/110U INFO terranbot.builds.plans.acts.zone_defense:1062 Pulling worker [Unit(name='SCV', tag=4348706817), Unit(name='SCV', tag=4370989057), Unit(name='SCV', tag=4391960577), Unit(name='SCV', tag=4379377665), Unit(name='SCV', tag=4378329089), Unit(name='SCV', tag=4389339137)] for zone 1 to safety
09:19 12536   98ms    85M 1099G  99/110U INFO terranbot.builds.plans.acts.zone_defense:1062 Pulling worker [Unit(name='SCV', tag=4380426241), Unit(name='SCV', tag=4354736129), Unit(name='SCV', tag=4350803969), Unit(name='SCV', tag=4356308993), Unit(name='SCV', tag=4348968961), Unit(name='SCV', tag=4374396929), Unit(name='SCV', tag=4352901121), Unit(name='SCV', tag=4371513345), Unit(name='SCV', tag=4350541825), Unit(name='SCV', tag=4368367617), Unit(name='SCV', tag=4354473986), Unit(name='SCV', tag=4368891905)] for zone 1 to safety
09:19 12540  118ms    85M 1099G  99/110U INFO terranbot.builds.plans.acts.zone_defense:1062 Pulling worker [Unit(name='MULE', tag=4417388545), Unit(name='SCV', tag=4386717697), Unit(name='SCV', tag=4357881857), Unit(name='SCV', tag=4375707649), Unit(name='SCV', tag=4372037633), Unit(name='SCV', tag=4359979009), Unit(name='SCV', tag=4383571969), Unit(name='SCV', tag=4354211841)] for zone 1 to safety
09:20 12544  118ms    85M 1103G  99/110U INFO terranbot.builds.plans.acts.zone_defense:1062 Pulling worker [Unit(name='SCV', tag=4348706817), Unit(name='SCV', tag=4391960577), Unit(name='SCV', tag=4387766273), Unit(name='SCV', tag=4385406977), Unit(name='SCV', tag=4357357570), Unit(name='SCV', tag=4350279681), Unit(name='SCV', tag=4378329089), Unit(name='SCV', tag=4379377665), Unit(name='SCV', tag=4370989057)] for zone 1 to safety
09:20 12548  137ms    85M 1103G  99/110U INFO terranbot.builds.plans.acts.zone_defense:1062 Pulling worker [Unit(name='SCV', tag=4380426241), Unit(name='SCV', tag=4368891905), Unit(name='SCV', tag=4350803969), Unit(name='SCV', tag=4354736129), Unit(name='SCV', tag=4354473986), Unit(name='SCV', tag=4356308993), Unit(name='SCV', tag=4349493249), Unit(name='SCV', tag=4368367617), Unit(name='SCV', tag=4352901121), Unit(name='SCV', tag=4389339137), Unit(name='SCV', tag=4349231105), Unit(name='SCV', tag=4348968961)] for zone 1 to safety
09:20 12552  119ms    85M 1103G  99/110U INFO sharpy.managers.core.log_manager:80 [GameAnalyzer] Income advantage is now OverwhelmingDisadvantage
09:20 12552  119ms    85M 1103G  99/110U INFO terranbot.builds.plans.acts.zone_defense:1062 Pulling worker [Unit(name='SCV', tag=4386717697), Unit(name='MULE', tag=4417388545), Unit(name='SCV', tag=4375707649), Unit(name='SCV', tag=4359979009), Unit(name='SCV', tag=4349755393), Unit(name='SCV', tag=4374396929), Unit(name='SCV', tag=4383571969), Unit(name='SCV', tag=4357881857)] for zone 1 to safety
09:20 12556  120ms    85M 1103G  99/110U INFO terranbot.builds.plans.acts.zone_defense:1062 Pulling worker [Unit(name='SCV', tag=4348706817), Unit(name='SCV', tag=4370989057), Unit(name='SCV', tag=4350541825), Unit(name='SCV', tag=4355260417), Unit(name='SCV', tag=4371513345), Unit(name='SCV', tag=4379377665), Unit(name='SCV', tag=4391960577), Unit(name='SCV', tag=4354211841)] for zone 1 to safety
09:20 12560  112ms    85M 1103G  99/110U INFO terranbot.builds.plans.acts.zone_defense:1062 Pulling worker [Unit(name='SCV', tag=4354736129), Unit(name='SCV', tag=4380426241), Unit(name='SCV', tag=4368891905), Unit(name='SCV', tag=4350803969), Unit(name='SCV', tag=4356308993), Unit(name='SCV', tag=4368367617), Unit(name='SCV', tag=4349493249), Unit(name='SCV', tag=4372037633), Unit(name='SCV', tag=4387766273), Unit(name='SCV', tag=4349231105), Unit(name='SCV', tag=4352901121), Unit(name='SCV', tag=4354473986), Unit(name='SCV', tag=4348968961)] for zone 1 to safety
09:20 12564  139ms    85M 1103G  99/110U INFO terranbot.builds.plans.acts.zone_defense:1062 Pulling worker [Unit(name='SCV', tag=4386717697), Unit(name='SCV', tag=4359979009), Unit(name='SCV', tag=4375707649), Unit(name='MULE', tag=4417388545), Unit(name='SCV', tag=4389339137), Unit(name='SCV', tag=4378329089)] for zone 1 to safety
09:21 12568  184ms    85M 1103G  98/110U INFO sharpy.managers.core.log_manager:80 [GameAnalyzer] Known army advantage is now SmallAdvantage
09:21 12568  184ms    85M 1103G  98/110U INFO terranbot.builds.plans.acts.zone_defense:1062 Pulling worker [Unit(name='SCV', tag=4348706817), Unit(name='SCV', tag=4379377665), Unit(name='SCV', tag=4350279681), Unit(name='SCV', tag=4357357570), Unit(name='SCV', tag=4383571969), Unit(name='SCV', tag=4371513345), Unit(name='SCV', tag=4350541825), Unit(name='SCV', tag=4374396929), Unit(name='SCV', tag=4357881857), Unit(name='SCV', tag=4355260417), Unit(name='SCV', tag=4370989057)] for zone 1 to safety
09:21 12572  129ms    85M 1103G  98/110U INFO terranbot.builds.plans.acts.zone_defense:1062 Pulling worker [Unit(name='SCV', tag=4368891905), Unit(name='SCV', tag=4350803969), Unit(name='SCV', tag=4380426241), Unit(name='SCV', tag=4354736129), Unit(name='SCV', tag=4356308993), Unit(name='SCV', tag=4349493249), Unit(name='SCV', tag=4354211841), Unit(name='SCV', tag=4349231105), Unit(name='SCV', tag=4368367617), Unit(name='SCV', tag=4348968961), Unit(name='SCV', tag=4354473986), Unit(name='SCV', tag=4352901121)] for zone 1 to safety
09:21 12576  136ms    85M 1103G  98/110U INFO terranbot.builds.plans.acts.zone_defense:1062 Pulling worker [Unit(name='SCV', tag=4386717697), Unit(name='MULE', tag=4417388545), Unit(name='SCV', tag=4375707649), Unit(name='SCV', tag=4349755393), Unit(name='SCV', tag=4391960577), Unit(name='SCV', tag=4378329089)] for zone 1 to safety
09:21 12580  120ms    85M 1103G  98/110U INFO terranbot.builds.plans.acts.zone_defense:1062 Pulling worker [Unit(name='SCV', tag=4348706817), Unit(name='SCV', tag=4379377665), Unit(name='SCV', tag=4355260417), Unit(name='SCV', tag=4350279681), Unit(name='SCV', tag=4357357570), Unit(name='SCV', tag=4359979009), Unit(name='SCV', tag=4371513345), Unit(name='SCV', tag=4389339137), Unit(name='SCV', tag=4370989057), Unit(name='SCV', tag=4357881857)] for zone 1 to safety
09:21 12584  117ms    85M 1107G  98/110U INFO terranbot.activity.location_modifiers:130 unit_to_place_beside: Unit(name='Starport', tag=4363124737) - unit_to_place_beside.type_id=UnitTypeId.STARPORT - position=(41.5, 63.5)
09:21 12584  117ms    85M 1107G  98/110U INFO terranbot.activity.location_modifiers:130 unit_to_place_beside: Unit(name='Barracks', tag=4376231937) - unit_to_place_beside.type_id=UnitTypeId.BARRACKS - position=(98.5, 45.5)
09:21 12584  117ms    85M 1107G  98/110U WARNING terranbot.activity.location_modifiers:177 NearUnit preferred-zone miss: tag=4376231937 unit_type=UnitTypeId.BARRACKS unit_zone=0 target_zone=0 selected=(98.5, 45.5) selected_zone=2 main_candidates=['(45.5, 60.5) (overlaps_other_structure)', '(48.5, 63.5) (overlaps_other_structure)', '(41.5, 63.5) (reserved_target_move_location)', '(44.5, 55.5) (overlaps_other_structure)', '(38.5, 60.5) (overlaps_other_structure)', '(51.5, 55.5) (overlaps_other_structure)', '(41.5, 52.5) (overlaps_other_structure)', '(54.5, 58.5) (overlaps_other_structure)', '(37.5, 55.5) (overlaps_other_structure)', '(50.5, 50.5) (overlaps_other_structure)', '(47.5, 47.5) (overlaps_other_structure)', '(34.5, 52.5) (overlaps_other_structure)'] non_main_candidates=['(68.5, 46.5) (overlaps_other_structure)', '(71.5, 49.5) (cannot_place_structure)', '(95.5, 42.5) (reserved_target_move_location)', '(98.5, 45.5) (ok)', '(113.5, 46.5) (ok)', '(116.5, 49.5) (ok)']
09:21 12584  117ms    85M 1107G  98/110U INFO terranbot.builds.plans.acts.zone_defense:1062 Pulling worker [Unit(name='SCV', tag=4380426241), Unit(name='SCV', tag=4350803969), Unit(name='SCV', tag=4356308993), Unit(name='SCV', tag=4350541825), Unit(name='SCV', tag=4385406977), Unit(name='SCV', tag=4349493249), Unit(name='SCV', tag=4354211841), Unit(name='SCV', tag=4374396929), Unit(name='SCV', tag=4383571969), Unit(name='SCV', tag=4372037633), Unit(name='SCV', tag=4354736129), Unit(name='SCV', tag=4368891905), Unit(name='SCV', tag=4348968961), Unit(name='SCV', tag=4354473986)] for zone 1 to safety
09:21 12588  149ms    85M 1107G  98/110U INFO terranbot.builds.plans.acts.zone_defense:1062 Pulling worker [Unit(name='SCV', tag=4386717697), Unit(name='MULE', tag=4417388545), Unit(name='SCV', tag=4368367617), Unit(name='SCV', tag=4391960577), Unit(name='SCV', tag=4387766273)] for zone 1 to safety
09:22 12592  104ms    85M 1107G  98/110U INFO terranbot.builds.plans.acts.zone_defense:1062 Pulling worker [Unit(name='SCV', tag=4348706817), Unit(name='SCV', tag=4370989057), Unit(name='SCV', tag=4355260417), Unit(name='SCV', tag=4379377665), Unit(name='SCV', tag=4375707649), Unit(name='SCV', tag=4350279681), Unit(name='SCV', tag=4349755393), Unit(name='SCV', tag=4389339137), Unit(name='SCV', tag=4357881857)] for zone 1 to safety
09:22 12596  128ms    90M 1107G  98/110U INFO terranbot.builds.plans.acts.zone_defense:1062 Pulling worker [Unit(name='SCV', tag=4350803969), Unit(name='SCV', tag=4354736129), Unit(name='SCV', tag=4354473986), Unit(name='SCV', tag=4374396929), Unit(name='SCV', tag=4357357570), Unit(name='SCV', tag=4378329089), Unit(name='SCV', tag=4372037633), Unit(name='SCV', tag=4371513345), Unit(name='SCV', tag=4350541825), Unit(name='SCV', tag=4356308993), Unit(name='SCV', tag=4380426241), Unit(name='SCV', tag=4368891905), Unit(name='SCV', tag=4348968961)] for zone 1 to safety
09:22 12600  136ms    90M 1111G  98/110U INFO terranbot.builds.plans.acts.zone_defense:1062 Pulling worker [Unit(name='SCV', tag=4386717697), Unit(name='SCV', tag=4368367617), Unit(name='SCV', tag=4352901121), Unit(name='MULE', tag=4417388545), Unit(name='SCV', tag=4349231105), Unit(name='SCV', tag=4385406977), Unit(name='SCV', tag=4383571969)] for zone 1 to safety
09:22 12604  121ms    90M 1111G  98/110U INFO terranbot.builds.plans.acts.zone_defense:1062 Pulling worker [Unit(name='SCV', tag=4370989057), Unit(name='SCV', tag=4348706817), Unit(name='SCV', tag=4379377665), Unit(name='SCV', tag=4355260417), Unit(name='SCV', tag=4359979009), Unit(name='SCV', tag=4391960577), Unit(name='SCV', tag=4389339137), Unit(name='SCV', tag=4350279681), Unit(name='SCV', tag=4349493249), Unit(name='SCV', tag=4387766273), Unit(name='SCV', tag=4357881857)] for zone 1 to safety
09:22 12608  112ms    90M 1111G  98/110U INFO terranbot.builds.plans.acts.zone_defense:1062 Pulling worker [Unit(name='SCV', tag=4350803969), Unit(name='SCV', tag=4354736129), Unit(name='SCV', tag=4357357570), Unit(name='SCV', tag=4371513345), Unit(name='SCV', tag=4378329089), Unit(name='SCV', tag=4354473986), Unit(name='SCV', tag=4348968961), Unit(name='SCV', tag=4356308993), Unit(name='SCV', tag=4380426241), Unit(name='SCV', tag=4368891905), Unit(name='SCV', tag=4374396929)] for zone 1 to safety
09:23 12612  157ms    90M 1111G  98/110U INFO terranbot.builds.plans.acts.zone_defense:1062 Pulling worker [Unit(name='SCV', tag=4368367617), Unit(name='MULE', tag=4417388545), Unit(name='SCV', tag=4349755393), Unit(name='SCV', tag=4350541825), Unit(name='SCV', tag=4372037633), Unit(name='SCV', tag=4352901121), Unit(name='SCV', tag=4386717697), Unit(name='SCV', tag=4383571969)] for zone 1 to safety
09:23 12616  118ms    90M 1111G  98/110U INFO terranbot.builds.plans.acts.zone_defense:1062 Pulling worker [Unit(name='SCV', tag=4370989057), Unit(name='SCV', tag=4379377665), Unit(name='SCV', tag=4348706817), Unit(name='SCV', tag=4355260417), Unit(name='SCV', tag=4349493249), Unit(name='SCV', tag=4391960577), Unit(name='SCV', tag=4387766273), Unit(name='SCV', tag=4357881857)] for zone 1 to safety
09:23 12620  126ms    90M 1111G  98/110U INFO terranbot.builds.plans.acts.zone_defense:1062 Pulling worker [Unit(name='SCV', tag=4354736129), Unit(name='SCV', tag=4350803969), Unit(name='SCV', tag=4374396929), Unit(name='SCV', tag=4359979009), Unit(name='SCV', tag=4357357570), Unit(name='SCV', tag=4354211841), Unit(name='SCV', tag=4378329089), Unit(name='SCV', tag=4354473986), Unit(name='SCV', tag=4389339137), Unit(name='SCV', tag=4350279681), Unit(name='SCV', tag=4385406977), Unit(name='SCV', tag=4368891905), Unit(name='SCV', tag=4380426241), Unit(name='SCV', tag=4356308993), Unit(name='SCV', tag=4348968961)] for zone 1 to safety
09:23 12624  125ms    90M 1115G  98/110U INFO terranbot.builds.plans.acts.zone_defense:1062 Pulling worker [Unit(name='SCV', tag=4386717697), Unit(name='MULE', tag=4417388545), Unit(name='SCV', tag=4352901121), Unit(name='SCV', tag=4383571969), Unit(name='SCV', tag=4368367617), Unit(name='SCV', tag=4349231105), Unit(name='SCV', tag=4372037633)] for zone 1 to safety
09:23 12624  125ms    90M 1115G  98/110U INFO terranbot.combat.counter_attack:61 Counter-attack! 47 bio charging enemy at (85, 62)
09:23 12628  126ms    95M 1115G  97/110U INFO terranbot.builds.plans.acts.zone_defense:1062 Pulling worker [Unit(name='SCV', tag=4370989057), Unit(name='SCV', tag=4387766273), Unit(name='SCV', tag=4379377665), Unit(name='SCV', tag=4348706817), Unit(name='SCV', tag=4371513345), Unit(name='SCV', tag=4350541825), Unit(name='SCV', tag=4357881857)] for zone 1 to safety
09:23 12632  122ms   100M 1115G  97/110U INFO sharpy.managers.core.log_manager:80 [GameAnalyzer] Known army advantage is now SlightAdvantage
09:23 12632  122ms   100M 1115G  97/110U INFO sharpy.managers.core.log_manager:80 [GameAnalyzer] Predicted army advantage is now SmallDisadvantage
09:23 12632  122ms   100M 1115G  97/110U INFO terranbot.builds.plans.acts.zone_defense:1062 Pulling worker [Unit(name='SCV', tag=4354736129), Unit(name='SCV', tag=4350803969), Unit(name='SCV', tag=4359979009), Unit(name='SCV', tag=4374396929), Unit(name='SCV', tag=4356308993), Unit(name='SCV', tag=4350279681), Unit(name='SCV', tag=4385406977), Unit(name='SCV', tag=4349493249), Unit(name='SCV', tag=4391960577), Unit(name='SCV', tag=4368891905), Unit(name='SCV', tag=4380426241), Unit(name='SCV', tag=4348968961)] for zone 1 to safety
09:24 12636  182ms   100M 1115G  97/110U INFO terranbot.builds.plans.acts.zone_defense:1062 Pulling worker [Unit(name='SCV', tag=4352901121), Unit(name='SCV', tag=4354473986), Unit(name='MULE', tag=4417388545), Unit(name='SCV', tag=4354211841), Unit(name='SCV', tag=4349755393), Unit(name='SCV', tag=4349231105), Unit(name='SCV', tag=4355260417), Unit(name='SCV', tag=4389339137), Unit(name='SCV', tag=4372037633), Unit(name='SCV', tag=4386717697)] for zone 1 to safety
09:24 12640  156ms   105M 1119G  97/110U INFO terranbot.builds.plans.acts.zone_defense:1062 Pulling worker [Unit(name='SCV', tag=4357881857), Unit(name='SCV', tag=4370989057), Unit(name='SCV', tag=4348706817), Unit(name='SCV', tag=4371513345), Unit(name='SCV', tag=4379377665), Unit(name='SCV', tag=4387766273), Unit(name='SCV', tag=4383571969), Unit(name='SCV', tag=4357357570)] for zone 1 to safety
09:24 12644  144ms   105M 1119G  97/110U INFO terranbot.builds.plans.acts.zone_defense:1062 Pulling worker [Unit(name='SCV', tag=4350803969), Unit(name='SCV', tag=4354736129), Unit(name='SCV', tag=4368891905), Unit(name='SCV', tag=4350541825), Unit(name='SCV', tag=4374396929), Unit(name='SCV', tag=4356308993), Unit(name='SCV', tag=4368367617), Unit(name='SCV', tag=4348968961), Unit(name='SCV', tag=4380426241), Unit(name='SCV', tag=4391960577), Unit(name='SCV', tag=4350279681)] for zone 1 to safety
09:24 12648  162ms   105M 1119G  97/110U INFO terranbot.builds.plans.acts.zone_defense:1062 Pulling worker [Unit(name='SCV', tag=4355260417), Unit(name='SCV', tag=4354473986), Unit(name='SCV', tag=4352901121), Unit(name='SCV', tag=4349755393), Unit(name='SCV', tag=4359979009), Unit(name='MULE', tag=4417388545), Unit(name='SCV', tag=4354211841), Unit(name='SCV', tag=4349493249), Unit(name='SCV', tag=4385406977), Unit(name='SCV', tag=4386717697), Unit(name='SCV', tag=4372037633), Unit(name='SCV', tag=4389339137)] for zone 1 to safety
09:24 12652  173ms   105M 1119G  97/110U INFO sharpy.managers.core.log_manager:80 [GameAnalyzer] Known army advantage is now Even
09:24 12652  173ms   105M 1119G  97/110U INFO terranbot.builds.plans.acts.zone_defense:1062 Pulling worker [Unit(name='SCV', tag=4379377665), Unit(name='SCV', tag=4357881857), Unit(name='SCV', tag=4387766273), Unit(name='SCV', tag=4348706817), Unit(name='SCV', tag=4357357570), Unit(name='SCV', tag=4349231105), Unit(name='SCV', tag=4371513345), Unit(name='SCV', tag=4370989057)] for zone 1 to safety
09:25 12656  179ms   105M 1119G  97/110U INFO terranbot.builds.plans.acts.zone_defense:1062 Pulling worker [Unit(name='SCV', tag=4368891905), Unit(name='SCV', tag=4354736129), Unit(name='SCV', tag=4350279681), Unit(name='SCV', tag=4350803969), Unit(name='SCV', tag=4374396929), Unit(name='SCV', tag=4350541825), Unit(name='SCV', tag=4383571969), Unit(name='SCV', tag=4391960577), Unit(name='SCV', tag=4380426241)] for zone 1 to safety
09:25 12660  145ms   105M 1119G  96/110U INFO terranbot.builds.plans.acts.zone_defense:1062 Pulling worker [Unit(name='SCV', tag=4354473986), Unit(name='SCV', tag=4352901121), Unit(name='SCV', tag=4355260417), Unit(name='SCV', tag=4359979009), Unit(name='SCV', tag=4368367617), Unit(name='SCV', tag=4356308993), Unit(name='SCV', tag=4348968961), Unit(name='SCV', tag=4372037633), Unit(name='SCV', tag=4349755393), Unit(name='SCV', tag=4386717697), Unit(name='SCV', tag=4385406977)] for zone 1 to safety
09:25 12664  172ms   105M 1119G  96/110U INFO terranbot.builds.plans.acts.zone_defense:1062 Pulling worker [Unit(name='SCV', tag=4379377665), Unit(name='SCV', tag=4370989057), Unit(name='SCV', tag=4387766273), Unit(name='SCV', tag=4348706817), Unit(name='SCV', tag=4375707649), Unit(name='SCV', tag=4354211841), Unit(name='SCV', tag=4371513345), Unit(name='SCV', tag=4357881857), Unit(name='SCV', tag=4389339137)] for zone 1 to safety
09:25 12668  154ms   105M 1119G  95/110U INFO terranbot.builds.plans.acts.zone_defense:1062 Pulling worker [Unit(name='SCV', tag=4374396929), Unit(name='SCV', tag=4354736129), Unit(name='SCV', tag=4350279681), Unit(name='SCV', tag=4350803969), Unit(name='SCV', tag=4368891905), Unit(name='SCV', tag=4391960577), Unit(name='SCV', tag=4383571969), Unit(name='MULE', tag=4417388545), Unit(name='SCV', tag=4357357570), Unit(name='SCV', tag=4380426241)] for zone 1 to safety
09:25 12672  119ms   105M 1123G  95/110U INFO terranbot.builds.plans.acts.zone_defense:1062 Pulling worker [Unit(name='SCV', tag=4352901121), Unit(name='SCV', tag=4354473986), Unit(name='SCV', tag=4355260417), Unit(name='SCV', tag=4349755393), Unit(name='SCV', tag=4356308993), Unit(name='SCV', tag=4350541825), Unit(name='SCV', tag=4372037633), Unit(name='SCV', tag=4386717697), Unit(name='SCV', tag=4385406977)] for zone 1 to safety
09:25 12676  144ms   105M 1123G  94/110U INFO terranbot.activity.location_modifiers:130 unit_to_place_beside: Unit(name='Barracks', tag=4352638977) - unit_to_place_beside.type_id=UnitTypeId.BARRACKS - position=(41.5, 63.5)
09:25 12676  144ms   105M 1123G  94/110U INFO terranbot.builds.plans.acts.zone_defense:1062 Pulling worker [Unit(name='SCV', tag=4379377665), Unit(name='SCV', tag=4348706817), Unit(name='SCV', tag=4370989057), Unit(name='SCV', tag=4387766273), Unit(name='SCV', tag=4349231105), Unit(name='SCV', tag=4368367617), Unit(name='SCV', tag=4371513345), Unit(name='SCV', tag=4375707649), Unit(name='SCV', tag=4348968961), Unit(name='SCV', tag=4357881857), Unit(name='SCV', tag=4389339137)] for zone 1 to safety
09:26 12680  138ms   105M 1123G  94/110U INFO terranbot.builds.plans.acts.zone_defense:1062 Pulling worker [Unit(name='SCV', tag=4374396929), Unit(name='SCV', tag=4350803969), Unit(name='SCV', tag=4354736129), Unit(name='SCV', tag=4350279681), Unit(name='SCV', tag=4368891905), Unit(name='SCV', tag=4391960577), Unit(name='SCV', tag=4357357570), Unit(name='SCV', tag=4354211841), Unit(name='SCV', tag=4359979009), Unit(name='SCV', tag=4380426241)] for zone 1 to safety
09:26 12684  145ms   105M 1123G  94/110U INFO terranbot.builds.plans.acts.zone_defense:1062 Pulling worker [Unit(name='SCV', tag=4385406977), Unit(name='SCV', tag=4352901121), Unit(name='SCV', tag=4355260417), Unit(name='MULE', tag=4417388545), Unit(name='SCV', tag=4383571969), Unit(name='SCV', tag=4350541825), Unit(name='SCV', tag=4349755393), Unit(name='SCV', tag=4386717697), Unit(name='SCV', tag=4354473986)] for zone 1 to safety
09:26 12688  150ms   105M 1123G  93/118U INFO terranbot.builds.plans.acts.zone_defense:1062 Pulling worker [Unit(name='SCV', tag=4370989057), Unit(name='SCV', tag=4379377665), Unit(name='SCV', tag=4348706817), Unit(name='SCV', tag=4387766273), Unit(name='SCV', tag=4368367617), Unit(name='SCV', tag=4356308993), Unit(name='SCV', tag=4389339137), Unit(name='SCV', tag=4372037633), Unit(name='SCV', tag=4371513345), Unit(name='SCV', tag=4357881857)] for zone 1 to safety
09:26 12692  172ms   105M 1127G  93/118U INFO terranbot.builds.plans.acts.zone_defense:1062 Pulling worker [Unit(name='SCV', tag=4374396929), Unit(name='SCV', tag=4350279681), Unit(name='SCV', tag=4350803969), Unit(name='SCV', tag=4354736129), Unit(name='SCV', tag=4391960577), Unit(name='SCV', tag=4380426241), Unit(name='SCV', tag=4359979009), Unit(name='SCV', tag=4375707649), Unit(name='SCV', tag=4368891905)] for zone 1 to safety
09:26 12696  168ms   105M 1127G  93/118U INFO terranbot.activity.location_modifiers:130 unit_to_place_beside: Unit(name='Barracks', tag=4378066945) - unit_to_place_beside.type_id=UnitTypeId.BARRACKS - position=(41.5, 63.5)
09:26 12696  168ms    55M 1127G  93/118U INFO terranbot.builds.plans.acts.zone_defense:1062 Pulling worker [Unit(name='SCV', tag=4385406977), Unit(name='SCV', tag=4352901121), Unit(name='SCV', tag=4348968961), Unit(name='SCV', tag=4355260417), Unit(name='SCV', tag=4349755393), Unit(name='SCV', tag=4357357570), Unit(name='SCV', tag=4354211841), Unit(name='SCV', tag=4354473986), Unit(name='SCV', tag=4386717697), Unit(name='SCV', tag=4350541825)] for zone 1 to safety
09:26 12700  149ms   105M 1127G  92/118U INFO terranbot.builds.plans.acts.zone_defense:1062 Pulling worker [Unit(name='SCV', tag=4379377665), Unit(name='SCV', tag=4370989057), Unit(name='SCV', tag=4387766273), Unit(name='SCV', tag=4348706817), Unit(name='SCV', tag=4349231105), Unit(name='SCV', tag=4372037633), Unit(name='SCV', tag=4356308993), Unit(name='SCV', tag=4368367617), Unit(name='SCV', tag=4383571969), Unit(name='SCV', tag=4357881857), Unit(name='SCV', tag=4389339137)] for zone 1 to safety
09:27 12704  171ms   105M 1127G  92/118U INFO terranbot.builds.plans.acts.zone_defense:1062 Pulling worker [Unit(name='SCV', tag=4350279681), Unit(name='SCV', tag=4354736129), Unit(name='SCV', tag=4350803969), Unit(name='SCV', tag=4374396929), Unit(name='SCV', tag=4391960577), Unit(name='SCV', tag=4380426241), Unit(name='SCV', tag=4359979009), Unit(name='SCV', tag=4368891905)] for zone 1 to safety
09:27 12708  147ms   105M 1127G  90/118U INFO sharpy.managers.core.log_manager:80 [GameAnalyzer] Predicted army advantage is now ClearDisadvantage
09:27 12708  147ms   105M 1127G  90/118U INFO terranbot.builds.plans.acts.zone_defense:1062 Pulling worker [Unit(name='SCV', tag=4354473986), Unit(name='SCV', tag=4385406977), Unit(name='SCV', tag=4371513345), Unit(name='SCV', tag=4349493249), Unit(name='SCV', tag=4352901121), Unit(name='SCV', tag=4386717697), Unit(name='SCV', tag=4350541825), Unit(name='SCV', tag=4354211841)] for zone 1 to safety
09:27 12712  150ms   105M 1127G  90/118U INFO terranbot.builds.plans.acts.zone_defense:1062 Pulling worker [Unit(name='SCV', tag=4379377665), Unit(name='SCV', tag=4348706817), Unit(name='SCV', tag=4357357570), Unit(name='SCV', tag=4349231105), Unit(name='SCV', tag=4349755393), Unit(name='SCV', tag=4355260417), Unit(name='SCV', tag=4356308993), Unit(name='SCV', tag=4370989057), Unit(name='SCV', tag=4357881857), Unit(name='SCV', tag=4387766273), Unit(name='SCV', tag=4389339137)] for zone 1 to safety
09:27 12716  155ms   105M 1127G  90/118U INFO terranbot.builds.plans.acts.zone_defense:1062 Pulling worker [Unit(name='SCV', tag=4350803969), Unit(name='SCV', tag=4354736129), Unit(name='SCV', tag=4350279681), Unit(name='SCV', tag=4374396929), Unit(name='SCV', tag=4391960577), Unit(name='SCV', tag=4380426241), Unit(name='SCV', tag=4372037633), Unit(name='SCV', tag=4368367617), Unit(name='SCV', tag=4368891905), Unit(name='SCV', tag=4383571969)] for zone 1 to safety
09:27 12720  148ms   105M 1127G  90/118U INFO terranbot.builds.plans.acts.zone_defense:1062 Pulling worker [Unit(name='SCV', tag=4385406977), Unit(name='SCV', tag=4352901121), Unit(name='SCV', tag=4349493249), Unit(name='SCV', tag=4350541825), Unit(name='SCV', tag=4354473986), Unit(name='SCV', tag=4386717697), Unit(name='SCV', tag=4354211841)] for zone 1 to safety
09:28 12724  140ms   110M 1127G  89/118U INFO terranbot.builds.plans.acts.zone_defense:1062 Pulling worker [Unit(name='SCV', tag=4370989057), Unit(name='SCV', tag=4357357570), Unit(name='SCV', tag=4379377665), Unit(name='SCV', tag=4348706817), Unit(name='SCV', tag=4349231105), Unit(name='SCV', tag=4349755393), Unit(name='SCV', tag=4389339137), Unit(name='SCV', tag=4348968961), Unit(name='SCV', tag=4375707649), Unit(name='SCV', tag=4357881857), Unit(name='SCV', tag=4387766273), Unit(name='SCV', tag=4371513345)] for zone 1 to safety
09:28 12728  136ms   115M 1127G  89/118U INFO terranbot.builds.plans.acts.zone_defense:1062 Pulling worker [Unit(name='SCV', tag=4350803969), Unit(name='SCV', tag=4354736129), Unit(name='SCV', tag=4380426241), Unit(name='SCV', tag=4350279681), Unit(name='SCV', tag=4368367617), Unit(name='SCV', tag=4383571969), Unit(name='SCV', tag=4355260417), Unit(name='SCV', tag=4356308993), Unit(name='SCV', tag=4368891905)] for zone 1 to safety
09:28 12732  141ms   120M 1127G  87/118U INFO terranbot.builds.plans.acts.zone_defense:1062 Pulling worker [Unit(name='SCV', tag=4385406977), Unit(name='SCV', tag=4374396929), Unit(name='SCV', tag=4372037633), Unit(name='SCV', tag=4386717697), Unit(name='SCV', tag=4352901121), Unit(name='SCV', tag=4350541825), Unit(name='SCV', tag=4354473986), Unit(name='SCV', tag=4354211841)] for zone 1 to safety
09:28 12736  158ms   120M 1127G  87/118U INFO terranbot.builds.plans.acts.zone_defense:1062 Pulling worker [Unit(name='SCV', tag=4357357570), Unit(name='SCV', tag=4379377665), Unit(name='SCV', tag=4370989057), Unit(name='SCV', tag=4348706817), Unit(name='SCV', tag=4349755393), Unit(name='SCV', tag=4349231105), Unit(name='SCV', tag=4348968961), Unit(name='SCV', tag=4349493249), Unit(name='SCV', tag=4357881857), Unit(name='SCV', tag=4387766273), Unit(name='SCV', tag=4375707649), Unit(name='SCV', tag=4371513345)] for zone 1 to safety
09:28 12740  153ms   120M 1127G  86/118U INFO terranbot.builds.plans.acts.zone_defense:1062 Pulling worker [Unit(name='SCV', tag=4350803969), Unit(name='SCV', tag=4380426241), Unit(name='SCV', tag=4354736129), Unit(name='SCV', tag=4350279681), Unit(name='SCV', tag=4391960577), Unit(name='SCV', tag=4368367617), Unit(name='SCV', tag=4389339137), Unit(name='SCV', tag=4368891905)] for zone 1 to safety
09:28 12744  152ms   120M 1131G  84/118U INFO sharpy.managers.core.log_manager:80 [GameAnalyzer] Known army advantage is now SlightDisadvantage
09:28 12744  152ms   120M 1131G  84/118U INFO terranbot.builds.plans.acts.zone_defense:1062 Pulling worker [Unit(name='SCV', tag=4386717697), Unit(name='SCV', tag=4385406977), Unit(name='SCV', tag=4352901121), Unit(name='MULE', tag=4417388545), Unit(name='SCV', tag=4372037633), Unit(name='SCV', tag=4350541825), Unit(name='SCV', tag=4354473986), Unit(name='SCV', tag=4356308993), Unit(name='SCV', tag=4354211841), Unit(name='SCV', tag=4383571969)] for zone 1 to safety
09:29 12748  157ms   120M 1131G  84/118U INFO sharpy.managers.core.log_manager:80 [GameAnalyzer] Known army advantage is now SmallDisadvantage
09:29 12748  157ms   120M 1131G  84/118U INFO terranbot.builds.plans.acts.zone_defense:1062 Pulling worker [Unit(name='SCV', tag=4370989057), Unit(name='SCV', tag=4379377665), Unit(name='SCV', tag=4349755393), Unit(name='SCV', tag=4357357570), Unit(name='SCV', tag=4355260417), Unit(name='SCV', tag=4375707649), Unit(name='SCV', tag=4371513345), Unit(name='SCV', tag=4387766273), Unit(name='SCV', tag=4349493249)] for zone 1 to safety
09:29 12752  161ms   120M 1131G  84/118U INFO terranbot.builds.plans.acts.zone_defense:1062 Pulling worker [Unit(name='SCV', tag=4350803969), Unit(name='SCV', tag=4354736129), Unit(name='SCV', tag=4380426241), Unit(name='SCV', tag=4348706817), Unit(name='SCV', tag=4350279681), Unit(name='SCV', tag=4368891905)] for zone 1 to safety
09:29 12756  121ms   120M 1135G  84/118U INFO terranbot.builds.plans.acts.zone_defense:1062 Pulling worker [Unit(name='SCV', tag=4386717697), Unit(name='SCV', tag=4385406977), Unit(name='SCV', tag=4391960577), Unit(name='SCV', tag=4359979009), Unit(name='SCV', tag=4372037633), Unit(name='SCV', tag=4352901121), Unit(name='SCV', tag=4350541825), Unit(name='SCV', tag=4354473986), Unit(name='SCV', tag=4356308993), Unit(name='SCV', tag=4389339137)] for zone 1 to safety
09:29 12760  152ms   120M 1135G  83/118U INFO terranbot.builds.plans.acts.zone_defense:1062 Pulling worker [Unit(name='SCV', tag=4379377665), Unit(name='SCV', tag=4349755393), Unit(name='SCV', tag=4355260417), Unit(name='SCV', tag=4357357570), Unit(name='MULE', tag=4417388545), Unit(name='SCV', tag=4370989057), Unit(name='SCV', tag=4368367617), Unit(name='SCV', tag=4375707649), Unit(name='SCV', tag=4371513345), Unit(name='SCV', tag=4383571969)] for zone 1 to safety
09:29 12764  148ms   125M 1135G  81/118U INFO sharpy.managers.core.log_manager:80 [GameAnalyzer] Predicted army advantage is now OverwhelmingDisadvantage
09:29 12764  148ms   125M 1135G  81/118U INFO terranbot.builds.plans.acts.zone_defense:1062 Pulling worker [Unit(name='SCV', tag=4350279681), Unit(name='SCV', tag=4354736129), Unit(name='SCV', tag=4350803969), Unit(name='SCV', tag=4380426241), Unit(name='SCV', tag=4368891905), Unit(name='SCV', tag=4354211841), Unit(name='SCV', tag=4387766273)] for zone 1 to safety
09:30 12768  141ms   125M 1135G  81/118U INFO terranbot.builds.plans.acts.zone_defense:1062 Pulling worker [Unit(name='SCV', tag=4385406977), Unit(name='SCV', tag=4365484033), Unit(name='SCV', tag=4352901121), Unit(name='SCV', tag=4350541825), Unit(name='SCV', tag=4386717697), Unit(name='SCV', tag=4354473986), Unit(name='SCV', tag=4349493249), Unit(name='SCV', tag=4348706817)] for zone 1 to safety
09:30 12772  218ms   125M 1135G  81/118U INFO terranbot.builds.plans.acts.zone_defense:1062 Pulling worker [Unit(name='SCV', tag=4379377665), Unit(name='SCV', tag=4370989057), Unit(name='MULE', tag=4417388545), Unit(name='SCV', tag=4359979009), Unit(name='SCV', tag=4349755393), Unit(name='SCV', tag=4355260417), Unit(name='SCV', tag=4368367617), Unit(name='SCV', tag=4391960577), Unit(name='SCV', tag=4375707649), Unit(name='SCV', tag=4371513345), Unit(name='SCV', tag=4389339137), Unit(name='SCV', tag=4356308993)] for zone 1 to safety
09:30 12776  137ms   125M 1135G  81/118U INFO sharpy.managers.core.log_manager:80 [GameAnalyzer] Predicted army advantage is now ClearDisadvantage
09:30 12776  137ms   125M 1135G  81/118U INFO sharpy.managers.core.log_manager:80 [BuildAddon] UnitTypeId.BARRACKSREACTOR to (51.0, 63.0)
09:30 12776  137ms   125M 1135G  81/118U INFO terranbot.builds.plans.acts.zone_defense:1062 Pulling worker [Unit(name='SCV', tag=4350803969), Unit(name='SCV', tag=4350279681), Unit(name='SCV', tag=4357357570), Unit(name='SCV', tag=4354736129), Unit(name='SCV', tag=4380426241), Unit(name='SCV', tag=4372037633), Unit(name='SCV', tag=4368891905), Unit(name='SCV', tag=4354211841), Unit(name='SCV', tag=4383571969)] for zone 1 to safety
09:30 12780  137ms    75M 1085G  80/118U INFO sharpy.managers.core.log_manager:80 [GameAnalyzer] Predicted army advantage is now OverwhelmingDisadvantage
09:30 12780  137ms    75M 1085G  80/118U INFO terranbot.builds.plans.acts.zone_defense:1062 Pulling worker [Unit(name='SCV', tag=4385406977), Unit(name='SCV', tag=4352901121), Unit(name='SCV', tag=4348706817), Unit(name='SCV', tag=4350541825), Unit(name='SCV', tag=4354473986), Unit(name='SCV', tag=4386717697), Unit(name='SCV', tag=4387766273), Unit(name='SCV', tag=4349493249)] for zone 1 to safety
09:30 12784  151ms    75M 1085G  80/118U INFO terranbot.builds.plans.acts.zone_defense:1062 Pulling worker [Unit(name='SCV', tag=4379377665), Unit(name='SCV', tag=4370989057), Unit(name='MULE', tag=4417388545), Unit(name='SCV', tag=4349755393), Unit(name='SCV', tag=4355260417), Unit(name='SCV', tag=4368367617), Unit(name='SCV', tag=4375707649), Unit(name='SCV', tag=4391960577), Unit(name='SCV', tag=4356308993)] for zone 1 to safety
09:30 12788  128ms    75M 1089G  78/118U INFO terranbot.builds.plans.acts.zone_defense:1062 Pulling worker [Unit(name='SCV', tag=4350803969), Unit(name='SCV', tag=4357357570), Unit(name='SCV', tag=4350279681), Unit(name='SCV', tag=4354736129), Unit(name='SCV', tag=4372037633), Unit(name='SCV', tag=4380426241), Unit(name='SCV', tag=4368891905), Unit(name='SCV', tag=4389339137)] for zone 1 to safety
09:31 12792  125ms    80M 1089G  78/118U INFO terranbot.builds.plans.acts.zone_defense:1062 Pulling worker [Unit(name='SCV', tag=4385406977), Unit(name='SCV', tag=4350541825), Unit(name='SCV', tag=4365484033), Unit(name='SCV', tag=4352901121), Unit(name='SCV', tag=4354473986), Unit(name='SCV', tag=4349493249), Unit(name='SCV', tag=4386717697), Unit(name='SCV', tag=4354211841), Unit(name='SCV', tag=4371513345), Unit(name='SCV', tag=4383571969)] for zone 1 to safety
09:31 12796  131ms    80M 1089G  77/118U INFO terranbot.activity.location_modifiers:130 unit_to_place_beside: Unit(name='Starport', tag=4363124737) - unit_to_place_beside.type_id=UnitTypeId.STARPORT - position=(41.5, 63.5)
09:31 12796  131ms    80M 1089G  77/118U INFO terranbot.builds.plans.acts.zone_defense:1062 Pulling worker [Unit(name='SCV', tag=4379377665), Unit(name='SCV', tag=4375707649), Unit(name='SCV', tag=4368367617), Unit(name='SCV', tag=4355260417), Unit(name='SCV', tag=4370989057), Unit(name='SCV', tag=4387766273), Unit(name='SCV', tag=4356308993), Unit(name='SCV', tag=4359979009)] for zone 1 to safety
09:31 12800  157ms    80M 1089G  77/118U INFO terranbot.builds.plans.acts.zone_defense:1062 Pulling worker [Unit(name='SCV', tag=4350803969), Unit(name='SCV', tag=4357357570), Unit(name='SCV', tag=4349755393), Unit(name='MULE', tag=4417388545), Unit(name='SCV', tag=4372037633), Unit(name='SCV', tag=4354736129), Unit(name='SCV', tag=4380426241), Unit(name='SCV', tag=4391960577), Unit(name='SCV', tag=4348706817), Unit(name='SCV', tag=4368891905), Unit(name='SCV', tag=4389339137)] for zone 1 to safety
09:31 12804  170ms    80M 1089G  77/118U INFO terranbot.builds.plans.acts.zone_defense:1062 Pulling worker [Unit(name='SCV', tag=4385406977), Unit(name='SCV', tag=4350541825), Unit(name='SCV', tag=4354473986), Unit(name='SCV', tag=4352901121), Unit(name='SCV', tag=4350279681), Unit(name='SCV', tag=4386717697), Unit(name='SCV', tag=4371513345), Unit(name='SCV', tag=4349493249), Unit(name='SCV', tag=4383571969)] for zone 1 to safety
09:31 12808  143ms    80M 1089G  76/118U INFO terranbot.builds.plans.acts.zone_defense:1062 Pulling worker [Unit(name='SCV', tag=4375707649), Unit(name='SCV', tag=4370989057), Unit(name='SCV', tag=4365484033), Unit(name='SCV', tag=4378329089), Unit(name='SCV', tag=4379377665), Unit(name='SCV', tag=4355260417), Unit(name='SCV', tag=4359979009), Unit(name='SCV', tag=4354211841), Unit(name='SCV', tag=4387766273)] for zone 1 to safety
09:31 12812  147ms    80M 1089G  76/118U INFO sharpy.managers.core.log_manager:80 [GameAnalyzer] Known army advantage is now ClearDisadvantage
09:31 12812  147ms    80M 1089G  76/118U INFO terranbot.builds.plans.acts.zone_defense:1062 Pulling worker [Unit(name='SCV', tag=4354736129), Unit(name='SCV', tag=4350803969), Unit(name='SCV', tag=4372037633), Unit(name='SCV', tag=4349755393), Unit(name='SCV', tag=4380426241), Unit(name='SCV', tag=4356308993), Unit(name='SCV', tag=4348706817), Unit(name='SCV', tag=4391960577), Unit(name='SCV', tag=4368367617), Unit(name='SCV', tag=4368891905), Unit(name='SCV', tag=4389339137)] for zone 1 to safety
09:32 12816  129ms    80M 1089G  76/118U INFO terranbot.activity.location_modifiers:130 unit_to_place_beside: Unit(name='Barracks', tag=4376231937) - unit_to_place_beside.type_id=UnitTypeId.BARRACKS - position=(41.5, 63.5)
09:32 12816  129ms    30M 1089G  76/118U INFO terranbot.builds.plans.acts.zone_defense:1062 Pulling worker [Unit(name='SCV', tag=4385406977), Unit(name='SCV', tag=4350541825), Unit(name='SCV', tag=4352901121), Unit(name='SCV', tag=4357357570), Unit(name='SCV', tag=4354473986), Unit(name='SCV', tag=4386717697), Unit(name='SCV', tag=4349493249), Unit(name='SCV', tag=4371513345), Unit(name='SCV', tag=4383571969)] for zone 1 to safety
09:32 12820  144ms    80M 1089G  76/118U INFO terranbot.builds.plans.acts.zone_defense:1062 Pulling worker [Unit(name='SCV', tag=4355260417), Unit(name='SCV', tag=4375707649), Unit(name='SCV', tag=4370989057), Unit(name='SCV', tag=4365484033), Unit(name='SCV', tag=4359979009), Unit(name='SCV', tag=4379377665), Unit(name='SCV', tag=4354211841)] for zone 1 to safety
09:32 12824  144ms    85M 1089G  76/118U INFO terranbot.builds.plans.acts.zone_defense:1062 Pulling worker [Unit(name='SCV', tag=4354736129), Unit(name='SCV', tag=4350803969), Unit(name='SCV', tag=4349755393), Unit(name='SCV', tag=4378329089), Unit(name='SCV', tag=4372037633), Unit(name='SCV', tag=4380426241), Unit(name='SCV', tag=4350279681), Unit(name='SCV', tag=4387766273), Unit(name='SCV', tag=4348706817), Unit(name='SCV', tag=4368891905), Unit(name='SCV', tag=4368367617), Unit(name='SCV', tag=4356308993)] for zone 1 to safety
09:32 12828  143ms    90M 1089G  74/118U INFO terranbot.builds.plans.acts.zone_defense:1062 Pulling worker [Unit(name='SCV', tag=4385406977), Unit(name='SCV', tag=4350541825), Unit(name='SCV', tag=4352901121), Unit(name='SCV', tag=4354473986), Unit(name='SCV', tag=4371513345), Unit(name='SCV', tag=4386717697), Unit(name='SCV', tag=4383571969), Unit(name='SCV', tag=4389339137), Unit(name='SCV', tag=4349493249), Unit(name='SCV', tag=4391960577)] for zone 1 to safety
09:32 12832  134ms    95M 1089G  74/118U INFO terranbot.builds.plans.acts.zone_defense:1062 Pulling worker [Unit(name='SCV', tag=4375707649), Unit(name='SCV', tag=4355260417), Unit(name='SCV', tag=4370989057), Unit(name='SCV', tag=4357357570), Unit(name='SCV', tag=4359979009), Unit(name='SCV', tag=4354211841), Unit(name='SCV', tag=4379377665)] for zone 1 to safety
09:33 12836  115ms    95M 1089G  73/118U INFO terranbot.builds.plans.acts.zone_defense:1062 Pulling worker [Unit(name='SCV', tag=4350803969), Unit(name='SCV', tag=4380426241), Unit(name='SCV', tag=4349755393), Unit(name='SCV', tag=4350279681), Unit(name='SCV', tag=4356308993), Unit(name='SCV', tag=4372037633), Unit(name='SCV', tag=4368891905), Unit(name='SCV', tag=4387766273)] for zone 1 to safety
09:33 12840  137ms    95M 1089G  73/118U INFO terranbot.builds.plans.acts.zone_defense:1062 Pulling worker [Unit(name='SCV', tag=4378329089), Unit(name='SCV', tag=4350541825), Unit(name='SCV', tag=4354473986), Unit(name='SCV', tag=4383571969), Unit(name='SCV', tag=4365484033), Unit(name='SCV', tag=4348706817), Unit(name='SCV', tag=4391960577), Unit(name='SCV', tag=4386717697), Unit(name='SCV', tag=4368367617), Unit(name='SCV', tag=4349493249)] for zone 1 to safety
09:33 12844  151ms    95M 1097G  71/118U INFO terranbot.builds.plans.acts.zone_defense:1062 Pulling worker [Unit(name='SCV', tag=4355260417), Unit(name='SCV', tag=4348444673), Unit(name='SCV', tag=4375707649), Unit(name='SCV', tag=4379377665), Unit(name='SCV', tag=4354211841), Unit(name='SCV', tag=4359979009), Unit(name='SCV', tag=4389339137), Unit(name='SCV', tag=4371513345)] for zone 1 to safety
09:33 12848  111ms    95M 1097G  71/118U INFO sharpy.managers.core.log_manager:80 [ChatManager] Tag:invalid_land_position_(95.5, 42.5)_574
09:33 12848  111ms    95M 1097G  71/118U INFO terranbot.builds.plans.acts.zone_defense:1062 Pulling worker [Unit(name='SCV', tag=4356308993), Unit(name='SCV', tag=4350803969), Unit(name='SCV', tag=4380426241), Unit(name='SCV', tag=4350279681), Unit(name='SCV', tag=4349755393), Unit(name='SCV', tag=4370989057), Unit(name='SCV', tag=4372037633), Unit(name='SCV', tag=4357357570), Unit(name='SCV', tag=4368891905)] for zone 1 to safety
09:33 12852  135ms    95M 1097G  71/118U INFO terranbot.builds.plans.acts.zone_defense:1062 Pulling worker [Unit(name='SCV', tag=4350541825), Unit(name='SCV', tag=4354473986), Unit(name='SCV', tag=4386717697), Unit(name='SCV', tag=4349493249), Unit(name='SCV', tag=4352901121), Unit(name='SCV', tag=4383571969), Unit(name='SCV', tag=4368367617), Unit(name='SCV', tag=4387766273), Unit(name='SCV', tag=4365484033)] for zone 1 to safety
09:33 12856  167ms    95M 1097G  71/118U INFO terranbot.builds.plans.acts.zone_defense:1062 Pulling worker [Unit(name='SCV', tag=4355260417), Unit(name='SCV', tag=4354211841), Unit(name='SCV', tag=4359979009), Unit(name='SCV', tag=4375707649), Unit(name='SCV', tag=4379377665), Unit(name='MULE', tag=4417388545), Unit(name='SCV', tag=4348706817), Unit(name='SCV', tag=4371513345), Unit(name='SCV', tag=4391960577)] for zone 1 to safety
09:34 12860  141ms    95M 1097G  71/118U INFO terranbot.builds.plans.acts.zone_defense:1062 Pulling worker [Unit(name='SCV', tag=4350803969), Unit(name='SCV', tag=4356308993), Unit(name='SCV', tag=4380426241), Unit(name='SCV', tag=4350279681), Unit(name='SCV', tag=4370989057), Unit(name='SCV', tag=4372037633), Unit(name='SCV', tag=4357357570), Unit(name='SCV', tag=4378329089), Unit(name='SCV', tag=4389339137), Unit(name='SCV', tag=4368891905)] for zone 1 to safety
09:34 12864  129ms    95M 1097G  70/118U INFO terranbot.builds.plans.acts.zone_defense:1062 Pulling worker [Unit(name='SCV', tag=4350541825), Unit(name='SCV', tag=4387766273), Unit(name='SCV', tag=4349755393), Unit(name='SCV', tag=4354473986), Unit(name='SCV', tag=4386717697), Unit(name='SCV', tag=4349493249), Unit(name='SCV', tag=4383571969), Unit(name='SCV', tag=4352901121)] for zone 1 to safety
09:34 12868  149ms    95M 1097G  70/118U INFO terranbot.builds.plans.acts.zone_defense:1062 Pulling worker [Unit(name='SCV', tag=4355260417), Unit(name='SCV', tag=4359979009), Unit(name='SCV', tag=4354211841), Unit(name='SCV', tag=4368367617), Unit(name='SCV', tag=4348444673), Unit(name='SCV', tag=4375707649), Unit(name='SCV', tag=4379377665), Unit(name='SCV', tag=4371513345), Unit(name='MULE', tag=4417388545), Unit(name='SCV', tag=4365484033)] for zone 1 to safety
09:34 12872  132ms    95M 1097G  69/118U INFO terranbot.activity.location_modifiers:130 unit_to_place_beside: Unit(name='Barracks', tag=4352638977) - unit_to_place_beside.type_id=UnitTypeId.BARRACKS - position=(71.5, 49.5)
09:34 12872  132ms    95M 1097G  69/118U WARNING terranbot.activity.location_modifiers:177 NearUnit preferred-zone miss: tag=4352638977 unit_type=UnitTypeId.BARRACKS unit_zone=0 target_zone=0 selected=(71.5, 49.5) selected_zone=1 main_candidates=['(44.5, 55.5) (overlaps_other_structure)', '(41.5, 52.5) (overlaps_other_structure)', '(45.5, 60.5) (overlaps_other_structure)', '(37.5, 55.5) (overlaps_other_structure)', '(51.5, 55.5) (overlaps_other_structure)', '(50.5, 50.5) (overlaps_other_structure)', '(38.5, 60.5) (overlaps_other_structure)', '(47.5, 47.5) (overlaps_other_structure)', '(41.5, 63.5) (reserved_target_move_location)', '(48.5, 63.5) (overlaps_other_structure)', '(34.5, 52.5) (overlaps_other_structure)', '(54.5, 58.5) (overlaps_other_structure)'] non_main_candidates=['(68.5, 46.5) (overlaps_other_structure)', '(71.5, 49.5) (ok)', '(95.5, 42.5) (overlaps_other_structure)', '(98.5, 45.5) (ok)', '(113.5, 46.5) (ok)', '(116.5, 49.5) (ok)']
09:34 12872  132ms    95M 1097G  69/118U INFO terranbot.builds.plans.acts.zone_defense:1062 Pulling worker [Unit(name='SCV', tag=4356308993), Unit(name='SCV', tag=4380426241), Unit(name='SCV', tag=4370989057), Unit(name='SCV', tag=4350279681), Unit(name='SCV', tag=4372037633), Unit(name='SCV', tag=4357357570), Unit(name='SCV', tag=4378329089), Unit(name='SCV', tag=4391960577), Unit(name='SCV', tag=4368891905)] for zone 1 to safety
09:34 12876  136ms    95M 1097G  69/118U INFO terranbot.builds.plans.acts.zone_defense:1062 Pulling worker [Unit(name='SCV', tag=4350541825), Unit(name='SCV', tag=4349755393), Unit(name='SCV', tag=4354473986), Unit(name='SCV', tag=4386717697), Unit(name='SCV', tag=4349493249), Unit(name='SCV', tag=4348706817), Unit(name='SCV', tag=4352901121), Unit(name='SCV', tag=4389339137), Unit(name='SCV', tag=4383571969)] for zone 1 to safety
09:35 12880  132ms    95M 1101G  67/118U INFO sharpy.managers.core.log_manager:80 [GameAnalyzer] Known army advantage is now OverwhelmingDisadvantage
09:35 12880  132ms    95M 1101G  67/118U INFO terranbot.builds.plans.acts.zone_defense:1062 Pulling worker [Unit(name='SCV', tag=4355260417), Unit(name='SCV', tag=4359979009), Unit(name='SCV', tag=4348444673), Unit(name='SCV', tag=4368367617), Unit(name='SCV', tag=4379377665), Unit(name='SCV', tag=4375707649), Unit(name='SCV', tag=4371513345), Unit(name='SCV', tag=4387766273), Unit(name='MULE', tag=4417388545)] for zone 1 to safety
09:35 12884  135ms    95M 1101G  66/118U INFO sharpy.managers.core.log_manager:80 [GameAnalyzer] Income advantage is now ClearDisadvantage
09:35 12884  135ms    95M 1101G  66/118U INFO terranbot.builds.plans.acts.zone_defense:1062 Pulling worker [Unit(name='SCV', tag=4372037633), Unit(name='SCV', tag=4380426241), Unit(name='SCV', tag=4356308993), Unit(name='SCV', tag=4350279681), Unit(name='SCV', tag=4354211841), Unit(name='SCV', tag=4357357570), Unit(name='SCV', tag=4365484033), Unit(name='SCV', tag=4391960577), Unit(name='SCV', tag=4368891905)] for zone 1 to safety
09:35 12888  140ms    95M 1101G  65/118U INFO sharpy.managers.core.log_manager:80 [GameAnalyzer] Income advantage is now OverwhelmingDisadvantage
09:35 12888  140ms    95M 1101G  65/118U INFO terranbot.builds.plans.acts.zone_defense:1062 Pulling worker [Unit(name='SCV', tag=4350541825), Unit(name='SCV', tag=4354473986), Unit(name='SCV', tag=4352901121), Unit(name='SCV', tag=4378329089), Unit(name='SCV', tag=4349493249), Unit(name='SCV', tag=4348706817), Unit(name='SCV', tag=4383571969), Unit(name='SCV', tag=4389339137), Unit(name='SCV', tag=4386717697)] for zone 1 to safety
09:35 12892  116ms   100M 1101G  65/118U INFO sharpy.managers.core.log_manager:80 [GameAnalyzer] Income advantage is now ClearDisadvantage
09:35 12892  116ms   100M 1101G  65/118U INFO terranbot.builds.plans.acts.zone_defense:1062 Pulling worker [Unit(name='SCV', tag=4355260417), Unit(name='SCV', tag=4368367617), Unit(name='SCV', tag=4349755393), Unit(name='SCV', tag=4359979009), Unit(name='SCV', tag=4375707649), Unit(name='SCV', tag=4379377665), Unit(name='SCV', tag=4371513345), Unit(name='SCV', tag=4370989057), Unit(name='MULE', tag=4417388545)] for zone 1 to safety
09:35 12896  127ms   100M 1101G  63/118U INFO sharpy.managers.core.log_manager:80 [GameAnalyzer] Income advantage is now OverwhelmingDisadvantage
09:35 12896  127ms   100M 1101G  63/118U INFO terranbot.builds.plans.acts.zone_defense:1062 Pulling worker [Unit(name='SCV', tag=4356308993), Unit(name='SCV', tag=4350279681), Unit(name='SCV', tag=4357357570), Unit(name='SCV', tag=4372037633), Unit(name='SCV', tag=4380426241), Unit(name='SCV', tag=4387766273)] for zone 1 to safety
09:35 12900  135ms   100M 1101G  61/118U INFO terranbot.builds.plans.acts.zone_defense:1062 Pulling worker [Unit(name='SCV', tag=4386717697), Unit(name='SCV', tag=4354211841), Unit(name='SCV', tag=4354473986), Unit(name='SCV', tag=4352901121), Unit(name='SCV', tag=4348706817), Unit(name='SCV', tag=4378329089), Unit(name='SCV', tag=4383571969), Unit(name='SCV', tag=4348444673), Unit(name='SCV', tag=4365484033), Unit(name='SCV', tag=4349493249)] for zone 1 to safety
09:36 12904  120ms   100M 1101G  61/118U INFO terranbot.builds.plans.acts.zone_defense:1062 Pulling worker [Unit(name='SCV', tag=4368367617), Unit(name='SCV', tag=4359979009), Unit(name='SCV', tag=4379377665), Unit(name='SCV', tag=4371513345), Unit(name='SCV', tag=4375707649), Unit(name='SCV', tag=4368891905), Unit(name='SCV', tag=4389339137), Unit(name='SCV', tag=4370989057), Unit(name='MULE', tag=4417388545)] for zone 1 to safety
09:36 12908  153ms   100M 1101G  61/118U INFO sharpy.managers.core.log_manager:80 [GameAnalyzer] Income advantage is now ClearDisadvantage
09:36 12908  153ms   100M 1101G  61/118U INFO terranbot.builds.plans.acts.zone_defense:1062 Pulling worker [Unit(name='SCV', tag=4372037633), Unit(name='SCV', tag=4380426241), Unit(name='SCV', tag=4357357570), Unit(name='SCV', tag=4387766273), Unit(name='SCV', tag=4349755393)] for zone 1 to safety
09:36 12912  142ms   100M 1101G  61/118U INFO sharpy.managers.core.log_manager:80 [GameAnalyzer] Income advantage is now OverwhelmingDisadvantage
09:36 12912  142ms    50M 1101G  61/118U INFO terranbot.builds.plans.acts.zone_defense:1062 Pulling worker [Unit(name='SCV', tag=4354473986), Unit(name='SCV', tag=4350279681), Unit(name='SCV', tag=4391960577), Unit(name='SCV', tag=4352901121), Unit(name='SCV', tag=4348444673), Unit(name='SCV', tag=4348706817), Unit(name='SCV', tag=4349493249), Unit(name='SCV', tag=4378329089), Unit(name='SCV', tag=4386717697)] for zone 1 to safety
09:36 12916  147ms    49M 1100G  60/118U INFO terranbot.builds.plans.acts.zone_defense:1062 Pulling worker [Unit(name='SCV', tag=4371513345), Unit(name='SCV', tag=4375707649), Unit(name='MULE', tag=4417388545), Unit(name='SCV', tag=4379377665), Unit(name='SCV', tag=4359979009), Unit(name='SCV', tag=4368891905), Unit(name='SCV', tag=4365484033), Unit(name='SCV', tag=4389339137), Unit(name='SCV', tag=4370989057), Unit(name='SCV', tag=4383571969)] for zone 1 to safety
09:36 12920  141ms    49M 1100G  60/118U INFO terranbot.builds.plans.acts.zone_defense:1062 Pulling worker [Unit(name='SCV', tag=4368367617), Unit(name='SCV', tag=4380426241), Unit(name='SCV', tag=4372037633), Unit(name='SCV', tag=4357357570), Unit(name='SCV', tag=4387766273)] for zone 1 to safety
09:36 12924  114ms   -46M 1100G  60/118U INFO terranbot.builds.plans.acts.zone_defense:1062 Pulling worker [Unit(name='SCV', tag=4386717697), Unit(name='SCV', tag=4348706817), Unit(name='SCV', tag=4354473986), Unit(name='SCV', tag=4352901121), Unit(name='SCV', tag=4348444673), Unit(name='SCV', tag=4349755393), Unit(name='SCV', tag=4349493249)] for zone 1 to safety
09:37 12928  133ms     9M 1104G  61/118U INFO terranbot.builds.plans.acts.zone_defense:1062 Pulling worker [Unit(name='SCV', tag=4379377665), Unit(name='SCV', tag=4359979009), Unit(name='MULE', tag=4417388545), Unit(name='SCV', tag=4365484033), Unit(name='SCV', tag=4350279681), Unit(name='SCV', tag=4389339137), Unit(name='SCV', tag=4354211841), Unit(name='SCV', tag=4368891905), Unit(name='SCV', tag=4383571969)] for zone 1 to safety
09:37 12932  120ms     9M 1104G  60/118U INFO terranbot.builds.plans.acts.zone_defense:1062 Pulling worker [Unit(name='SCV', tag=4371513345), Unit(name='SCV', tag=4380426241), Unit(name='SCV', tag=4372037633), Unit(name='SCV', tag=4357357570), Unit(name='SCV', tag=4391960577), Unit(name='SCV', tag=4387766273)] for zone 1 to safety
09:37 12936  127ms     9M 1104G  60/118U INFO terranbot.builds.plans.acts.zone_defense:1062 Pulling worker [Unit(name='SCV', tag=4386717697), Unit(name='SCV', tag=4348706817), Unit(name='SCV', tag=4354473986), Unit(name='SCV', tag=4375707649), Unit(name='SCV', tag=4352901121), Unit(name='SCV', tag=4368367617), Unit(name='SCV', tag=4348444673), Unit(name='SCV', tag=4349493249)] for zone 1 to safety
09:37 12940  141ms     9M 1104G  58/118U INFO terranbot.builds.plans.acts.zone_defense:1062 Pulling worker [Unit(name='SCV', tag=4389339137), Unit(name='SCV', tag=4379377665), Unit(name='SCV', tag=4365484033), Unit(name='SCV', tag=4349755393), Unit(name='MULE', tag=4417388545), Unit(name='SCV', tag=4383571969), Unit(name='SCV', tag=4368891905)] for zone 1 to safety
09:37 12944  134ms     9M 1108G  58/118U INFO terranbot.builds.plans.acts.zone_defense:1062 Pulling worker [Unit(name='SCV', tag=4372037633), Unit(name='SCV', tag=4380426241), Unit(name='SCV', tag=4357357570), Unit(name='SCV', tag=4391960577), Unit(name='SCV', tag=4370989057), Unit(name='SCV', tag=4359979009), Unit(name='SCV', tag=4350279681)] for zone 1 to safety
09:38 12948  145ms     8M 1107G  56/118U INFO terranbot.builds.plans.acts.zone_defense:1062 Pulling worker [Unit(name='SCV', tag=4350541825), Unit(name='SCV', tag=4352901121), Unit(name='SCV', tag=4385406977), Unit(name='SCV', tag=4355260417), Unit(name='SCV', tag=4348444673), Unit(name='SCV', tag=4387766273), Unit(name='SCV', tag=4368367617), Unit(name='SCV', tag=4386717697)] for zone 1 to safety
09:38 12952  135ms     8M 1107G  55/118U INFO terranbot.builds.plans.acts.zone_defense:1062 Pulling worker [Unit(name='SCV', tag=4349755393), Unit(name='SCV', tag=4349493249), Unit(name='SCV', tag=4368891905)] for zone 1 to safety
09:38 12956  105ms     8M 1107G  55/118U INFO terranbot.builds.plans.acts.zone_defense:1062 Pulling worker [Unit(name='SCV', tag=4365484033), Unit(name='SCV', tag=4380426241), Unit(name='SCV', tag=4357357570), Unit(name='SCV', tag=4372037633), Unit(name='SCV', tag=4391960577), Unit(name='SCV', tag=4371513345), Unit(name='SCV', tag=4383571969)] for zone 1 to safety
09:38 12960  112ms     7M 1106G  53/118U INFO terranbot.builds.plans.acts.zone_defense:1062 Pulling worker [Unit(name='SCV', tag=4350541825), Unit(name='SCV', tag=4355260417), Unit(name='SCV', tag=4370989057), Unit(name='SCV', tag=4379377665), Unit(name='SCV', tag=4352901121), Unit(name='SCV', tag=4348444673), Unit(name='SCV', tag=4386717697)] for zone 1 to safety
09:38 12964  128ms     7M 1106G  52/118U INFO terranbot.builds.plans.acts.zone_defense:1062 Pulling worker [Unit(name='SCV', tag=4349755393), Unit(name='SCV', tag=4359979009), Unit(name='SCV', tag=4387766273), Unit(name='SCV', tag=4368891905), Unit(name='SCV', tag=4375707649)] for zone 1 to safety
09:38 12964  128ms     7M 1106G  52/118U INFO terranbot.combat.counter_attack:143 Counter-attack ended: bio depleted
09:38 12968  116ms     7M 1110G  51/118U INFO terranbot.builds.plans.acts.zone_defense:1062 Pulling worker [Unit(name='SCV', tag=4382261249), Unit(name='SCV', tag=4371513345), Unit(name='SCV', tag=4372037633), Unit(name='SCV', tag=4350279681), Unit(name='SCV', tag=4368367617), Unit(name='SCV', tag=4349493249), Unit(name='SCV', tag=4380426241)] for zone 1 to safety
09:39 12972  118ms     6M 1109G  51/118U INFO terranbot.builds.plans.acts.zone_defense:1062 Pulling worker [Unit(name='SCV', tag=4370989057), Unit(name='SCV', tag=4391960577), Unit(name='SCV', tag=4352901121), Unit(name='SCV', tag=4383571969), Unit(name='SCV', tag=4386717697)] for zone 1 to safety
09:39 12976  108ms     6M 1113G  51/118U INFO terranbot.builds.plans.acts.zone_defense:1062 Pulling worker [Unit(name='SCV', tag=4389339137), Unit(name='SCV', tag=4375707649), Unit(name='SCV', tag=4357357570), Unit(name='SCV', tag=4379377665), Unit(name='SCV', tag=4368891905)] for zone 1 to safety
09:39 12980   81ms     6M 1113G  51/118U INFO terranbot.builds.plans.acts.zone_defense:1062 Pulling worker [Unit(name='SCV', tag=4348444673), Unit(name='SCV', tag=4372037633), Unit(name='SCV', tag=4349755393), Unit(name='SCV', tag=4359979009), Unit(name='SCV', tag=4365484033), Unit(name='SCV', tag=4349493249), Unit(name='SCV', tag=4380426241)] for zone 1 to safety
09:39 12984  126ms     6M 1113G  49/118U INFO terranbot.builds.plans.acts.zone_defense:1062 Pulling worker [Unit(name='SCV', tag=4350279681), Unit(name='SCV', tag=4352901121), Unit(name='SCV', tag=4371513345), Unit(name='SCV', tag=4386717697)] for zone 1 to safety
09:39 12988  128ms     6M 1113G  49/118U INFO terranbot.builds.plans.acts.zone_defense:1062 Pulling worker [Unit(name='SCV', tag=4375707649), Unit(name='SCV', tag=4391960577), Unit(name='SCV', tag=4383571969)] for zone 1 to safety
09:40 12992   96ms    11M 1113G  49/118U INFO terranbot.builds.plans.acts.zone_defense:1062 Pulling worker [Unit(name='SCV', tag=4349755393), Unit(name='SCV', tag=4379377665), Unit(name='SCV', tag=4372037633), Unit(name='SCV', tag=4365484033), Unit(name='SCV', tag=4357357570), Unit(name='SCV', tag=4370989057), Unit(name='SCV', tag=4387766273), Unit(name='SCV', tag=4368891905), Unit(name='SCV', tag=4380426241), Unit(name='SCV', tag=4349493249)] for zone 1 to safety
09:40 12996  143ms    11M 1113G  47/118U INFO terranbot.builds.plans.acts.zone_defense:1062 Pulling worker [Unit(name='SCV', tag=4359979009), Unit(name='SCV', tag=4350279681), Unit(name='SCV', tag=4386717697), Unit(name='SCV', tag=4368367617), Unit(name='SCV', tag=4382261249)] for zone 1 to safety
09:40 13000  132ms    11M 1113G  47/118U INFO terranbot.builds.plans.acts.zone_defense:1062 Pulling worker [Unit(name='SCV', tag=4375707649), Unit(name='SCV', tag=4348444673), Unit(name='SCV', tag=4371513345)] for zone 1 to safety
09:40 13004   86ms    10M 1112G  47/118U INFO terranbot.builds.plans.acts.zone_defense:1062 Pulling worker [Unit(name='SCV', tag=4352901121), Unit(name='SCV', tag=4372037633), Unit(name='SCV', tag=4349755393), Unit(name='SCV', tag=4349493249), Unit(name='SCV', tag=4383571969), Unit(name='SCV', tag=4380426241), Unit(name='SCV', tag=4370989057), Unit(name='SCV', tag=4387766273)] for zone 1 to safety
09:40 13008  111ms    15M 1112G  46/118U INFO terranbot.builds.plans.acts.zone_defense:1062 Pulling worker [Unit(name='SCV', tag=4350279681), Unit(name='SCV', tag=4379377665), Unit(name='SCV', tag=4382261249), Unit(name='SCV', tag=4368891905), Unit(name='SCV', tag=4368367617)] for zone 1 to safety
09:40 13012  110ms    15M 1112G  45/118U INFO terranbot.builds.plans.acts.zone_defense:1062 Pulling worker [Unit(name='SCV', tag=4375707649), Unit(name='SCV', tag=4359979009), Unit(name='SCV', tag=4391960577), Unit(name='SCV', tag=4386717697)] for zone 1 to safety
09:41 13016   90ms    14M 1115G  45/118U INFO terranbot.builds.plans.acts.zone_defense:1062 Pulling worker [Unit(name='SCV', tag=4372037633), Unit(name='SCV', tag=4370989057), Unit(name='SCV', tag=4380426241), Unit(name='SCV', tag=4365484033), Unit(name='SCV', tag=4387766273), Unit(name='SCV', tag=4371513345)] for zone 1 to safety
09:41 13020  111ms    14M 1115G  44/118U INFO terranbot.builds.plans.acts.zone_defense:1062 Pulling worker [Unit(name='SCV', tag=4352901121), Unit(name='SCV', tag=4349231105), Unit(name='SCV', tag=4368891905), Unit(name='SCV', tag=4357357570), Unit(name='SCV', tag=4368367617), Unit(name='SCV', tag=4382261249), Unit(name='SCV', tag=4383571969)] for zone 1 to safety
09:41 13024  121ms    18M 1114G  44/118U INFO terranbot.builds.plans.acts.zone_defense:1062 Pulling worker [Unit(name='SCV', tag=4391960577), Unit(name='SCV', tag=4350279681), Unit(name='SCV', tag=4348444673), Unit(name='SCV', tag=4359979009), Unit(name='SCV', tag=4379377665), Unit(name='SCV', tag=4386717697)] for zone 1 to safety
09:41 13028   87ms    22M 1113G  43/118U INFO terranbot.builds.plans.acts.zone_defense:1062 Pulling worker [Unit(name='SCV', tag=4387766273), Unit(name='SCV', tag=4371513345), Unit(name='SCV', tag=4375707649), Unit(name='SCV', tag=4380426241), Unit(name='SCV', tag=4365484033)] for zone 1 to safety
09:41 13032  111ms    21M 1112G  43/118U INFO terranbot.builds.plans.acts.zone_defense:1062 Pulling worker [Unit(name='SCV', tag=4367319041), Unit(name='SCV', tag=4368367617), Unit(name='SCV', tag=4382261249), Unit(name='SCV', tag=4357357570), Unit(name='SCV', tag=4383571969)] for zone 1 to safety
09:41 13036  119ms    21M 1112G  43/118U INFO terranbot.builds.plans.acts.zone_defense:1062 Pulling worker [Unit(name='SCV', tag=4352901121), Unit(name='SCV', tag=4370989057), Unit(name='SCV', tag=4379377665), Unit(name='SCV', tag=4386717697)] for zone 1 to safety
09:42 13040   90ms    21M 1112G  43/118U INFO terranbot.builds.plans.acts.zone_defense:1062 Pulling worker [Unit(name='SCV', tag=4371513345), Unit(name='SCV', tag=4368891905), Unit(name='SCV', tag=4372037633), Unit(name='SCV', tag=4365484033), Unit(name='SCV', tag=4380426241)] for zone 1 to safety
09:42 13044  108ms    21M 1112G  43/118U INFO terranbot.builds.plans.acts.zone_defense:1062 Pulling worker [Unit(name='SCV', tag=4368367617), Unit(name='SCV', tag=4348444673), Unit(name='SCV', tag=4357357570), Unit(name='SCV', tag=4349755393), Unit(name='SCV', tag=4383571969)] for zone 1 to safety
09:42 13048  103ms    20M 1111G  43/118U INFO terranbot.builds.plans.acts.zone_defense:1062 Pulling worker [Unit(name='SCV', tag=4352901121), Unit(name='SCV', tag=4375707649), Unit(name='SCV', tag=4391960577), Unit(name='SCV', tag=4386717697), Unit(name='SCV', tag=4379377665)] for zone 1 to safety
09:42 13052  125ms    19M 1110G  43/118U INFO terranbot.builds.plans.acts.zone_defense:1062 Pulling worker [Unit(name='SCV', tag=4371513345), Unit(name='SCV', tag=4372037633), Unit(name='SCV', tag=4380426241), Unit(name='SCV', tag=4368891905)] for zone 1 to safety
09:42 13056  113ms    18M 1113G  43/118U INFO terranbot.builds.plans.acts.zone_defense:1062 Pulling worker [Unit(name='SCV', tag=4348444673), Unit(name='SCV', tag=4357357570), Unit(name='SCV', tag=4367319041), Unit(name='SCV', tag=4368367617), Unit(name='SCV', tag=4365484033), Unit(name='SCV', tag=4382261249), Unit(name='SCV', tag=4383571969)] for zone 1 to safety
09:43 13060  220ms    18M 1113G  43/118U INFO terranbot.builds.plans.acts.zone_defense:1062 Pulling worker [Unit(name='SCV', tag=4375707649), Unit(name='SCV', tag=4379377665), Unit(name='SCV', tag=4352901121), Unit(name='SCV', tag=4348968961), Unit(name='SCV', tag=4349755393), Unit(name='SCV', tag=4386717697)] for zone 1 to safety
09:43 13064  117ms    18M 1113G  42/118U INFO terranbot.builds.plans.acts.zone_defense:1062 Pulling worker [Unit(name='SCV', tag=4391960577), Unit(name='SCV', tag=4380426241), Unit(name='SCV', tag=4368891905), Unit(name='SCV', tag=4372037633)] for zone 1 to safety
09:43 13068  106ms    23M 1117G  40/118U INFO terranbot.builds.plans.acts.zone_defense:1062 Pulling worker [Unit(name='SCV', tag=4368367617), Unit(name='SCV', tag=4348444673), Unit(name='SCV', tag=4371513345), Unit(name='SCV', tag=4357357570), Unit(name='SCV', tag=4382261249), Unit(name='SCV', tag=4383571969)] for zone 1 to safety
09:43 13072  124ms    23M 1117G  40/118U INFO terranbot.builds.plans.acts.zone_defense:1062 Pulling worker [Unit(name='SCV', tag=4367319041), Unit(name='SCV', tag=4386717697)] for zone 1 to safety
09:43 13076  104ms    22M 1116G  40/118U INFO terranbot.builds.plans.acts.zone_defense:1062 Pulling worker [Unit(name='SCV', tag=4348968961), Unit(name='SCV', tag=4365484033)] for zone 1 to safety
09:43 13080  110ms    22M 1116G  37/118U INFO terranbot.builds.plans.acts.zone_defense:1062 Pulling worker [Unit(name='SCV', tag=4350279681), Unit(name='SCV', tag=4357357570), Unit(name='SCV', tag=4383571969), Unit(name='SCV', tag=4379377665), Unit(name='SCV', tag=4372037633), Unit(name='SCV', tag=4391960577), Unit(name='SCV', tag=4349755393), Unit(name='SCV', tag=4371513345), Unit(name='SCV', tag=4368891905), Unit(name='SCV', tag=4380426241), Unit(name='SCV', tag=4382261249)] for zone 1 to safety
09:44 13084  123ms    22M 1116G  37/118U INFO terranbot.builds.plans.acts.zone_defense:1062 Pulling worker [Unit(name='SCV', tag=4367319041), Unit(name='SCV', tag=4386717697)] for zone 1 to safety
09:44 13088  103ms    22M 1116G  37/118U INFO terranbot.builds.plans.acts.zone_defense:1062 Pulling worker [Unit(name='SCV', tag=4365484033), Unit(name='SCV', tag=4352901121), Unit(name='SCV', tag=4375707649)] for zone 1 to safety
09:44 13092  114ms    27M 1116G  36/118U INFO terranbot.builds.plans.acts.zone_defense:1062 Pulling worker [Unit(name='SCV', tag=4349755393), Unit(name='SCV', tag=4380426241), Unit(name='SCV', tag=4368891905)] for zone 1 to safety
09:44 13096  101ms    27M 1116G  35/118U INFO terranbot.builds.plans.acts.zone_defense:1062 Pulling worker [Unit(name='SCV', tag=4386717697)] for zone 1 to safety
09:44 13100   90ms    27M 1116G  35/118U INFO terranbot.builds.plans.acts.zone_defense:1062 Pulling worker [Unit(name='SCV', tag=4375707649), Unit(name='SCV', tag=4357357570)] for zone 1 to safety
09:45 13104   92ms    27M 1116G  35/118U INFO terranbot.builds.plans.acts.zone_defense:1062 Pulling worker [Unit(name='SCV', tag=4368891905), Unit(name='SCV', tag=4380426241)] for zone 1 to safety
09:45 13108  107ms    32M 1116G  34/118U INFO terranbot.builds.plans.acts.zone_defense:1062 Pulling worker [] for zone 1 to safety
09:45 13112   67ms    32M 1116G  33/118U INFO terranbot.builds.plans.acts.zone_defense:1062 Pulling worker [] for zone 1 to safety
09:45 13116   66ms    31M 1120G  33/118U INFO terranbot.builds.plans.acts.zone_defense:1062 Pulling worker [Unit(name='SCV', tag=4368891905)] for zone 1 to safety
09:45 13120   70ms    31M 1120G  32/118U INFO terranbot.builds.plans.acts.zone_defense:1062 Pulling worker [] for zone 1 to safety
09:45 13124   63ms    36M 1120G  32/118U INFO terranbot.builds.plans.acts.zone_defense:1062 Pulling worker [] for zone 1 to safety
09:46 13128   93ms    35M 1120G  32/118U INFO terranbot.builds.plans.acts.zone_defense:1062 Pulling worker [] for zone 1 to safety
09:46 13132   88ms    39M 1120G  31/118U INFO terranbot.builds.plans.acts.zone_defense:1062 Pulling worker [] for zone 1 to safety
09:46 13136   77ms    39M 1120G  31/118U INFO terranbot.builds.plans.acts.zone_defense:1062 Pulling worker [] for zone 1 to safety
09:46 13140   65ms    37M 1120G  30/118U INFO terranbot.builds.plans.acts.zone_defense:1062 Pulling worker [] for zone 1 to safety
09:46 13144   87ms    36M 1124G  28/118U INFO terranbot.builds.plans.acts.zone_defense:1062 Pulling worker [] for zone 1 to safety
09:46 13148   76ms    36M 1124G  28/118U INFO terranbot.builds.plans.acts.zone_defense:1062 Pulling worker [] for zone 1 to safety
09:47 13152   71ms    39M 1124G  27/118U INFO terranbot.builds.plans.acts.zone_defense:1062 Pulling worker [] for zone 1 to safety
09:47 13156   88ms    38M 1124G  26/118U INFO terranbot.builds.plans.acts.zone_defense:1062 Pulling worker [] for zone 1 to safety
09:47 13160   73ms    37M 1124G  26/118U INFO terranbot.builds.plans.acts.zone_defense:1062 Pulling worker [] for zone 1 to safety
09:47 13164   73ms    37M 1124G  26/118U INFO terranbot.builds.plans.acts.zone_defense:1062 Pulling worker [] for zone 1 to safety
09:47 13168   91ms    35M 1124G  25/118U INFO terranbot.builds.plans.acts.zone_defense:1062 Pulling worker [] for zone 1 to safety
09:48 13172   73ms    34M 1124G  25/118U INFO terranbot.builds.plans.acts.zone_defense:1062 Pulling worker [] for zone 1 to safety
09:48 13176   65ms    34M 1124G  25/118U INFO terranbot.builds.plans.acts.zone_defense:1062 Pulling worker [] for zone 1 to safety
09:48 13180   63ms    38M 1124G  24/118U INFO terranbot.builds.plans.acts.zone_defense:1062 Pulling worker [] for zone 1 to safety
09:48 13184   72ms    41M 1124G  24/118U INFO terranbot.builds.plans.acts.zone_defense:1062 Pulling worker [] for zone 1 to safety
09:48 13188   73ms    40M 1124G  24/118U INFO terranbot.builds.plans.acts.zone_defense:1062 Pulling worker [] for zone 1 to safety
09:48 13192   64ms    39M 1124G  23/118U INFO terranbot.builds.plans.acts.zone_defense:1062 Pulling worker [] for zone 1 to safety
09:49 13196   78ms    39M 1124G  23/118U INFO terranbot.builds.plans.acts.zone_defense:1062 Pulling worker [] for zone 1 to safety
09:49 13200   63ms    42M 1124G  23/118U INFO terranbot.builds.plans.acts.zone_defense:1062 Pulling worker [] for zone 1 to safety
09:49 13204   74ms    42M 1124G  22/118U INFO terranbot.builds.plans.acts.zone_defense:1062 Pulling worker [] for zone 1 to safety
09:49 13208   79ms    41M 1124G  22/118U INFO terranbot.builds.plans.acts.zone_defense:1062 Pulling worker [] for zone 1 to safety
09:49 13212   72ms    41M 1124G  22/118U INFO terranbot.builds.plans.acts.zone_defense:1062 Pulling worker [] for zone 1 to safety
09:50 13216   65ms    40M 1128G  21/118U INFO terranbot.builds.plans.acts.zone_defense:1062 Pulling worker [] for zone 1 to safety
09:50 13220   80ms    15M 1128G  21/118U INFO sharpy.managers.core.log_manager:80 [TrainSCV] SCV from COMMANDCENTER at (42.5, 46.5)
09:50 13220   80ms    15M 1128G  21/118U INFO terranbot.builds.plans.acts.zone_defense:1062 Pulling worker [] for zone 1 to safety
09:50 13224   79ms    20M 1128G  22/118U INFO terranbot.builds.plans.acts.zone_defense:1062 Pulling worker [] for zone 1 to safety
09:50 13228   61ms    20M 1128G  22/118U INFO terranbot.builds.plans.acts.zone_defense:1062 Pulling worker [] for zone 1 to safety
09:50 13232   64ms    25M 1132G  21/118U INFO terranbot.builds.plans.acts.zone_defense:1062 Pulling worker [] for zone 1 to safety
09:50 13236   81ms    25M 1132G  21/118U INFO terranbot.builds.plans.acts.zone_defense:1062 Pulling worker [] for zone 1 to safety
09:51 13240   74ms    25M 1132G  21/118U INFO terranbot.builds.plans.acts.zone_defense:1062 Pulling worker [] for zone 1 to safety
09:51 13244   68ms    30M 1132G  21/118U INFO terranbot.builds.plans.acts.zone_defense:1062 Pulling worker [] for zone 1 to safety
09:51 13248   58ms    30M 1132G  21/118U INFO sharpy.managers.core.log_manager:80 [GameAnalyzer] Income advantage is now ClearDisadvantage
09:51 13248   58ms    30M 1132G  21/118U INFO terranbot.builds.plans.acts.zone_defense:1062 Pulling worker [] for zone 1 to safety
09:51 13252   67ms    35M 1132G  21/118U INFO terranbot.builds.plans.acts.zone_defense:1062 Pulling worker [] for zone 1 to safety
09:51 13256   62ms    35M 1132G  21/118U INFO terranbot.builds.plans.acts.zone_defense:1062 Pulling worker [] for zone 1 to safety
09:51 13260   70ms    35M 1132G  21/118U INFO terranbot.builds.plans.acts.zone_defense:1062 Pulling worker [] for zone 1 to safety
09:52 13264   71ms    40M 1136G  21/118U INFO terranbot.builds.plans.acts.zone_defense:1062 Pulling worker [] for zone 1 to safety
09:52 13268   63ms    45M 1136G  21/103U INFO sharpy.managers.core.log_manager:80 [GameAnalyzer] Income advantage is now OverwhelmingDisadvantage
09:52 13268   63ms    45M 1136G  21/103U INFO terranbot.builds.plans.acts.zone_defense:1062 Pulling worker [] for zone 1 to safety
09:52 13272   58ms    50M 1136G  21/103U INFO sharpy.managers.core.log_manager:80 [BuildAddon] UnitTypeId.BARRACKSTECHLAB to (44.0, 63.0)
09:52 13272   58ms  -100M 1136G  21/103U INFO terranbot.builds.plans.acts.zone_defense:1062 Pulling worker [] for zone 1 to safety
09:52 13276   64ms     0M 1111G  21/103U INFO terranbot.builds.plans.acts.zone_defense:1062 Pulling worker [] for zone 1 to safety
09:52 13280   59ms     0M 1111G  21/103U INFO terranbot.builds.plans.acts.zone_defense:1062 Pulling worker [] for zone 1 to safety
09:53 13284   58ms     0M 1111G  21/103U INFO terranbot.builds.plans.acts.zone_defense:1062 Pulling worker [] for zone 1 to safety
09:53 13288   61ms     5M 1115G  21/103U INFO terranbot.builds.plans.acts.zone_defense:1062 Pulling worker [] for zone 1 to safety
09:53 13292   61ms     5M 1115G  21/103U INFO terranbot.builds.plans.acts.zone_defense:1062 Pulling worker [] for zone 1 to safety
09:53 13296   80ms     5M 1119G  21/103U INFO terranbot.builds.plans.acts.zone_defense:1062 Pulling worker [] for zone 1 to safety
09:53 13300   65ms     5M 1119G  21/103U INFO terranbot.builds.plans.acts.zone_defense:1062 Pulling worker [] for zone 1 to safety
09:53 13304   79ms    10M 1119G  21/103U INFO terranbot.builds.plans.acts.zone_defense:1062 Pulling worker [] for zone 1 to safety
09:54 13308   80ms    15M 1119G  21/103U INFO terranbot.builds.plans.acts.zone_defense:1062 Pulling worker [] for zone 1 to safety
09:54 13312   72ms    15M 1119G  21/103U INFO terranbot.builds.plans.acts.zone_defense:1062 Pulling worker [] for zone 1 to safety
09:54 13316  103ms    15M 1119G  21/103U INFO terranbot.builds.plans.acts.zone_defense:1062 Pulling worker [] for zone 1 to safety
09:54 13316  103ms    15M 1119G  21/103U WARNING sharpy.managers.core.pathing_manager:312 No path found (47.5, 45.625), (76.62132034355965, 50.621320343559645)
09:54 13316  103ms    15M 1119G  21/103U WARNING sharpy.managers.core.pathing_manager:313 Pathing start: 1.0 , Pathing target: 1.0
09:54 13320  228ms    20M 1127G  21/103U INFO terranbot.builds.plans.acts.zone_defense:1062 Pulling worker [] for zone 1 to safety
09:54 13320  228ms    20M 1127G  21/103U WARNING sharpy.managers.core.pathing_manager:312 No path found (47.78076171875, 45.6298828125), (76.62132034355965, 50.621320343559645)
09:54 13320  228ms    20M 1127G  21/103U WARNING sharpy.managers.core.pathing_manager:313 Pathing start: 1.0 , Pathing target: 1.0
09:54 13320  228ms    20M 1127G  21/103U WARNING sharpy.managers.core.pathing_manager:312 No path found (47.78076171875, 45.6298828125), (76.62132034355965, 50.621320343559645)
09:54 13320  228ms    20M 1127G  21/103U WARNING sharpy.managers.core.pathing_manager:313 Pathing start: 1.0 , Pathing target: 1.0
09:54 13324  249ms    20M 1127G  21/103U INFO terranbot.builds.plans.acts.zone_defense:1062 Pulling worker [] for zone 1 to safety
09:54 13324  249ms    20M 1127G  21/103U WARNING sharpy.managers.core.pathing_manager:312 No path found (48.34228515625, 45.6396484375), (76.62132034355965, 50.621320343559645)
09:54 13324  249ms    20M 1127G  21/103U WARNING sharpy.managers.core.pathing_manager:313 Pathing start: 1.0 , Pathing target: 1.0
09:54 13324  249ms    20M 1127G  21/103U WARNING sharpy.managers.core.pathing_manager:312 No path found (48.34228515625, 45.6396484375), (76.62132034355965, 50.621320343559645)
09:54 13324  249ms    20M 1127G  21/103U WARNING sharpy.managers.core.pathing_manager:313 Pathing start: 1.0 , Pathing target: 1.0
09:55 13328  256ms    20M 1127G  21/103U INFO terranbot.builds.plans.acts.zone_defense:1062 Pulling worker [] for zone 1 to safety
09:55 13328  256ms    20M 1127G  21/103U WARNING sharpy.managers.core.pathing_manager:312 No path found (48.90380859375, 45.6494140625), (76.62132034355965, 50.621320343559645)
09:55 13328  256ms    20M 1127G  21/103U WARNING sharpy.managers.core.pathing_manager:313 Pathing start: 1.0 , Pathing target: 1.0
09:55 13328  256ms    20M 1127G  21/103U WARNING sharpy.managers.core.pathing_manager:312 No path found (48.90380859375, 45.6494140625), (76.62132034355965, 50.621320343559645)
09:55 13328  256ms    20M 1127G  21/103U WARNING sharpy.managers.core.pathing_manager:313 Pathing start: 1.0 , Pathing target: 1.0
09:55 13332  269ms    20M 1127G  21/103U INFO terranbot.builds.plans.acts.zone_defense:1062 Pulling worker [] for zone 1 to safety
09:55 13332  269ms    20M 1127G  21/103U WARNING sharpy.managers.core.pathing_manager:312 No path found (49.4599609375, 45.59912109375), (76.62132034355965, 50.621320343559645)
09:55 13332  269ms    20M 1127G  21/103U WARNING sharpy.managers.core.pathing_manager:313 Pathing start: 1.0 , Pathing target: 1.0
09:55 13332  269ms    20M 1127G  21/103U WARNING sharpy.managers.core.pathing_manager:312 No path found (49.4599609375, 45.59912109375), (76.62132034355965, 50.621320343559645)
09:55 13332  269ms    20M 1127G  21/103U WARNING sharpy.managers.core.pathing_manager:313 Pathing start: 1.0 , Pathing target: 1.0
09:55 13336  299ms    25M 1127G  21/103U INFO terranbot.builds.plans.acts.zone_defense:1062 Pulling worker [] for zone 1 to safety
09:55 13340   96ms    30M 1127G  21/103U INFO terranbot.builds.plans.acts.zone_defense:1062 Pulling worker [] for zone 1 to safety
09:55 13344   71ms    30M 1127G  21/103U INFO terranbot.builds.plans.acts.zone_defense:1062 Pulling worker [] for zone 1 to safety
09:55 13348   92ms    35M 1127G  21/103U INFO terranbot.builds.plans.acts.zone_defense:1062 Pulling worker [] for zone 1 to safety
09:56 13352   83ms    40M 1127G  21/103U INFO terranbot.builds.plans.acts.zone_defense:1062 Pulling worker [] for zone 1 to safety
09:56 13356   84ms    40M 1127G  21/103U INFO terranbot.builds.plans.acts.zone_defense:1062 Pulling worker [] for zone 1 to safety
09:56 13360   88ms    40M 1127G  21/103U INFO terranbot.builds.plans.acts.zone_defense:1062 Pulling worker [] for zone 1 to safety
09:56 13360   88ms    40M 1127G  21/103U WARNING sharpy.managers.core.pathing_manager:312 No path found (51.25732421875, 44.103271484375), (76.62132034355965, 50.621320343559645)
09:56 13360   88ms    40M 1127G  21/103U WARNING sharpy.managers.core.pathing_manager:313 Pathing start: 1.0 , Pathing target: 1.0
09:56 13364  273ms    40M 1127G  21/103U INFO terranbot.builds.plans.acts.zone_defense:1062 Pulling worker [] for zone 1 to safety
09:56 13364  273ms    40M 1127G  21/103U WARNING sharpy.managers.core.pathing_manager:312 No path found (51.3935546875, 44.0693359375), (76.62132034355965, 50.621320343559645)
09:56 13364  273ms    40M 1127G  21/103U WARNING sharpy.managers.core.pathing_manager:313 Pathing start: 1.0 , Pathing target: 1.0
09:56 13368  288ms    40M 1127G  21/103U INFO terranbot.builds.plans.acts.zone_defense:1062 Pulling worker [] for zone 1 to safety
09:56 13368  288ms    40M 1127G  21/103U WARNING sharpy.managers.core.pathing_manager:312 No path found (51.556396484375, 44.71923828125), (76.62132034355965, 50.621320343559645)
09:56 13368  288ms    40M 1127G  21/103U WARNING sharpy.managers.core.pathing_manager:313 Pathing start: 1.0 , Pathing target: 1.0
09:56 13372  306ms    50M 1127G  21/103U INFO sharpy.managers.core.log_manager:80 [BuildAddon] UnitTypeId.BARRACKSTECHLAB to (98.0, 42.0)
09:56 13372  306ms    50M 1127G  21/103U INFO terranbot.builds.plans.acts.zone_defense:1062 Pulling worker [] for zone 1 to safety
09:56 13372  306ms    50M 1127G  21/103U WARNING sharpy.managers.core.pathing_manager:312 No path found (51.556396484375, 44.71923828125), (76.62132034355965, 50.621320343559645)
09:56 13372  306ms    50M 1127G  21/103U WARNING sharpy.managers.core.pathing_manager:313 Pathing start: 1.0 , Pathing target: 1.0
09:57 13376  297ms     0M 1106G  21/103U INFO terranbot.builds.plans.acts.zone_defense:1062 Pulling worker [] for zone 1 to safety
09:57 13380   97ms    30M 1106G  21/103U INFO terranbot.builds.plans.acts.zone_defense:1062 Pulling worker [] for zone 1 to safety
09:57 13384   81ms    35M 1106G  21/ 95U INFO terranbot.builds.plans.acts.zone_defense:1062 Pulling worker [] for zone 1 to safety
09:57 13388   90ms    35M 1106G  21/ 95U INFO terranbot.builds.plans.acts.zone_defense:1062 Pulling worker [] for zone 1 to safety
09:57 13392   99ms    40M 1106G  21/ 95U INFO sharpy.managers.core.log_manager:80 [GameAnalyzer] Income advantage is now ClearDisadvantage
09:57 13392   99ms    40M 1106G  21/ 95U INFO terranbot.builds.plans.acts.zone_defense:1062 Pulling worker [] for zone 1 to safety
09:58 13396  100ms    40M 1110G  21/ 95U INFO terranbot.builds.plans.acts.zone_defense:1062 Pulling worker [] for zone 1 to safety
09:58 13400   97ms    40M 1110G  21/ 95U INFO terranbot.builds.plans.acts.zone_defense:1062 Pulling worker [] for zone 1 to safety
09:58 13404  103ms    40M 1110G  21/ 95U INFO terranbot.builds.plans.acts.zone_defense:1062 Pulling worker [] for zone 1 to safety
09:58 13408   86ms    40M 1110G  21/ 95U INFO terranbot.builds.plans.acts.zone_defense:1062 Pulling worker [] for zone 1 to safety
09:58 13412   83ms    40M 1110G  21/ 95U INFO terranbot.builds.plans.acts.zone_defense:1062 Pulling worker [] for zone 1 to safety
09:58 13416   84ms    40M 1110G  21/ 95U INFO terranbot.builds.plans.acts.zone_defense:1062 Pulling worker [] for zone 1 to safety
09:59 13420   98ms    45M 1110G  20/ 95U INFO terranbot.builds.plans.acts.zone_defense:1062 Pulling worker [] for zone 1 to safety
09:59 13424   84ms    50M 1110G  20/ 95U INFO terranbot.builds.plans.acts.zone_defense:1062 Pulling worker [] for zone 1 to safety
09:59 13428   94ms    50M 1114G  20/ 95U INFO terranbot.builds.plans.acts.zone_defense:1062 Pulling worker [] for zone 1 to safety
09:59 13432   83ms    50M 1114G  20/ 95U INFO terranbot.builds.plans.acts.zone_defense:1062 Pulling worker [] for zone 1 to safety
09:59 13436   93ms    50M 1114G  19/ 95U INFO terranbot.builds.plans.acts.zone_defense:1062 Pulling worker [] for zone 1 to safety
10:00 13440   67ms    50M 1114G  19/ 95U INFO sharpy.managers.core.log_manager:80 [GameAnalyzer] Income advantage is now OverwhelmingDisadvantage
10:00 13440   67ms   -50M 1114G  19/ 95U INFO terranbot.builds.plans.acts.zone_defense:1062 Pulling worker [] for zone 1 to safety
10:00 13444   66ms     0M 1114G  20/ 95U INFO terranbot.builds.plans.acts.zone_defense:1062 Pulling worker [] for zone 1 to safety
10:00 13444   66ms     0M 1114G  20/ 95U INFO terranbot.combat.trees.zone_defense:42 Workers in danger: 1
10:00 13448   73ms     0M 1114G  20/ 95U INFO terranbot.builds.plans.acts.zone_defense:1062 Pulling worker [] for zone 1 to safety
10:00 13452   79ms     0M 1114G  20/ 95U INFO terranbot.builds.plans.acts.zone_defense:1062 Pulling worker [] for zone 1 to safety
10:00 13452   79ms     0M 1114G  20/ 95U INFO terranbot.combat.trees.zone_defense:42 Workers in danger: 1
10:00 13456   66ms     0M 1114G  20/ 95U INFO terranbot.builds.plans.acts.zone_defense:1062 Pulling worker [] for zone 1 to safety
10:00 13460   78ms     5M 1114G  20/ 95U INFO terranbot.builds.plans.acts.zone_defense:1062 Pulling worker [] for zone 1 to safety
10:00 13460   78ms     5M 1114G  20/ 95U INFO terranbot.combat.trees.zone_defense:42 Workers in danger: 1
10:01 13464  171ms    10M 1114G  20/ 95U INFO terranbot.builds.plans.acts.zone_defense:1062 Pulling worker [] for zone 1 to safety
10:01 13468   89ms    15M 1114G  20/ 95U INFO terranbot.builds.plans.acts.zone_defense:1062 Pulling worker [] for zone 1 to safety
10:01 13468   89ms    15M 1114G  20/ 95U INFO terranbot.combat.trees.zone_defense:42 Workers in danger: 1
10:01 13472   83ms    20M 1114G  20/ 95U INFO terranbot.builds.plans.acts.zone_defense:1062 Pulling worker [] for zone 1 to safety
10:01 13476   79ms    20M 1118G  20/ 95U INFO terranbot.builds.plans.acts.zone_defense:1062 Pulling worker [] for zone 1 to safety
10:01 13476   79ms    20M 1118G  20/ 95U INFO terranbot.combat.trees.zone_defense:42 Workers in danger: 1
10:01 13480   65ms    20M 1118G  20/ 95U INFO terranbot.builds.plans.acts.zone_defense:1062 Pulling worker [] for zone 1 to safety
10:01 13484   88ms    30M 1118G  20/ 87U INFO terranbot.builds.plans.acts.zone_defense:1062 Pulling worker [] for zone 1 to safety
10:01 13484   88ms    30M 1118G  20/ 87U INFO terranbot.combat.trees.zone_defense:42 Workers in danger: 1
10:02 13488   84ms    30M 1118G  20/ 87U INFO terranbot.builds.plans.acts.zone_defense:1062 Pulling worker [] for zone 1 to safety
10:02 13492   99ms    30M 1118G  20/ 87U INFO terranbot.builds.plans.acts.zone_defense:1062 Pulling worker [] for zone 1 to safety
10:02 13492   99ms    30M 1118G  20/ 87U INFO terranbot.combat.trees.zone_defense:42 Workers in danger: 1
10:02 13496   67ms    30M 1118G  20/ 87U INFO terranbot.builds.plans.acts.zone_defense:1062 Pulling worker [] for zone 1 to safety
10:02 13500   77ms    30M 1118G  20/ 87U INFO terranbot.builds.plans.acts.zone_defense:1062 Pulling worker [] for zone 1 to safety
10:02 13500   77ms    30M 1118G  20/ 87U INFO terranbot.combat.trees.zone_defense:42 Workers in danger: 1
10:02 13504   64ms    30M 1118G  20/ 87U INFO terranbot.builds.plans.acts.zone_defense:1062 Pulling worker [] for zone 1 to safety
10:03 13508   61ms    35M 1118G  20/ 87U INFO terranbot.builds.plans.acts.zone_defense:1062 Pulling worker [] for zone 1 to safety
10:03 13508   61ms    35M 1118G  20/ 87U INFO terranbot.combat.trees.zone_defense:42 Workers in danger: 1
10:03 13512   87ms    35M 1118G  20/ 87U INFO terranbot.builds.plans.acts.zone_defense:1062 Pulling worker [] for zone 1 to safety
10:03 13516   84ms    35M 1118G  20/ 87U INFO terranbot.builds.plans.acts.zone_defense:1062 Pulling worker [] for zone 1 to safety
10:03 13516   84ms    35M 1118G  20/ 87U INFO terranbot.combat.trees.zone_defense:42 Workers in danger: 1
10:03 13520   76ms    35M 1122G  20/ 87U INFO terranbot.builds.plans.acts.zone_defense:1062 Pulling worker [] for zone 1 to safety
10:03 13524   74ms    34M 1122G  20/ 87U INFO terranbot.builds.plans.acts.zone_defense:1062 Pulling worker [] for zone 1 to safety
10:03 13524   74ms    34M 1122G  20/ 87U INFO terranbot.combat.trees.zone_defense:42 Workers in danger: 2
10:03 13528   91ms    34M 1122G  20/ 87U INFO terranbot.builds.plans.acts.zone_defense:1062 Pulling worker [] for zone 1 to safety
10:04 13532   71ms    34M 1122G  20/ 87U INFO terranbot.builds.plans.acts.zone_defense:1062 Pulling worker [] for zone 1 to safety
10:04 13532   71ms    34M 1122G  20/ 87U INFO terranbot.combat.trees.zone_defense:42 Workers in danger: 2
10:04 13536   65ms    34M 1122G  20/ 87U INFO terranbot.builds.plans.acts.zone_defense:1062 Pulling worker [] for zone 1 to safety
10:04 13540   80ms     9M 1122G  19/ 87U INFO sharpy.managers.core.log_manager:80 [TrainSCV] SCV from COMMANDCENTER at (42.5, 46.5)
10:04 13540   80ms     9M 1122G  19/ 87U INFO terranbot.builds.plans.acts.zone_defense:1062 Pulling worker [] for zone 1 to safety
10:04 13540   80ms     9M 1122G  19/ 87U INFO terranbot.combat.trees.zone_defense:42 Workers in danger: 1
10:04 13544   74ms     8M 1122G  20/ 87U INFO terranbot.builds.plans.acts.zone_defense:1062 Pulling worker [] for zone 1 to safety
10:04 13548   76ms     8M 1122G  20/ 87U INFO terranbot.builds.plans.acts.zone_defense:1062 Pulling worker [] for zone 1 to safety
10:04 13548   76ms     8M 1122G  20/ 87U INFO terranbot.combat.trees.zone_defense:42 Workers in danger: 2
10:05 13552   79ms     8M 1122G  19/ 87U INFO terranbot.builds.plans.acts.zone_defense:1062 Pulling worker [] for zone 1 to safety
10:05 13556   77ms     8M 1122G  19/ 87U INFO terranbot.builds.plans.acts.zone_defense:1062 Pulling worker [] for zone 1 to safety
10:05 13556   77ms     8M 1122G  19/ 87U INFO terranbot.combat.trees.zone_defense:42 Workers in danger: 2
10:05 13560   68ms     8M 1122G  19/ 87U INFO terranbot.builds.plans.acts.zone_defense:1062 Pulling worker [] for zone 1 to safety
10:05 13564   81ms     7M 1122G  19/ 87U INFO terranbot.builds.plans.acts.zone_defense:1062 Pulling worker [] for zone 1 to safety
10:05 13564   81ms     7M 1122G  19/ 87U INFO terranbot.combat.trees.zone_defense:42 Workers in danger: 3
10:05 13568   84ms     6M 1122G  19/ 87U INFO terranbot.builds.plans.acts.zone_defense:1062 Pulling worker [] for zone 1 to safety
10:05 13572   62ms     6M 1122G  19/ 87U INFO terranbot.builds.plans.acts.zone_defense:1062 Pulling worker [] for zone 1 to safety
10:05 13572   62ms     6M 1122G  19/ 87U INFO terranbot.combat.trees.zone_defense:42 Workers in danger: 3
10:06 13576   75ms     6M 1126G  18/ 87U INFO terranbot.builds.plans.acts.zone_defense:1062 Pulling worker [] for zone 1 to safety
10:06 13580   64ms     6M 1126G  18/ 87U INFO terranbot.builds.plans.acts.zone_defense:1062 Pulling worker [] for zone 1 to safety
10:06 13580   64ms     6M 1126G  18/ 87U INFO terranbot.combat.trees.zone_defense:42 Workers in danger: 2
10:06 13584   70ms     5M 1126G  18/ 87U INFO terranbot.builds.plans.acts.zone_defense:1062 Pulling worker [] for zone 1 to safety
10:06 13588   83ms     4M 1126G  18/ 87U INFO terranbot.builds.plans.acts.zone_defense:1062 Pulling worker [] for zone 1 to safety
10:06 13588   83ms     4M 1126G  18/ 87U INFO terranbot.combat.trees.zone_defense:42 Workers in danger: 2
10:06 13592   74ms     4M 1126G  18/ 87U INFO terranbot.builds.plans.acts.zone_defense:1062 Pulling worker [] for zone 1 to safety
10:06 13596   77ms     4M 1126G  18/ 87U INFO terranbot.builds.plans.acts.zone_defense:1062 Pulling worker [] for zone 1 to safety
10:06 13596   77ms     4M 1126G  18/ 87U INFO terranbot.combat.trees.zone_defense:42 Workers in danger: 3
10:07 13600   81ms     9M 1126G  17/ 87U INFO terranbot.builds.plans.acts.zone_defense:1062 Pulling worker [] for zone 1 to safety
10:07 13604   73ms     8M 1126G  17/ 87U INFO terranbot.builds.plans.acts.zone_defense:1062 Pulling worker [] for zone 1 to safety
10:07 13604   73ms     8M 1126G  17/ 87U INFO terranbot.combat.trees.zone_defense:42 Workers in danger: 2
10:07 13608   70ms    12M 1126G  17/ 87U INFO terranbot.builds.plans.acts.zone_defense:1062 Pulling worker [] for zone 1 to safety
10:07 13612   70ms    12M 1126G  17/ 87U INFO terranbot.builds.plans.acts.zone_defense:1062 Pulling worker [] for zone 1 to safety
10:07 13612   70ms    12M 1126G  17/ 87U INFO terranbot.combat.trees.zone_defense:42 Workers in danger: 3
10:07 13616   73ms    12M 1126G  17/ 87U INFO terranbot.builds.plans.acts.zone_defense:1062 Pulling worker [] for zone 1 to safety
10:08 13620   67ms    17M 1126G  17/ 87U INFO terranbot.builds.plans.acts.zone_defense:1062 Pulling worker [] for zone 1 to safety
10:08 13620   67ms    17M 1126G  17/ 87U INFO terranbot.combat.trees.zone_defense:42 Workers in danger: 4
10:08 13624   74ms    21M 1126G  17/ 87U INFO terranbot.builds.plans.acts.zone_defense:1062 Pulling worker [] for zone 1 to safety
10:08 13628   83ms    20M 1126G  15/ 87U INFO terranbot.builds.plans.acts.zone_defense:1062 Pulling worker [] for zone 1 to safety
10:08 13628   83ms    20M 1126G  15/ 87U INFO terranbot.combat.trees.zone_defense:42 Workers in danger: 2
10:08 13632   94ms    20M 1126G  15/ 87U INFO terranbot.builds.plans.acts.zone_defense:1062 Pulling worker [] for zone 1 to safety
10:08 13636   65ms    20M 1126G  15/ 87U INFO terranbot.builds.plans.acts.zone_defense:1062 Pulling worker [] for zone 1 to safety
10:08 13636   65ms    20M 1126G  15/ 87U INFO terranbot.combat.trees.zone_defense:42 Workers in danger: 2
10:08 13640   77ms    20M 1126G  15/ 87U INFO terranbot.builds.plans.acts.zone_defense:1062 Pulling worker [] for zone 1 to safety
10:09 13644   86ms    19M 1126G  15/ 87U INFO terranbot.builds.plans.acts.zone_defense:1062 Pulling worker [] for zone 1 to safety
10:09 13644   86ms    19M 1126G  15/ 87U INFO terranbot.combat.trees.zone_defense:42 Workers in danger: 3
10:09 13644   86ms    19M 1126G  15/ 87U INFO terranbot.builds.plans.acts.zone_defense:305 High working danger, should evacuate mining zone. mineral_center_enemy_influence=np.float64(1.0028577960676721) - max_threat=np.float64(15.11404511507392)
10:09 13644   86ms    19M 1126G  15/ 87U INFO terranbot.builds.plans.acts.zone_defense:1062 Pulling worker [Unit(name='SCV', tag=4350017537), Unit(name='SCV', tag=4357095426), Unit(name='MULE', tag=4417388545), Unit(name='SCV', tag=4375707649), Unit(name='SCV', tag=4391960577), Unit(name='SCV', tag=4352114689)] for zone 0 to safety
10:09 13648   96ms    19M 1126G  14/ 87U INFO terranbot.builds.plans.acts.zone_defense:1062 Pulling worker [] for zone 1 to safety
10:09 13648   96ms    19M 1126G  14/ 87U INFO terranbot.builds.plans.acts.zone_defense:305 High working danger, should evacuate mining zone. mineral_center_enemy_influence=np.float64(1.4047020271300101) - max_threat=np.float64(16.113283036122542)
10:09 13648   96ms    19M 1126G  14/ 87U INFO terranbot.builds.plans.acts.zone_defense:1062 Pulling worker [] for zone 0 to safety
10:09 13652   77ms    18M 1126G  14/ 87U INFO terranbot.builds.plans.acts.zone_defense:1062 Pulling worker [] for zone 1 to safety
10:09 13652   77ms    18M 1126G  14/ 87U INFO terranbot.combat.trees.zone_defense:42 Workers in danger: 2
10:09 13652   77ms    18M 1126G  14/ 87U INFO terranbot.builds.plans.acts.zone_defense:305 High working danger, should evacuate mining zone. mineral_center_enemy_influence=np.float64(1.5408855357415023) - max_threat=np.float64(16.96753543667124)
10:09 13652   77ms    18M 1126G  14/ 87U INFO terranbot.builds.plans.acts.zone_defense:1062 Pulling worker [] for zone 0 to safety
10:09 13656   85ms    18M 1126G  14/ 87U INFO terranbot.builds.plans.acts.zone_defense:1062 Pulling worker [] for zone 1 to safety
10:09 13656   85ms    18M 1126G  14/ 87U INFO terranbot.builds.plans.acts.zone_defense:305 High working danger, should evacuate mining zone. mineral_center_enemy_influence=np.float64(1.845374180765127) - max_threat=np.float64(18.058337143728092)
10:09 13656   85ms    18M 1126G  14/ 87U INFO terranbot.builds.plans.acts.zone_defense:1062 Pulling worker [] for zone 0 to safety
10:09 13660   87ms    18M 1126G  14/ 87U INFO terranbot.builds.plans.acts.zone_defense:1062 Pulling worker [] for zone 1 to safety
10:09 13660   87ms    18M 1126G  14/ 87U INFO terranbot.combat.trees.zone_defense:42 Workers in danger: 4
10:09 13660   87ms    18M 1126G  14/ 87U INFO terranbot.builds.plans.acts.zone_defense:305 High working danger, should evacuate mining zone. mineral_center_enemy_influence=np.float64(1.807765584514555) - max_threat=np.float64(19.10836762688614)
10:09 13660   87ms    18M 1126G  14/ 87U INFO terranbot.builds.plans.acts.zone_defense:1062 Pulling worker [] for zone 0 to safety
10:10 13664   91ms    18M 1126G  13/ 87U INFO terranbot.builds.plans.acts.zone_defense:1062 Pulling worker [] for zone 1 to safety
10:10 13664   91ms    18M 1126G  13/ 87U INFO terranbot.builds.plans.acts.zone_defense:305 High working danger, should evacuate mining zone. mineral_center_enemy_influence=np.float64(1.5983081847279368) - max_threat=np.float64(19.21322969059594)
10:10 13664   91ms    18M 1126G  13/ 87U INFO terranbot.builds.plans.acts.zone_defense:1062 Pulling worker [Unit(name='SCV', tag=4357095426), Unit(name='SCV', tag=4349231105), Unit(name='MULE', tag=4417388545), Unit(name='SCV', tag=4351066113), Unit(name='SCV', tag=4375707649)] for zone 0 to safety
10:10 13668   91ms    18M 1126G  13/ 87U INFO terranbot.builds.plans.acts.zone_defense:1062 Pulling worker [] for zone 1 to safety
10:10 13668   91ms    18M 1126G  13/ 87U INFO terranbot.combat.trees.zone_defense:42 Workers in danger: 3
10:10 13668   91ms    18M 1126G  13/ 87U INFO terranbot.builds.plans.acts.zone_defense:305 High working danger, should evacuate mining zone. mineral_center_enemy_influence=np.float64(1.5777320530406937) - max_threat=np.float64(19.868846212467613)
10:10 13668   91ms    18M 1126G  13/ 87U INFO terranbot.builds.plans.acts.zone_defense:1062 Pulling worker [] for zone 0 to safety
10:10 13672   77ms    18M 1126G  13/ 87U INFO terranbot.builds.plans.acts.zone_defense:1062 Pulling worker [] for zone 1 to safety
10:10 13672   77ms    18M 1126G  13/ 87U INFO terranbot.builds.plans.acts.zone_defense:305 High working danger, should evacuate mining zone. mineral_center_enemy_influence=np.float64(1.6348879743941465) - max_threat=np.float64(21.428631306203318)
10:10 13672   77ms    18M 1126G  13/ 87U INFO terranbot.builds.plans.acts.zone_defense:1062 Pulling worker [] for zone 0 to safety
10:10 13676   66ms    18M 1126G  13/ 87U INFO terranbot.builds.plans.acts.zone_defense:1062 Pulling worker [] for zone 1 to safety
10:10 13676   66ms    18M 1126G  13/ 87U INFO terranbot.combat.trees.zone_defense:42 Workers in danger: 3
10:10 13676   66ms    18M 1126G  13/ 87U INFO terranbot.builds.plans.acts.zone_defense:305 High working danger, should evacuate mining zone. mineral_center_enemy_influence=np.float64(1.4026444139612857) - max_threat=np.float64(22.667809785093734)
10:10 13676   66ms    18M 1126G  13/ 87U INFO terranbot.builds.plans.acts.zone_defense:1062 Pulling worker [Unit(name='SCV', tag=4351066113), Unit(name='SCV', tag=4349231105), Unit(name='SCV', tag=4357095426), Unit(name='MULE', tag=4417388545)] for zone 0 to safety
10:10 13680   78ms    18M 1126G  13/ 87U INFO terranbot.builds.plans.acts.zone_defense:1062 Pulling worker [] for zone 1 to safety
10:10 13680   78ms    18M 1126G  13/ 87U INFO terranbot.builds.plans.acts.zone_defense:305 High working danger, should evacuate mining zone. mineral_center_enemy_influence=np.float64(2.3923563481176644) - max_threat=np.float64(24.715782655083064)
10:10 13680   78ms    18M 1126G  13/ 87U INFO terranbot.builds.plans.acts.zone_defense:1062 Pulling worker [] for zone 0 to safety
10:10 13684   73ms    18M 1126G  13/ 87U INFO terranbot.builds.plans.acts.zone_defense:1062 Pulling worker [] for zone 1 to safety
10:10 13684   73ms    18M 1126G  13/ 87U INFO terranbot.combat.trees.zone_defense:42 Workers in danger: 4
10:10 13684   73ms    18M 1126G  13/ 87U INFO terranbot.builds.plans.acts.zone_defense:305 High working danger, should evacuate mining zone. mineral_center_enemy_influence=np.float64(2.679507696997408) - max_threat=np.float64(26.5009907026368)
10:10 13684   73ms    18M 1126G  13/ 87U INFO terranbot.builds.plans.acts.zone_defense:1062 Pulling worker [Unit(name='SCV', tag=4391960577)] for zone 0 to safety
10:11 13688   81ms    18M 1126G  12/ 87U INFO terranbot.builds.plans.acts.zone_defense:1062 Pulling worker [] for zone 1 to safety
10:11 13688   81ms    18M 1126G  12/ 87U INFO terranbot.builds.plans.acts.zone_defense:305 High working danger, should evacuate mining zone. mineral_center_enemy_influence=np.float64(3.620294162475232) - max_threat=np.float64(28.43491845755221)
10:11 13688   81ms    18M 1126G  12/ 87U INFO terranbot.builds.plans.acts.zone_defense:1062 Pulling worker [Unit(name='MULE', tag=4417388545), Unit(name='SCV', tag=4349231105)] for zone 0 to safety
10:11 13692   97ms    18M 1126G  12/ 87U INFO terranbot.builds.plans.acts.zone_defense:1062 Pulling worker [] for zone 1 to safety
10:11 13692   97ms    18M 1126G  12/ 87U INFO terranbot.combat.trees.zone_defense:42 Workers in danger: 5
10:11 13692   97ms    18M 1126G  12/ 87U INFO terranbot.builds.plans.acts.zone_defense:305 High working danger, should evacuate mining zone. mineral_center_enemy_influence=np.float64(3.3967383020880964) - max_threat=np.float64(29.78456028044506)
10:11 13692   97ms    18M 1126G  12/ 87U INFO terranbot.builds.plans.acts.zone_defense:1062 Pulling worker [] for zone 0 to safety
10:11 13696   91ms    18M 1126G  12/ 87U INFO terranbot.builds.plans.acts.zone_defense:1062 Pulling worker [] for zone 1 to safety
10:11 13696   91ms    18M 1126G  12/ 87U INFO terranbot.builds.plans.acts.zone_defense:305 High working danger, should evacuate mining zone. mineral_center_enemy_influence=np.float64(4.048582533150434) - max_threat=np.float64(30.925621094345377)
10:11 13696   91ms    18M 1126G  12/ 87U INFO terranbot.builds.plans.acts.zone_defense:1062 Pulling worker [Unit(name='SCV', tag=4391960577)] for zone 0 to safety
10:11 13700   86ms    17M 1126G  11/ 87U INFO terranbot.builds.plans.acts.zone_defense:1062 Pulling worker [] for zone 1 to safety
10:11 13700   86ms    17M 1126G  11/ 87U INFO terranbot.combat.trees.zone_defense:42 Workers in danger: 4
10:11 13700   86ms    17M 1126G  11/ 87U INFO terranbot.builds.plans.acts.zone_defense:305 High working danger, should evacuate mining zone. mineral_center_enemy_influence=np.float64(4.584628867550677) - max_threat=np.float64(31.92322054564853)
10:11 13700   86ms    17M 1126G  11/ 87U INFO terranbot.builds.plans.acts.zone_defense:1062 Pulling worker [Unit(name='SCV', tag=4349231105), Unit(name='MULE', tag=4417388545)] for zone 0 to safety
10:11 13704   88ms    17M 1126G  11/ 87U INFO terranbot.builds.plans.acts.zone_defense:1062 Pulling worker [] for zone 1 to safety
10:11 13704   88ms    17M 1126G  11/ 87U INFO terranbot.builds.plans.acts.zone_defense:305 High working danger, should evacuate mining zone. mineral_center_enemy_influence=np.float64(5.5525834476451745) - max_threat=np.float64(33.796143880506015)
10:11 13704   88ms    17M 1126G  11/ 87U INFO terranbot.builds.plans.acts.zone_defense:1062 Pulling worker [] for zone 0 to safety
10:11 13708   77ms    17M 1126G  10/ 87U INFO terranbot.builds.plans.acts.zone_defense:1062 Pulling worker [] for zone 1 to safety
10:11 13708   77ms    17M 1126G  10/ 87U INFO terranbot.combat.trees.zone_defense:42 Workers in danger: 4
10:11 13708   77ms    17M 1126G  10/ 87U INFO terranbot.builds.plans.acts.zone_defense:305 High working danger, should evacuate mining zone. mineral_center_enemy_influence=np.float64(6.623723517756438) - max_threat=np.float64(35.68438500228623)
10:11 13708   77ms    17M 1126G  10/ 87U INFO terranbot.builds.plans.acts.zone_defense:1062 Pulling worker [] for zone 0 to safety
10:12 13712   75ms    17M 1126G  10/ 87U INFO terranbot.builds.plans.acts.zone_defense:1062 Pulling worker [] for zone 1 to safety
10:12 13712   75ms    17M 1126G  10/ 87U INFO terranbot.builds.plans.acts.zone_defense:305 High working danger, should evacuate mining zone. mineral_center_enemy_influence=np.float64(9.208199969516839) - max_threat=np.float64(36.95016003657979)
10:12 13712   75ms    17M 1126G  10/ 87U INFO terranbot.builds.plans.acts.zone_defense:1062 Pulling worker [Unit(name='SCV', tag=4349231105), Unit(name='MULE', tag=4417388545)] for zone 0 to safety
10:12 13716   79ms    17M 1126G  10/ 87U INFO terranbot.builds.plans.acts.zone_defense:1062 Pulling worker [] for zone 1 to safety
10:12 13716   79ms    17M 1126G  10/ 87U INFO terranbot.combat.trees.zone_defense:42 Workers in danger: 4
10:12 13716   79ms    17M 1126G  10/ 87U INFO terranbot.builds.plans.acts.zone_defense:305 High working danger, should evacuate mining zone. mineral_center_enemy_influence=np.float64(10.960867245846668) - max_threat=np.float64(38.48132906569119)
10:12 13716   79ms    17M 1126G  10/ 87U INFO terranbot.builds.plans.acts.zone_defense:1062 Pulling worker [] for zone 0 to safety
10:12 13720   75ms    16M 1126G   9/ 87U INFO terranbot.builds.plans.acts.zone_defense:1062 Pulling worker [] for zone 1 to safety
10:12 13720   75ms    16M 1126G   9/ 87U INFO terranbot.builds.plans.acts.zone_defense:305 High working danger, should evacuate mining zone. mineral_center_enemy_influence=np.float64(12.436595031245236) - max_threat=np.float64(38.85398567291571)
10:12 13720   75ms    16M 1126G   9/ 87U INFO terranbot.builds.plans.acts.zone_defense:1062 Pulling worker [] for zone 0 to safety
10:12 13724   84ms    16M 1126G   9/ 87U INFO terranbot.builds.plans.acts.zone_defense:1062 Pulling worker [] for zone 1 to safety
10:12 13724   84ms    16M 1126G   9/ 87U INFO terranbot.combat.trees.zone_defense:42 Workers in danger: 4
10:12 13724   84ms    16M 1126G   9/ 87U INFO terranbot.builds.plans.acts.zone_defense:305 High working danger, should evacuate mining zone. mineral_center_enemy_influence=np.float64(13.50845907636031) - max_threat=np.float64(39.7627648224356)
10:12 13724   84ms    16M 1126G   9/ 87U INFO terranbot.builds.plans.acts.zone_defense:1062 Pulling worker [Unit(name='MULE', tag=4417388545)] for zone 0 to safety
10:12 13728   79ms    16M 1126G   8/ 87U INFO terranbot.builds.plans.acts.zone_defense:1062 Pulling worker [] for zone 1 to safety
10:12 13728   79ms    16M 1126G   8/ 87U INFO terranbot.builds.plans.acts.zone_defense:305 High working danger, should evacuate mining zone. mineral_center_enemy_influence=np.float64(13.670781893004115) - max_threat=np.float64(39.76234567901235)
10:12 13728   79ms    16M 1126G   8/ 87U INFO terranbot.builds.plans.acts.zone_defense:1062 Pulling worker [] for zone 0 to safety
10:13 13732   87ms    16M 1126G   8/ 87U INFO terranbot.builds.plans.acts.zone_defense:1062 Pulling worker [] for zone 1 to safety
10:13 13732   87ms    16M 1126G   8/ 87U INFO terranbot.combat.trees.zone_defense:42 Workers in danger: 3
10:13 13732   87ms    16M 1126G   8/ 87U INFO terranbot.builds.plans.acts.zone_defense:305 High working danger, should evacuate mining zone. mineral_center_enemy_influence=np.float64(14.061880810852003) - max_threat=np.float64(39.2627648224356)
10:13 13732   87ms    16M 1126G   8/ 87U INFO terranbot.builds.plans.acts.zone_defense:1062 Pulling worker [] for zone 0 to safety
10:13 13736   87ms    16M 1126G   8/ 87U INFO terranbot.builds.plans.acts.zone_defense:1062 Pulling worker [] for zone 1 to safety
10:13 13736   87ms    16M 1126G   8/ 87U INFO terranbot.builds.plans.acts.zone_defense:305 High working danger, should evacuate mining zone. mineral_center_enemy_influence=np.float64(14.182365493065078) - max_threat=np.float64(39.617703094040536)
10:13 13736   87ms    16M 1126G   8/ 87U INFO terranbot.builds.plans.acts.zone_defense:1062 Pulling worker [Unit(name='MULE', tag=4417388545)] for zone 0 to safety
10:13 13740   70ms    15M 1126G   7/ 87U INFO terranbot.builds.plans.acts.zone_defense:1062 Pulling worker [] for zone 1 to safety
10:13 13740   70ms    15M 1126G   7/ 87U INFO terranbot.combat.trees.zone_defense:42 Workers in danger: 3
10:13 13740   70ms    15M 1126G   7/ 87U INFO terranbot.builds.plans.acts.zone_defense:305 High working danger, should evacuate mining zone. mineral_center_enemy_influence=np.float64(13.922420362749579) - max_threat=np.float64(39.199702789208956)
10:13 13740   70ms    15M 1126G   7/ 87U INFO terranbot.builds.plans.acts.zone_defense:1062 Pulling worker [] for zone 0 to safety
10:13 13744   90ms    15M 1126G   6/ 87U INFO terranbot.builds.plans.acts.zone_defense:1062 Pulling worker [] for zone 1 to safety
10:13 13744   90ms    15M 1126G   6/ 87U INFO terranbot.builds.plans.acts.zone_defense:305 High working danger, should evacuate mining zone. mineral_center_enemy_influence=np.float64(14.195854290504496) - max_threat=np.float64(39.448064319463484)
10:13 13744   90ms    15M 1126G   6/ 87U INFO terranbot.builds.plans.acts.zone_defense:1062 Pulling worker [] for zone 0 to safety
10:13 13748   73ms    14M 1126G   6/ 87U INFO terranbot.builds.plans.acts.zone_defense:1062 Pulling worker [] for zone 1 to safety
10:13 13748   73ms    14M 1126G   6/ 87U INFO terranbot.combat.trees.zone_defense:42 Workers in danger: 2
10:13 13748   73ms    14M 1126G   6/ 87U INFO terranbot.builds.plans.acts.zone_defense:305 High working danger, should evacuate mining zone. mineral_center_enemy_influence=np.float64(15.453589391860998) - max_threat=np.float64(39.98449169333943)
10:13 13748   73ms    14M 1126G   6/ 87U INFO terranbot.builds.plans.acts.zone_defense:1062 Pulling worker [Unit(name='MULE', tag=4417388545)] for zone 0 to safety
10:13 13752   79ms    14M 1126G   5/ 87U INFO terranbot.builds.plans.acts.zone_defense:1062 Pulling worker [] for zone 1 to safety
10:13 13752   79ms    14M 1126G   5/ 87U INFO terranbot.builds.plans.acts.zone_defense:305 High working danger, should evacuate mining zone. mineral_center_enemy_influence=np.float64(17.172153635116597) - max_threat=np.float64(40.800106691053195)
10:13 13752   79ms    14M 1126G   5/ 87U INFO terranbot.builds.plans.acts.zone_defense:1062 Pulling worker [] for zone 0 to safety
10:14 13756   78ms    14M 1126G   5/ 87U INFO terranbot.builds.plans.acts.zone_defense:1062 Pulling worker [] for zone 1 to safety
10:14 13756   78ms    14M 1126G   5/ 87U INFO terranbot.combat.trees.zone_defense:42 Workers in danger: 2
10:14 13756   78ms    14M 1126G   5/ 87U INFO terranbot.builds.plans.acts.zone_defense:305 High working danger, should evacuate mining zone. mineral_center_enemy_influence=np.float64(18.615874104557232) - max_threat=np.float64(41.573311995122694)
10:14 13756   78ms    14M 1126G   5/ 87U INFO terranbot.builds.plans.acts.zone_defense:1062 Pulling worker [] for zone 0 to safety
10:14 13760   69ms    14M 1126G   5/ 87U INFO terranbot.builds.plans.acts.zone_defense:1062 Pulling worker [] for zone 1 to safety
10:14 13760   69ms    14M 1126G   5/ 87U INFO terranbot.builds.plans.acts.zone_defense:305 High working danger, should evacuate mining zone. mineral_center_enemy_influence=np.float64(19.787037037037038) - max_threat=np.float64(42.23399634202102)
10:14 13760   69ms    14M 1126G   5/ 87U INFO terranbot.builds.plans.acts.zone_defense:1062 Pulling worker [Unit(name='MULE', tag=4417388545)] for zone 0 to safety
10:14 13764   91ms    14M 1126G   4/ 87U INFO terranbot.builds.plans.acts.zone_defense:1062 Pulling worker [] for zone 1 to safety
10:14 13764   91ms    14M 1126G   4/ 87U INFO terranbot.combat.trees.zone_defense:42 Workers in danger: 3
10:14 13764   91ms    14M 1126G   4/ 87U INFO terranbot.builds.plans.acts.zone_defense:305 High working danger, should evacuate mining zone. mineral_center_enemy_influence=np.float64(20.251867093430874) - max_threat=np.float64(42.434842249657066)
10:14 13764   91ms    14M 1126G   4/ 87U INFO terranbot.builds.plans.acts.zone_defense:1062 Pulling worker [] for zone 0 to safety
10:14 13768   78ms    64M 1126G   2/ 87U INFO terranbot.builds.plans.acts.zone_defense:1062 Pulling worker [] for zone 1 to safety
10:14 13768   78ms    64M 1126G   2/ 87U INFO terranbot.builds.plans.acts.zone_defense:305 High working danger, should evacuate mining zone. mineral_center_enemy_influence=np.float64(22.010821521109595) - max_threat=np.float64(43.6960829141899)
10:14 13768   78ms    64M 1126G   2/ 87U INFO terranbot.builds.plans.acts.zone_defense:1062 Pulling worker [] for zone 0 to safety
10:14 13772   88ms    64M 1126G   1/ 87U INFO terranbot.builds.plans.acts.zone_defense:1062 Pulling worker [] for zone 1 to safety
10:14 13772   88ms    64M 1126G   1/ 87U INFO terranbot.combat.trees.zone_defense:42 Workers in danger: 1
10:14 13772   88ms    64M 1126G   1/ 87U INFO terranbot.builds.plans.acts.zone_defense:305 High working danger, should evacuate mining zone. mineral_center_enemy_influence=np.float64(22.866941015089164) - max_threat=np.float64(43.82567443987197)
10:14 13772   88ms    64M 1126G   1/ 87U INFO terranbot.builds.plans.acts.zone_defense:1062 Pulling worker [] for zone 0 to safety
10:15 13776   61ms    64M 1126G   1/ 87U INFO terranbot.builds.plans.acts.zone_defense:1062 Pulling worker [] for zone 1 to safety
10:15 13776   61ms    64M 1126G   1/ 87U INFO terranbot.builds.plans.acts.zone_defense:305 High working danger, should evacuate mining zone. mineral_center_enemy_influence=np.float64(24.062147538484997) - max_threat=np.float64(44.44151044048162)
10:15 13776   61ms    64M 1126G   1/ 87U INFO terranbot.builds.plans.acts.zone_defense:1062 Pulling worker [] for zone 0 to safety
10:15 13780   70ms    64M 1126G   1/ 87U INFO terranbot.builds.plans.acts.zone_defense:1062 Pulling worker [] for zone 1 to safety
10:15 13780   70ms    64M 1126G   1/ 87U INFO terranbot.combat.trees.zone_defense:42 Workers in danger: 1
10:15 13780   70ms    64M 1126G   1/ 87U INFO terranbot.builds.plans.acts.zone_defense:305 High working danger, should evacuate mining zone. mineral_center_enemy_influence=np.float64(26.406531016613325) - max_threat=np.float64(45.55597469897882)
10:15 13780   70ms    64M 1126G   1/ 87U INFO terranbot.builds.plans.acts.zone_defense:1062 Pulling worker [] for zone 0 to safety
10:15 13784   92ms    64M 1126G   1/ 87U INFO terranbot.builds.plans.acts.zone_defense:1062 Pulling worker [] for zone 1 to safety
10:15 13784   92ms    64M 1126G   1/ 87U INFO terranbot.builds.plans.acts.zone_defense:305 High working danger, should evacuate mining zone. mineral_center_enemy_influence=np.float64(29.768137479042828) - max_threat=np.float64(46.966811461667426)
10:15 13784   92ms    64M 1126G   1/ 87U INFO terranbot.builds.plans.acts.zone_defense:1062 Pulling worker [] for zone 0 to safety
10:15 13788   97ms    64M 1126G   1/ 87U INFO terranbot.builds.plans.acts.zone_defense:1062 Pulling worker [] for zone 1 to safety
10:15 13788   97ms    64M 1126G   1/ 87U INFO terranbot.combat.trees.zone_defense:42 Workers in danger: 1
10:15 13788   97ms    64M 1126G   1/ 87U INFO terranbot.builds.plans.acts.zone_defense:305 High working danger, should evacuate mining zone. mineral_center_enemy_influence=np.float64(31.999085505258346) - max_threat=np.float64(47.84720317024844)
10:15 13788   97ms    64M 1126G   1/ 87U INFO terranbot.builds.plans.acts.zone_defense:1062 Pulling worker [] for zone 0 to safety
10:15 13792   91ms    64M 1126G   1/ 87U INFO terranbot.builds.plans.acts.zone_defense:1062 Pulling worker [] for zone 1 to safety
10:15 13792   91ms    64M 1126G   1/ 87U INFO terranbot.builds.plans.acts.zone_defense:305 High working danger, should evacuate mining zone. mineral_center_enemy_influence=np.float64(33.99919981710106) - max_threat=np.float64(48.531550068587094)
10:15 13792   91ms    64M 1126G   1/ 87U INFO terranbot.builds.plans.acts.zone_defense:1062 Pulling worker [] for zone 0 to safety
10:15 13796   79ms    64M 1126G   1/ 87U INFO terranbot.builds.plans.acts.zone_defense:1062 Pulling worker [] for zone 1 to safety
10:15 13796   79ms    64M 1126G   1/ 87U INFO terranbot.combat.trees.zone_defense:42 Workers in danger: 1
10:15 13796   79ms    64M 1126G   1/ 87U INFO terranbot.builds.plans.acts.zone_defense:305 High working danger, should evacuate mining zone. mineral_center_enemy_influence=np.float64(36.30860387136107) - max_threat=np.float64(49.366521871665896)
10:15 13796   79ms    64M 1126G   1/ 87U INFO terranbot.builds.plans.acts.zone_defense:1062 Pulling worker [] for zone 0 to safety
10:16 13800   87ms    64M 1126G   1/ 87U INFO terranbot.builds.plans.acts.zone_defense:1062 Pulling worker [] for zone 1 to safety
10:16 13800   87ms    64M 1126G   1/ 87U INFO terranbot.builds.plans.acts.zone_defense:305 High working danger, should evacuate mining zone. mineral_center_enemy_influence=np.float64(37.646852613930804) - max_threat=np.float64(49.891937204694386)
10:16 13800   87ms    64M 1126G   1/ 87U INFO terranbot.builds.plans.acts.zone_defense:1062 Pulling worker [] for zone 0 to safety
10:16 13804   73ms    64M 1126G   1/ 87U INFO terranbot.builds.plans.acts.zone_defense:1062 Pulling worker [] for zone 1 to safety
10:16 13804   73ms    64M 1126G   1/ 87U INFO terranbot.combat.trees.zone_defense:42 Workers in danger: 1
10:16 13804   73ms    64M 1126G   1/ 87U INFO terranbot.builds.plans.acts.zone_defense:305 High working danger, should evacuate mining zone. mineral_center_enemy_influence=np.float64(38.94707361682669) - max_threat=np.float64(50.30738454503887)
10:16 13804   73ms    64M 1126G   1/ 87U INFO terranbot.builds.plans.acts.zone_defense:1062 Pulling worker [] for zone 0 to safety
10:16 13808   74ms    64M 1126G   1/ 87U INFO terranbot.builds.plans.acts.zone_defense:1062 Pulling worker [] for zone 1 to safety
10:16 13808   74ms    64M 1126G   1/ 87U INFO terranbot.builds.plans.acts.zone_defense:305 High working danger, should evacuate mining zone. mineral_center_enemy_influence=np.float64(40.53105471726871) - max_threat=np.float64(50.82262612406645)
10:16 13808   74ms    64M 1126G   1/ 87U INFO terranbot.builds.plans.acts.zone_defense:1062 Pulling worker [] for zone 0 to safety
10:16 13812   74ms    64M 1126G   1/ 87U INFO terranbot.builds.plans.acts.zone_defense:1062 Pulling worker [] for zone 1 to safety
10:16 13812   74ms    64M 1126G   1/ 87U INFO terranbot.combat.trees.zone_defense:42 Workers in danger: 1
10:16 13812   74ms    64M 1126G   1/ 87U INFO terranbot.builds.plans.acts.zone_defense:305 High working danger, should evacuate mining zone. mineral_center_enemy_influence=np.float64(41.825864959609824) - max_threat=np.float64(51.23875933546714)
10:16 13812   74ms    64M 1126G   1/ 87U INFO terranbot.builds.plans.acts.zone_defense:1062 Pulling worker [] for zone 0 to safety
10:16 13816   79ms    14M 1126G   1/ 87U INFO sharpy.managers.core.log_manager:80 [TrainSCV] SCV from COMMANDCENTER at (42.5, 46.5)
10:16 13816   79ms    14M 1126G   1/ 87U INFO terranbot.builds.plans.acts.zone_defense:1062 Pulling worker [] for zone 1 to safety
10:16 13816   79ms    14M 1126G   1/ 87U INFO terranbot.builds.plans.acts.zone_defense:305 High working danger, should evacuate mining zone. mineral_center_enemy_influence=np.float64(42.428593202255755) - max_threat=np.float64(51.399786617893604)
10:16 13816   79ms    14M 1126G   1/ 87U INFO terranbot.builds.plans.acts.zone_defense:1062 Pulling worker [Unit(name='SCV', tag=4354211842)] for zone 0 to safety
10:16 13820   82ms    14M 1126G   1/ 87U INFO terranbot.builds.plans.acts.zone_defense:1062 Pulling worker [] for zone 1 to safety
10:16 13820   82ms    14M 1126G   1/ 87U INFO terranbot.combat.trees.zone_defense:42 Workers in danger: 1
10:16 13820   82ms    14M 1126G   1/ 87U INFO terranbot.builds.plans.acts.zone_defense:305 High working danger, should evacuate mining zone. mineral_center_enemy_influence=np.float64(43.6052049992379) - max_threat=np.float64(51.756553878981855)
10:16 13820   82ms    14M 1126G   1/ 87U INFO terranbot.builds.plans.acts.zone_defense:1062 Pulling worker [] for zone 0 to safety
10:17 13824   62ms    14M 1126G   1/ 87U INFO terranbot.builds.plans.acts.zone_defense:1062 Pulling worker [] for zone 1 to safety
10:17 13824   62ms    14M 1126G   1/ 87U INFO terranbot.builds.plans.acts.zone_defense:305 High working danger, should evacuate mining zone. mineral_center_enemy_influence=np.float64(44.228471269623526) - max_threat=np.float64(52.132449321749725)
10:17 13824   62ms    14M 1126G   1/ 87U INFO terranbot.builds.plans.acts.zone_defense:1062 Pulling worker [] for zone 0 to safety
10:17 13828   78ms    14M 1126G   1/ 87U INFO terranbot.builds.plans.acts.zone_defense:1062 Pulling worker [] for zone 1 to safety
10:17 13828   78ms    14M 1126G   1/ 87U INFO terranbot.combat.trees.zone_defense:42 Workers in danger: 1
10:17 13828   78ms    14M 1126G   1/ 87U INFO terranbot.builds.plans.acts.zone_defense:305 High working danger, should evacuate mining zone. mineral_center_enemy_influence=np.float64(45.0581847279378) - max_threat=np.float64(52.61370217954579)
10:17 13828   78ms    14M 1126G   1/ 87U INFO terranbot.builds.plans.acts.zone_defense:1062 Pulling worker [] for zone 0 to safety
10:17 13832   63ms    14M 1126G   1/ 87U INFO terranbot.builds.plans.acts.zone_defense:1062 Pulling worker [] for zone 1 to safety
10:17 13832   63ms    14M 1126G   1/ 87U INFO terranbot.builds.plans.acts.zone_defense:305 High working danger, should evacuate mining zone. mineral_center_enemy_influence=np.float64(44.77511050144795) - max_threat=np.float64(52.51440329218106)
10:17 13832   63ms    14M 1126G   1/ 87U INFO terranbot.builds.plans.acts.zone_defense:1062 Pulling worker [] for zone 0 to safety
10:17 13836   73ms    14M 1126G   1/ 87U INFO terranbot.builds.plans.acts.zone_defense:1062 Pulling worker [] for zone 1 to safety
10:17 13836   73ms    14M 1126G   1/ 87U INFO terranbot.combat.trees.zone_defense:42 Workers in danger: 1
10:17 13836   73ms    14M 1126G   1/ 87U INFO terranbot.builds.plans.acts.zone_defense:305 High working danger, should evacuate mining zone. mineral_center_enemy_influence=np.float64(45.113854595336065) - max_threat=np.float64(52.84137326627038)
10:17 13836   73ms    14M 1126G   1/ 87U INFO terranbot.builds.plans.acts.zone_defense:1062 Pulling worker [] for zone 0 to safety
10:17 13840   78ms    14M 1126G   1/ 87U INFO terranbot.builds.plans.acts.zone_defense:1062 Pulling worker [] for zone 1 to safety
10:17 13840   78ms    14M 1126G   1/ 87U INFO terranbot.builds.plans.acts.zone_defense:305 High working danger, should evacuate mining zone. mineral_center_enemy_influence=np.float64(45.34320225575369) - max_threat=np.float64(53.15340649291266)
10:17 13840   78ms    14M 1126G   1/ 87U INFO terranbot.builds.plans.acts.zone_defense:1062 Pulling worker [] for zone 0 to safety
10:18 13844   72ms    14M 1126G   1/ 87U INFO terranbot.builds.plans.acts.zone_defense:1062 Pulling worker [] for zone 1 to safety
10:18 13844   72ms    14M 1126G   1/ 87U INFO terranbot.builds.plans.acts.zone_defense:305 High working danger, should evacuate mining zone. mineral_center_enemy_influence=np.float64(45.527549154092355) - max_threat=np.float64(53.421925011431185)
10:18 13844   72ms    14M 1126G   1/ 87U INFO terranbot.builds.plans.acts.zone_defense:1062 Pulling worker [] for zone 0 to safety
10:18 13848   92ms    14M 1126G   1/ 87U INFO terranbot.builds.plans.acts.zone_defense:1062 Pulling worker [] for zone 1 to safety
10:18 13848   92ms    14M 1126G   1/ 87U INFO terranbot.builds.plans.acts.zone_defense:305 High working danger, should evacuate mining zone. mineral_center_enemy_influence=np.float64(45.98898795915255) - max_threat=np.float64(53.55776558451453)
10:18 13848   92ms    14M 1126G   1/ 87U INFO terranbot.builds.plans.acts.zone_defense:1062 Pulling worker [] for zone 0 to safety
10:18 13852   80ms    14M 1126G   1/ 87U INFO terranbot.builds.plans.acts.zone_defense:1062 Pulling worker [] for zone 1 to safety
10:18 13852   80ms    14M 1126G   1/ 87U INFO terranbot.builds.plans.acts.zone_defense:305 High working danger, should evacuate mining zone. mineral_center_enemy_influence=np.float64(46.06374790428288) - max_threat=np.float64(53.76681654132624)
10:18 13852   80ms    14M 1126G   1/ 87U INFO terranbot.builds.plans.acts.zone_defense:1062 Pulling worker [] for zone 0 to safety
10:18 13856   85ms    14M 1126G   1/ 87U INFO terranbot.builds.plans.acts.zone_defense:1062 Pulling worker [] for zone 1 to safety
10:18 13856   85ms    14M 1126G   1/ 87U INFO terranbot.builds.plans.acts.zone_defense:305 High working danger, should evacuate mining zone. mineral_center_enemy_influence=np.float64(46.498323426306975) - max_threat=np.float64(53.86005690102751)
10:18 13856   85ms    14M 1126G   1/ 87U INFO terranbot.builds.plans.acts.zone_defense:1062 Pulling worker [] for zone 0 to safety
10:18 13860   86ms    14M 1126G   1/ 87U INFO terranbot.builds.plans.acts.zone_defense:1062 Pulling worker [] for zone 1 to safety
10:18 13860   86ms    14M 1126G   1/ 87U INFO terranbot.builds.plans.acts.zone_defense:305 High working danger, should evacuate mining zone. mineral_center_enemy_influence=np.float64(47.06134735558605) - max_threat=np.float64(54.68131354720074)
10:18 13860   86ms    14M 1126G   1/ 87U INFO terranbot.builds.plans.acts.zone_defense:1062 Pulling worker [] for zone 0 to safety
10:18 13864   73ms    14M 1126G   1/ 87U INFO terranbot.builds.plans.acts.zone_defense:1062 Pulling worker [] for zone 1 to safety
10:18 13864   73ms    14M 1126G   1/ 87U INFO terranbot.builds.plans.acts.zone_defense:305 High working danger, should evacuate mining zone. mineral_center_enemy_influence=np.float64(47.478509373571086) - max_threat=np.float64(54.96511174869443)
10:18 13864   73ms    14M 1126G   1/ 87U INFO terranbot.builds.plans.acts.zone_defense:1062 Pulling worker [] for zone 0 to safety
10:19 13868   92ms    14M 1126G   1/ 87U INFO terranbot.builds.plans.acts.zone_defense:1062 Pulling worker [] for zone 1 to safety
10:19 13868   92ms    14M 1126G   1/ 87U INFO terranbot.builds.plans.acts.zone_defense:305 High working danger, should evacuate mining zone. mineral_center_enemy_influence=np.float64(47.75525834476449) - max_threat=np.float64(55.57475051348588)
10:19 13868   92ms    14M 1126G   1/ 87U INFO terranbot.builds.plans.acts.zone_defense:1062 Pulling worker [] for zone 0 to safety
10:19 13872   90ms    14M 1126G   1/ 87U INFO terranbot.builds.plans.acts.zone_defense:1062 Pulling worker [] for zone 1 to safety
10:19 13872   90ms    14M 1126G   1/ 87U INFO terranbot.builds.plans.acts.zone_defense:305 High working danger, should evacuate mining zone. mineral_center_enemy_influence=np.float64(47.98822588020117) - max_threat=np.float64(55.634878542749725)
10:19 13872   90ms    14M 1126G   1/ 87U INFO terranbot.builds.plans.acts.zone_defense:1062 Pulling worker [] for zone 0 to safety
10:19 13876   94ms    14M 1126G   1/ 87U INFO terranbot.builds.plans.acts.zone_defense:1062 Pulling worker [] for zone 1 to safety
10:19 13876   94ms    14M 1126G   1/ 87U INFO terranbot.builds.plans.acts.zone_defense:305 High working danger, should evacuate mining zone. mineral_center_enemy_influence=np.float64(48.42482091144642) - max_threat=np.float64(55.793314756741495)
10:19 13876   94ms    14M 1126G   1/ 87U INFO terranbot.builds.plans.acts.zone_defense:1062 Pulling worker [] for zone 0 to safety
10:19 13880   74ms    14M 1126G   1/ 87U INFO terranbot.builds.plans.acts.zone_defense:1062 Pulling worker [] for zone 1 to safety
10:19 13880   74ms    14M 1126G   1/ 87U INFO terranbot.builds.plans.acts.zone_defense:305 High working danger, should evacuate mining zone. mineral_center_enemy_influence=np.float64(49.1920057918) - max_threat=np.float64(56.03756106065856)
10:19 13880   74ms    14M 1126G   1/ 87U INFO terranbot.builds.plans.acts.zone_defense:1062 Pulling worker [] for zone 0 to safety
10:19 13884   89ms    14M 1126G   1/ 87U INFO terranbot.builds.plans.acts.zone_defense:1062 Pulling worker [] for zone 1 to safety
10:19 13884   89ms    14M 1126G   1/ 87U INFO terranbot.builds.plans.acts.zone_defense:305 High working danger, should evacuate mining zone. mineral_center_enemy_influence=np.float64(49.181260478585564) - max_threat=np.float64(56.01462248422205)
10:19 13884   89ms    14M 1126G   1/ 87U INFO terranbot.builds.plans.acts.zone_defense:1062 Pulling worker [] for zone 0 to safety
10:20 13888   75ms    14M 1126G   1/ 87U INFO terranbot.builds.plans.acts.zone_defense:1062 Pulling worker [] for zone 1 to safety
10:20 13888   75ms    14M 1126G   1/ 87U INFO terranbot.builds.plans.acts.zone_defense:305 High working danger, should evacuate mining zone. mineral_center_enemy_influence=np.float64(48.91346593507086) - max_threat=np.float64(55.90732176786783)
10:20 13888   75ms    14M 1126G   1/ 87U INFO terranbot.builds.plans.acts.zone_defense:1062 Pulling worker [] for zone 0 to safety
10:20 13892  102ms    14M 1126G   1/ 79U INFO terranbot.builds.plans.acts.zone_defense:1062 Pulling worker [] for zone 1 to safety
10:20 13892  102ms    14M 1126G   1/ 79U INFO terranbot.builds.plans.acts.zone_defense:305 High working danger, should evacuate mining zone. mineral_center_enemy_influence=np.float64(49.06588172534674) - max_threat=np.float64(55.93993874698686)
10:20 13892  102ms    14M 1126G   1/ 79U INFO terranbot.builds.plans.acts.zone_defense:1062 Pulling worker [] for zone 0 to safety
10:20 13896   81ms    14M 1126G   1/ 79U INFO terranbot.builds.plans.acts.zone_defense:1062 Pulling worker [] for zone 1 to safety
10:20 13896   81ms    14M 1126G   1/ 79U INFO terranbot.builds.plans.acts.zone_defense:305 High working danger, should evacuate mining zone. mineral_center_enemy_influence=np.float64(49.116941015089154) - max_threat=np.float64(55.94755953650066)
10:20 13896   81ms    14M 1126G   1/ 79U INFO terranbot.builds.plans.acts.zone_defense:1062 Pulling worker [] for zone 0 to safety
10:20 13900   71ms    14M 1126G   1/ 79U INFO terranbot.builds.plans.acts.zone_defense:1062 Pulling worker [] for zone 1 to safety
10:20 13900   71ms    14M 1126G   1/ 79U INFO terranbot.builds.plans.acts.zone_defense:305 High working danger, should evacuate mining zone. mineral_center_enemy_influence=np.float64(49.31035665294923) - max_threat=np.float64(55.97758544718502)
10:20 13900   71ms    14M 1126G   1/ 79U INFO terranbot.builds.plans.acts.zone_defense:1062 Pulling worker [] for zone 0 to safety
10:20 13904   81ms    14M 1126G   1/ 79U INFO terranbot.builds.plans.acts.zone_defense:1062 Pulling worker [] for zone 1 to safety
10:20 13904   81ms    14M 1126G   1/ 79U INFO terranbot.builds.plans.acts.zone_defense:305 High working danger, should evacuate mining zone. mineral_center_enemy_influence=np.float64(49.618312757201636) - max_threat=np.float64(56.166771546864936)
10:20 13904   81ms    14M 1126G   1/ 79U INFO terranbot.builds.plans.acts.zone_defense:1062 Pulling worker [] for zone 0 to safety
10:20 13908   99ms    64M 1126G   0/ 64U INFO terranbot.builds.plans.acts.zone_defense:1062 Pulling worker [] for zone 1 to safety
10:20 13908   99ms    64M 1126G   0/ 64U INFO terranbot.builds.plans.acts.zone_defense:305 High working danger, should evacuate mining zone. mineral_center_enemy_influence=np.float64(49.86648376771832) - max_threat=np.float64(56.23090049062351)
10:20 13908   99ms    64M 1126G   0/ 64U INFO terranbot.builds.plans.acts.zone_defense:1062 Pulling worker [] for zone 0 to safety
10:21 13912  102ms    64M 1126G   0/ 64U INFO terranbot.builds.plans.acts.zone_defense:1062 Pulling worker [] for zone 1 to safety
10:21 13912  102ms    64M 1126G   0/ 64U INFO terranbot.builds.plans.acts.zone_defense:305 High working danger, should evacuate mining zone. mineral_center_enemy_influence=np.float64(50.06203322664227) - max_threat=np.float64(56.52616798033545)
10:21 13912  102ms    64M 1126G   0/ 64U INFO terranbot.builds.plans.acts.zone_defense:1062 Pulling worker [] for zone 0 to safety
10:21 13916   72ms    64M 1126G   0/ 56U INFO terranbot.builds.plans.acts.zone_defense:1062 Pulling worker [] for zone 1 to safety
10:21 13916   72ms    64M 1126G   0/ 56U INFO terranbot.builds.plans.acts.zone_defense:305 High working danger, should evacuate mining zone. mineral_center_enemy_influence=np.float64(49.318091754305755) - max_threat=np.float64(56.390174991461784)
10:21 13916   72ms    64M 1126G   0/ 56U INFO terranbot.builds.plans.acts.zone_defense:1062 Pulling worker [] for zone 0 to safety
10:21 13920   78ms    64M 1126G   0/ 56U INFO terranbot.builds.plans.acts.zone_defense:1062 Pulling worker [] for zone 1 to safety
10:21 13920   78ms    64M 1126G   0/ 56U INFO terranbot.builds.plans.acts.zone_defense:305 High working danger, should evacuate mining zone. mineral_center_enemy_influence=np.float64(48.79355281207132) - max_threat=np.float64(57.40848885563036)
10:21 13920   78ms    64M 1126G   0/ 56U INFO terranbot.builds.plans.acts.zone_defense:1062 Pulling worker [] for zone 0 to safety
10:21 13924   92ms    64M 1126G   0/ 56U INFO terranbot.builds.plans.acts.zone_defense:1062 Pulling worker [] for zone 1 to safety
10:21 13924   92ms    64M 1126G   0/ 56U INFO terranbot.builds.plans.acts.zone_defense:305 High working danger, should evacuate mining zone. mineral_center_enemy_influence=np.float64(47.855471726870896) - max_threat=np.float64(57.53762313394158)
10:21 13924   92ms    64M 1126G   0/ 56U INFO terranbot.builds.plans.acts.zone_defense:1062 Pulling worker [] for zone 0 to safety
10:21 13928   74ms    64M 1126G   0/ 56U INFO terranbot.builds.plans.acts.zone_defense:1062 Pulling worker [] for zone 1 to safety
10:21 13928   74ms    64M 1126G   0/ 56U INFO terranbot.builds.plans.acts.zone_defense:305 High working danger, should evacuate mining zone. mineral_center_enemy_influence=np.float64(46.75217192501142) - max_threat=np.float64(57.5019959429646)
10:21 13928   74ms    64M 1126G   0/ 56U INFO terranbot.builds.plans.acts.zone_defense:1062 Pulling worker [] for zone 0 to safety
10:21 13932   78ms    64M 1126G   0/ 56U INFO terranbot.builds.plans.acts.zone_defense:1062 Pulling worker [] for zone 1 to safety
10:21 13932   78ms    64M 1126G   0/ 56U INFO terranbot.builds.plans.acts.zone_defense:305 High working danger, should evacuate mining zone. mineral_center_enemy_influence=np.float64(45.62238987959151) - max_threat=np.float64(57.55305678734809)
10:21 13932   78ms    64M 1126G   0/ 56U INFO terranbot.builds.plans.acts.zone_defense:1062 Pulling worker [] for zone 0 to safety
10:22 13936   84ms    64M 1126G   0/ 56U INFO terranbot.builds.plans.acts.zone_defense:1062 Pulling worker [] for zone 1 to safety
10:22 13936   84ms    64M 1126G   0/ 56U INFO terranbot.builds.plans.acts.zone_defense:305 High working danger, should evacuate mining zone. mineral_center_enemy_influence=np.float64(44.48289132754154) - max_threat=np.float64(57.4300191406479)
10:22 13936   84ms    64M 1126G   0/ 56U INFO terranbot.builds.plans.acts.zone_defense:1062 Pulling worker [] for zone 0 to safety
10:22 13940   94ms    64M 1126G   0/ 56U INFO terranbot.builds.plans.acts.zone_defense:1062 Pulling worker [] for zone 1 to safety
10:22 13940   94ms    64M 1126G   0/ 56U INFO terranbot.builds.plans.acts.zone_defense:305 High working danger, should evacuate mining zone. mineral_center_enemy_influence=np.float64(42.854061880810846) - max_threat=np.float64(57.12640688641835)
10:22 13940   94ms    64M 1126G   0/ 56U INFO terranbot.builds.plans.acts.zone_defense:1062 Pulling worker [] for zone 0 to safety
10:22 13944   70ms    64M 1126G   0/ 56U INFO terranbot.builds.plans.acts.zone_defense:1062 Pulling worker [] for zone 1 to safety
10:22 13944   70ms    64M 1126G   0/ 56U INFO terranbot.builds.plans.acts.zone_defense:305 High working danger, should evacuate mining zone. mineral_center_enemy_influence=np.float64(40.985634811766474) - max_threat=np.float64(56.97482938298901)
10:22 13944   70ms    64M 1126G   0/ 56U INFO terranbot.builds.plans.acts.zone_defense:1062 Pulling worker [] for zone 0 to safety
10:22 13948   79ms    64M 1126G   0/ 56U INFO terranbot.builds.plans.acts.zone_defense:1062 Pulling worker [] for zone 1 to safety
10:22 13948   79ms    64M 1126G   0/ 56U INFO terranbot.builds.plans.acts.zone_defense:305 High working danger, should evacuate mining zone. mineral_center_enemy_influence=np.float64(39.469135802469154) - max_threat=np.float64(56.729935311963246)
10:22 13948   79ms    64M 1126G   0/ 56U INFO terranbot.builds.plans.acts.zone_defense:1062 Pulling worker [] for zone 0 to safety
10:22 13952   76ms    64M 1126G   0/ 56U INFO terranbot.builds.plans.acts.zone_defense:1062 Pulling worker [] for zone 1 to safety
10:22 13952   76ms    64M 1126G   0/ 56U INFO terranbot.builds.plans.acts.zone_defense:305 High working danger, should evacuate mining zone. mineral_center_enemy_influence=np.float64(37.07239750038105) - max_threat=np.float64(56.63984638894137)
10:22 13952   76ms    64M 1126G   0/ 56U INFO terranbot.builds.plans.acts.zone_defense:1062 Pulling worker [] for zone 0 to safety
10:23 13956  183ms    64M 1126G   0/ 56U INFO terranbot.builds.plans.acts.zone_defense:1062 Pulling worker [] for zone 1 to safety
10:23 13956  183ms    64M 1126G   0/ 56U INFO terranbot.builds.plans.acts.zone_defense:305 High working danger, should evacuate mining zone. mineral_center_enemy_influence=np.float64(34.77309099222681) - max_threat=np.float64(56.05256828854619)
10:23 13956  183ms    64M 1126G   0/ 56U INFO terranbot.builds.plans.acts.zone_defense:1062 Pulling worker [] for zone 0 to safety
10:23 13960   94ms    64M 1126G   0/ 56U INFO terranbot.builds.plans.acts.zone_defense:1062 Pulling worker [] for zone 1 to safety
10:23 13960   94ms    64M 1126G   0/ 56U INFO terranbot.builds.plans.acts.zone_defense:305 High working danger, should evacuate mining zone. mineral_center_enemy_influence=np.float64(31.234567901234577) - max_threat=np.float64(55.176025078669646)
10:23 13960   94ms    64M 1126G   0/ 56U INFO terranbot.builds.plans.acts.zone_defense:1062 Pulling worker [] for zone 0 to safety
10:23 13964   65ms    64M 1126G   0/ 56U INFO terranbot.builds.plans.acts.zone_defense:1062 Pulling worker [] for zone 1 to safety
10:23 13964   65ms    64M 1126G   0/ 56U INFO terranbot.builds.plans.acts.zone_defense:305 High working danger, should evacuate mining zone. mineral_center_enemy_influence=np.float64(27.624980948026213) - max_threat=np.float64(54.09544683173313)
10:23 13964   65ms    64M 1126G   0/ 56U INFO terranbot.builds.plans.acts.zone_defense:1062 Pulling worker [] for zone 0 to safety
10:23 13968   69ms    64M 1126G   0/ 56U INFO terranbot.builds.plans.acts.zone_defense:1062 Pulling worker [] for zone 1 to safety
10:23 13968   69ms    64M 1126G   0/ 56U INFO terranbot.builds.plans.acts.zone_defense:305 High working danger, should evacuate mining zone. mineral_center_enemy_influence=np.float64(25.470469440634048) - max_threat=np.float64(53.81942182253078)
10:23 13968   69ms    64M 1126G   0/ 56U INFO terranbot.builds.plans.acts.zone_defense:1062 Pulling worker [] for zone 0 to safety
10:23 13972   90ms    64M 1126G   0/ 56U INFO terranbot.builds.plans.acts.zone_defense:1062 Pulling worker [] for zone 1 to safety
10:23 13972   90ms    64M 1126G   0/ 56U INFO terranbot.builds.plans.acts.zone_defense:305 High working danger, should evacuate mining zone. mineral_center_enemy_influence=np.float64(22.235291876238378) - max_threat=np.float64(52.448220665865556)
10:23 13972   90ms    64M 1126G   0/ 56U INFO terranbot.builds.plans.acts.zone_defense:1062 Pulling worker [] for zone 0 to safety
10:23 13976   59ms    64M 1126G   0/ 56U INFO terranbot.builds.plans.acts.zone_defense:1062 Pulling worker [] for zone 1 to safety
10:23 13976   59ms    64M 1126G   0/ 56U INFO terranbot.builds.plans.acts.zone_defense:305 High working danger, should evacuate mining zone. mineral_center_enemy_influence=np.float64(19.3564624295077) - max_threat=np.float64(51.077545463914625)
10:23 13976   59ms    64M 1126G   0/ 56U INFO terranbot.builds.plans.acts.zone_defense:1062 Pulling worker [] for zone 0 to safety
10:24 13980   76ms    64M 1126G   0/ 56U INFO terranbot.builds.plans.acts.zone_defense:1062 Pulling worker [] for zone 1 to safety
10:24 13980   76ms    64M 1126G   0/ 56U INFO terranbot.builds.plans.acts.zone_defense:305 High working danger, should evacuate mining zone. mineral_center_enemy_influence=np.float64(17.081466239902454) - max_threat=np.float64(49.407676511011125)
10:24 13980   76ms    64M 1126G   0/ 56U INFO terranbot.builds.plans.acts.zone_defense:1062 Pulling worker [] for zone 0 to safety
10:24 13984   58ms    64M 1126G   0/ 56U INFO terranbot.builds.plans.acts.zone_defense:1062 Pulling worker [] for zone 1 to safety
10:24 13984   58ms    64M 1126G   0/ 56U INFO terranbot.builds.plans.acts.zone_defense:305 High working danger, should evacuate mining zone. mineral_center_enemy_influence=np.float64(14.601851851851848) - max_threat=np.float64(47.96616607052949)
10:24 13984   58ms    64M 1126G   0/ 56U INFO terranbot.builds.plans.acts.zone_defense:1062 Pulling worker [] for zone 0 to safety
10:24 13988   74ms    64M 1126G   0/ 56U INFO terranbot.builds.plans.acts.zone_defense:1062 Pulling worker [] for zone 1 to safety
10:24 13988   74ms    64M 1126G   0/ 56U INFO terranbot.builds.plans.acts.zone_defense:305 High working danger, should evacuate mining zone. mineral_center_enemy_influence=np.float64(12.322168876695624) - max_threat=np.float64(45.505146408892536)
10:24 13988   74ms    64M 1126G   0/ 56U INFO terranbot.builds.plans.acts.zone_defense:1062 Pulling worker [] for zone 0 to safety
10:24 13992   64ms    64M 1126G   0/ 56U INFO terranbot.builds.plans.acts.zone_defense:1062 Pulling worker [] for zone 1 to safety
10:24 13992   64ms    64M 1126G   0/ 56U INFO terranbot.builds.plans.acts.zone_defense:305 High working danger, should evacuate mining zone. mineral_center_enemy_influence=np.float64(11.318625209571708) - max_threat=np.float64(44.46563261526352)
10:24 13992   64ms    64M 1126G   0/ 56U INFO terranbot.builds.plans.acts.zone_defense:1062 Pulling worker [] for zone 0 to safety
10:24 13996   83ms    64M 1126G   0/ 56U INFO terranbot.builds.plans.acts.zone_defense:305 High working danger, should evacuate mining zone. mineral_center_enemy_influence=np.float64(9.206485291876238) - max_threat=np.float64(40.916075718449)
10:24 13996   83ms    64M 1126G   0/ 56U INFO terranbot.builds.plans.acts.zone_defense:1062 Pulling worker [] for zone 0 to safety
10:25 14000   87ms    64M 1126G   0/ 56U INFO sharpy.managers.core.log_manager:80 [BuildAddon] UnitTypeId.STARPORTREACTOR to (40.0, 55.0)
10:25 14000   87ms    64M 1126G   0/ 56U INFO terranbot.builds.plans.acts.zone_defense:305 High working danger, should evacuate mining zone. mineral_center_enemy_influence=np.float64(7.3430498399634185) - max_threat=np.float64(38.58781021014235)
10:25 14000   87ms    64M 1126G   0/ 56U INFO terranbot.builds.plans.acts.zone_defense:1062 Pulling worker [] for zone 0 to safety
10:25 14004   91ms    14M 1076G   0/ 56U INFO terranbot.builds.plans.acts.zone_defense:305 High working danger, should evacuate mining zone. mineral_center_enemy_influence=np.float64(6.005105928974241) - max_threat=np.float64(36.93924291857095)
10:25 14004   91ms    14M 1076G   0/ 56U INFO terranbot.builds.plans.acts.zone_defense:1062 Pulling worker [] for zone 0 to safety
10:25 14008   94ms    14M 1076G   0/ 56U INFO sharpy.managers.core.log_manager:80 [PlanCancelBuilding] Cancelled STARPORTREACTOR at (40.0, 55.0) with 22.188720703125 health
10:25 14008   94ms    14M 1076G   0/ 56U INFO terranbot.builds.plans.acts.zone_defense:305 High working danger, should evacuate mining zone. mineral_center_enemy_influence=np.float64(4.804793476604175) - max_threat=np.float64(34.487634931983536)
10:25 14008   94ms    14M 1076G   0/ 56U INFO terranbot.builds.plans.acts.zone_defense:1062 Pulling worker [] for zone 0 to safety
10:25 14012   72ms    52M 1114G   0/ 56U INFO sharpy.managers.core.log_manager:80 [BuildAddon] UnitTypeId.STARPORTREACTOR to (40.0, 55.0)
10:25 14012   72ms    52M 1114G   0/ 56U INFO terranbot.builds.plans.acts.zone_defense:305 High working danger, should evacuate mining zone. mineral_center_enemy_influence=np.float64(4.316834324035968) - max_threat=np.float64(33.54985867836365)
10:25 14012   72ms    52M 1114G   0/ 56U INFO terranbot.builds.plans.acts.zone_defense:1062 Pulling worker [] for zone 0 to safety
10:25 14016   76ms     2M 1064G   0/ 56U INFO terranbot.builds.plans.acts.zone_defense:305 High working danger, should evacuate mining zone. mineral_center_enemy_influence=np.float64(3.213953665599755) - max_threat=np.float64(31.923505988224942)
10:25 14016   76ms     2M 1064G   0/ 56U INFO terranbot.builds.plans.acts.zone_defense:1062 Pulling worker [] for zone 0 to safety
10:25 14020  108ms     2M 1064G   0/ 56U INFO sharpy.managers.core.log_manager:80 [PlanCancelBuilding] Cancelled STARPORTREACTOR at (40.0, 55.0) with 22.188720703125 health
10:25 14020  108ms     2M 1064G   0/ 56U INFO terranbot.builds.plans.acts.zone_defense:305 High working danger, should evacuate mining zone. mineral_center_enemy_influence=np.float64(2.8601966163694548) - max_threat=np.float64(28.587698193749524)
10:25 14020  108ms     2M 1064G   0/ 56U INFO terranbot.builds.plans.acts.zone_defense:1062 Pulling worker [] for zone 0 to safety
10:26 14024   80ms    40M 1102G   0/ 56U INFO terranbot.builds.plans.acts.zone_defense:305 High working danger, should evacuate mining zone. mineral_center_enemy_influence=np.float64(2.2600594421582074) - max_threat=np.float64(27.153275087515716)
10:26 14024   80ms    40M 1102G   0/ 56U INFO terranbot.builds.plans.acts.zone_defense:1062 Pulling worker [] for zone 0 to safety
10:26 14028   87ms    40M 1102G   0/ 56U INFO terranbot.builds.plans.acts.zone_defense:305 High working danger, should evacuate mining zone. mineral_center_enemy_influence=np.float64(1.3154244779759185) - max_threat=np.float64(24.11693158344474)
10:26 14028   87ms    40M 1102G   0/ 56U INFO terranbot.builds.plans.acts.zone_defense:1062 Pulling worker [] for zone 0 to safety
10:26 14032   89ms    40M 1102G   0/ 56U INFO terranbot.builds.plans.acts.zone_defense:305 High working danger, should evacuate mining zone. mineral_center_enemy_influence=np.float64(1.2190214906264287) - max_threat=np.float64(23.20719983523562)
10:26 14032   89ms    40M 1102G   0/ 56U INFO terranbot.builds.plans.acts.zone_defense:1062 Pulling worker [] for zone 0 to safety
10:32 14164   73ms    40M 1102G   0/ 56U INFO terranbot.builds.plans.acts.zone_defense:1062 Pulling worker [] for zone 1 to safety
10:32 14168   79ms    40M 1102G   0/ 56U INFO terranbot.builds.plans.acts.zone_defense:1062 Pulling worker [] for zone 1 to safety
10:32 14172   64ms    40M 1102G   0/ 56U INFO terranbot.builds.plans.acts.zone_defense:1062 Pulling worker [] for zone 1 to safety
10:32 14176   66ms    40M 1102G   0/ 56U INFO terranbot.builds.plans.acts.zone_defense:1062 Pulling worker [] for zone 1 to safety
10:33 14180   96ms    40M 1102G   0/ 56U INFO terranbot.builds.plans.acts.zone_defense:1062 Pulling worker [] for zone 1 to safety
10:33 14184   75ms    40M 1102G   0/ 56U INFO terranbot.builds.plans.acts.zone_defense:1062 Pulling worker [] for zone 1 to safety
10:33 14188   97ms    40M 1102G   0/ 56U INFO terranbot.builds.plans.acts.zone_defense:1062 Pulling worker [] for zone 1 to safety
10:33 14192   77ms    40M 1102G   0/ 56U INFO terranbot.builds.plans.acts.zone_defense:1062 Pulling worker [] for zone 1 to safety
10:33 14196  106ms    40M 1102G   0/ 56U INFO terranbot.builds.plans.acts.zone_defense:1062 Pulling worker [] for zone 1 to safety
10:33 14200   85ms    40M 1102G   0/ 56U INFO terranbot.builds.plans.acts.zone_defense:1062 Pulling worker [] for zone 1 to safety
10:34 14204   67ms    40M 1102G   0/ 56U INFO terranbot.builds.plans.acts.zone_defense:1062 Pulling worker [] for zone 1 to safety
10:34 14208   73ms    40M 1102G   0/ 56U INFO terranbot.builds.plans.acts.zone_defense:1062 Pulling worker [] for zone 1 to safety
10:34 14212   99ms    40M 1102G   0/ 56U INFO terranbot.builds.plans.acts.zone_defense:1062 Pulling worker [] for zone 1 to safety
10:34 14216   80ms    40M 1102G   0/ 56U INFO terranbot.builds.plans.acts.zone_defense:1062 Pulling worker [] for zone 1 to safety
10:34 14220   67ms    40M 1102G   0/ 56U INFO terranbot.builds.plans.acts.zone_defense:1062 Pulling worker [] for zone 1 to safety
10:35 14224   74ms    40M 1102G   0/ 56U INFO terranbot.builds.plans.acts.zone_defense:1062 Pulling worker [] for zone 1 to safety
10:35 14228  114ms    40M 1102G   0/ 56U INFO terranbot.builds.plans.acts.zone_defense:1062 Pulling worker [] for zone 1 to safety
10:35 14232   74ms    40M 1102G   0/ 56U INFO terranbot.builds.plans.acts.zone_defense:1062 Pulling worker [] for zone 1 to safety
10:35 14236   74ms    40M 1102G   0/ 56U INFO terranbot.builds.plans.acts.zone_defense:1062 Pulling worker [] for zone 1 to safety
10:35 14240   77ms    40M 1102G   0/ 56U INFO terranbot.builds.plans.acts.zone_defense:1062 Pulling worker [] for zone 1 to safety
10:35 14244  103ms    40M 1102G   0/ 56U INFO terranbot.builds.plans.acts.zone_defense:1062 Pulling worker [] for zone 1 to safety
10:36 14248   84ms    40M 1102G   0/ 56U INFO terranbot.builds.plans.acts.zone_defense:1062 Pulling worker [] for zone 1 to safety
10:36 14252   88ms    40M 1102G   0/ 56U INFO terranbot.builds.plans.acts.zone_defense:1062 Pulling worker [] for zone 1 to safety
10:36 14256   86ms    40M 1102G   0/ 56U INFO terranbot.builds.plans.acts.zone_defense:1062 Pulling worker [] for zone 1 to safety
10:36 14260  105ms    40M 1102G   0/ 56U INFO terranbot.builds.plans.acts.zone_defense:1062 Pulling worker [] for zone 1 to safety
10:36 14264   80ms    40M 1102G   0/ 56U INFO terranbot.builds.plans.acts.zone_defense:1062 Pulling worker [] for zone 1 to safety
10:36 14268   85ms    40M 1102G   0/ 56U INFO terranbot.builds.plans.acts.zone_defense:1062 Pulling worker [] for zone 1 to safety
10:37 14272   87ms    40M 1102G   0/ 56U INFO terranbot.builds.plans.acts.zone_defense:1062 Pulling worker [] for zone 1 to safety
10:37 14276  105ms    40M 1102G   0/ 56U INFO terranbot.builds.plans.acts.zone_defense:1062 Pulling worker [] for zone 1 to safety
10:37 14280   82ms    40M 1102G   0/ 56U INFO terranbot.builds.plans.acts.zone_defense:1062 Pulling worker [] for zone 1 to safety
10:37 14284   86ms    40M 1102G   0/ 56U INFO terranbot.builds.plans.acts.zone_defense:1062 Pulling worker [] for zone 1 to safety
10:37 14288   83ms    40M 1102G   0/ 56U INFO terranbot.builds.plans.acts.zone_defense:1062 Pulling worker [] for zone 1 to safety
10:38 14292   93ms    40M 1102G   0/ 56U INFO terranbot.builds.plans.acts.zone_defense:1062 Pulling worker [] for zone 1 to safety
10:38 14296   77ms    40M 1102G   0/ 56U INFO terranbot.builds.plans.acts.zone_defense:1062 Pulling worker [] for zone 1 to safety
10:38 14300   91ms    40M 1102G   0/ 56U INFO terranbot.builds.plans.acts.zone_defense:1062 Pulling worker [] for zone 1 to safety
10:38 14304   83ms    40M 1102G   0/ 56U INFO terranbot.builds.plans.acts.zone_defense:1062 Pulling worker [] for zone 1 to safety
10:38 14308   94ms    40M 1102G   0/ 56U INFO terranbot.builds.plans.acts.zone_defense:1062 Pulling worker [] for zone 1 to safety
10:38 14312   89ms    40M 1102G   0/ 56U INFO terranbot.builds.plans.acts.zone_defense:1062 Pulling worker [] for zone 1 to safety
10:39 14316   81ms    40M 1102G   0/ 56U INFO terranbot.builds.plans.acts.zone_defense:1062 Pulling worker [] for zone 1 to safety
10:39 14320   87ms    40M 1102G   0/ 56U INFO terranbot.builds.plans.acts.zone_defense:1062 Pulling worker [] for zone 1 to safety
10:39 14324  102ms    40M 1102G   0/ 56U INFO terranbot.builds.plans.acts.zone_defense:1062 Pulling worker [] for zone 1 to safety
10:39 14328   75ms    40M 1102G   0/ 56U INFO terranbot.builds.plans.acts.zone_defense:1062 Pulling worker [] for zone 1 to safety
10:39 14332   94ms    40M 1102G   0/ 56U INFO terranbot.builds.plans.acts.zone_defense:1062 Pulling worker [] for zone 1 to safety
10:40 14336   74ms    40M 1102G   0/ 56U INFO terranbot.builds.plans.acts.zone_defense:1062 Pulling worker [] for zone 1 to safety
10:40 14340  103ms    40M 1102G   0/ 56U INFO terranbot.builds.plans.acts.zone_defense:1062 Pulling worker [] for zone 1 to safety
10:40 14344   79ms    40M 1102G   0/ 56U INFO terranbot.builds.plans.acts.zone_defense:1062 Pulling worker [] for zone 1 to safety
10:40 14348   79ms    40M 1102G   0/ 56U INFO terranbot.builds.plans.acts.zone_defense:1062 Pulling worker [] for zone 1 to safety
10:40 14352   70ms    40M 1102G   0/ 56U INFO terranbot.builds.plans.acts.zone_defense:1062 Pulling worker [] for zone 1 to safety
10:40 14356   91ms    40M 1102G   0/ 56U INFO terranbot.builds.plans.acts.zone_defense:1062 Pulling worker [] for zone 1 to safety
10:41 14360   68ms    40M 1102G   0/ 56U INFO terranbot.builds.plans.acts.zone_defense:1062 Pulling worker [] for zone 1 to safety
10:41 14364   78ms    40M 1102G   0/ 56U INFO terranbot.builds.plans.acts.zone_defense:1062 Pulling worker [] for zone 1 to safety
10:41 14368   70ms    40M 1102G   0/ 56U INFO terranbot.builds.plans.acts.zone_defense:1062 Pulling worker [] for zone 1 to safety
10:41 14372   98ms    40M 1102G   0/ 48U INFO terranbot.builds.plans.acts.zone_defense:1062 Pulling worker [] for zone 1 to safety
10:41 14376   65ms    40M 1102G   0/ 48U INFO terranbot.builds.plans.acts.zone_defense:1062 Pulling worker [] for zone 1 to safety
10:41 14380   81ms    40M 1102G   0/ 48U INFO terranbot.builds.plans.acts.zone_defense:1062 Pulling worker [] for zone 1 to safety
10:42 14384   78ms    40M 1102G   0/ 48U INFO terranbot.builds.plans.acts.zone_defense:1062 Pulling worker [] for zone 1 to safety
10:42 14388   89ms    40M 1102G   0/ 48U INFO terranbot.builds.plans.acts.zone_defense:1062 Pulling worker [] for zone 1 to safety
10:42 14392   86ms    40M 1102G   0/ 48U INFO terranbot.builds.plans.acts.zone_defense:1062 Pulling worker [] for zone 1 to safety
10:42 14392   86ms    40M 1102G   0/ 48U INFO terranbot.builds.plans.acts.zone_defense:305 High working danger, should evacuate mining zone. mineral_center_enemy_influence=np.float64(1.1372123151958538) - max_threat=np.float64(9.38142051516537)
10:42 14392   86ms    40M 1102G   0/ 48U INFO terranbot.builds.plans.acts.zone_defense:1062 Pulling worker [] for zone 0 to safety
10:42 14396   83ms    40M 1102G   0/ 48U INFO terranbot.builds.plans.acts.zone_defense:1062 Pulling worker [] for zone 1 to safety
10:42 14396   83ms    40M 1102G   0/ 48U INFO terranbot.builds.plans.acts.zone_defense:305 High working danger, should evacuate mining zone. mineral_center_enemy_influence=np.float64(2.285589087029415) - max_threat=np.float64(11.563062033226643)
10:42 14396   83ms    40M 1102G   0/ 48U INFO terranbot.builds.plans.acts.zone_defense:1062 Pulling worker [] for zone 0 to safety
10:42 14400   85ms    40M 1102G   0/ 48U INFO terranbot.builds.plans.acts.zone_defense:1062 Pulling worker [] for zone 1 to safety
10:42 14400   85ms    40M 1102G   0/ 48U INFO terranbot.builds.plans.acts.zone_defense:305 High working danger, should evacuate mining zone. mineral_center_enemy_influence=np.float64(3.1674668495656135) - max_threat=np.float64(13.023205304069501)
10:42 14400   85ms    40M 1102G   0/ 48U INFO terranbot.builds.plans.acts.zone_defense:1062 Pulling worker [] for zone 0 to safety
10:43 14404  109ms    40M 1102G   0/ 48U INFO terranbot.builds.plans.acts.zone_defense:1062 Pulling worker [] for zone 1 to safety
10:43 14404  109ms    40M 1102G   0/ 48U INFO terranbot.builds.plans.acts.zone_defense:305 High working danger, should evacuate mining zone. mineral_center_enemy_influence=np.float64(4.344726413656454) - max_threat=np.float64(15.025720164609055)
10:43 14404  109ms    40M 1102G   0/ 48U INFO terranbot.builds.plans.acts.zone_defense:1062 Pulling worker [] for zone 0 to safety
10:43 14408   82ms    40M 1102G   0/ 48U INFO terranbot.builds.plans.acts.zone_defense:1062 Pulling worker [] for zone 1 to safety
10:43 14408   82ms    40M 1102G   0/ 48U INFO terranbot.builds.plans.acts.zone_defense:305 High working danger, should evacuate mining zone. mineral_center_enemy_influence=np.float64(5.914609053497942) - max_threat=np.float64(16.478852309099224)
10:43 14408   82ms    40M 1102G   0/ 48U INFO terranbot.builds.plans.acts.zone_defense:1062 Pulling worker [] for zone 0 to safety
10:43 14412   76ms    40M 1102G   0/ 48U INFO terranbot.builds.plans.acts.zone_defense:1062 Pulling worker [] for zone 1 to safety
10:43 14412   76ms    40M 1102G   0/ 48U INFO terranbot.builds.plans.acts.zone_defense:305 High working danger, should evacuate mining zone. mineral_center_enemy_influence=np.float64(7.633135192805973) - max_threat=np.float64(19.679888736473103)
10:43 14412   76ms    40M 1102G   0/ 48U INFO terranbot.builds.plans.acts.zone_defense:1062 Pulling worker [] for zone 0 to safety
10:43 14416   96ms    40M 1102G   0/ 48U INFO terranbot.builds.plans.acts.zone_defense:1062 Pulling worker [] for zone 1 to safety
10:43 14416   96ms    40M 1102G   0/ 48U INFO terranbot.builds.plans.acts.zone_defense:305 High working danger, should evacuate mining zone. mineral_center_enemy_influence=np.float64(9.579637250419145) - max_threat=np.float64(21.576550830666065)
10:43 14416   96ms    40M 1102G   0/ 48U INFO terranbot.builds.plans.acts.zone_defense:1062 Pulling worker [] for zone 0 to safety
10:43 14420  109ms    40M 1102G   0/ 48U INFO terranbot.builds.plans.acts.zone_defense:1062 Pulling worker [] for zone 1 to safety
10:43 14420  109ms    40M 1102G   0/ 48U INFO terranbot.builds.plans.acts.zone_defense:305 High working danger, should evacuate mining zone. mineral_center_enemy_influence=np.float64(10.723975003810393) - max_threat=np.float64(24.12204694406341)
10:43 14420  109ms    40M 1102G   0/ 48U INFO terranbot.builds.plans.acts.zone_defense:1062 Pulling worker [] for zone 0 to safety
10:43 14424   88ms    40M 1102G   0/ 48U INFO terranbot.builds.plans.acts.zone_defense:1062 Pulling worker [] for zone 1 to safety
10:43 14424   88ms    40M 1102G   0/ 48U INFO terranbot.builds.plans.acts.zone_defense:305 High working danger, should evacuate mining zone. mineral_center_enemy_influence=np.float64(12.953627495808572) - max_threat=np.float64(26.380086877000466)
10:43 14424   88ms    40M 1102G   0/ 48U INFO terranbot.builds.plans.acts.zone_defense:1062 Pulling worker [] for zone 0 to safety
10:44 14428   77ms    40M 1102G   0/ 48U INFO terranbot.builds.plans.acts.zone_defense:1062 Pulling worker [] for zone 1 to safety
10:44 14428   77ms    40M 1102G   0/ 48U INFO terranbot.builds.plans.acts.zone_defense:305 High working danger, should evacuate mining zone. mineral_center_enemy_influence=np.float64(15.039399481786313) - max_threat=np.float64(29.464601432708427)
10:44 14428   77ms    40M 1102G   0/ 48U INFO terranbot.builds.plans.acts.zone_defense:1062 Pulling worker [] for zone 0 to safety
10:44 14432   78ms    40M 1102G   0/ 48U INFO terranbot.builds.plans.acts.zone_defense:1062 Pulling worker [] for zone 1 to safety
10:44 14432   78ms    40M 1102G   0/ 48U INFO terranbot.builds.plans.acts.zone_defense:305 High working danger, should evacuate mining zone. mineral_center_enemy_influence=np.float64(16.883935375704922) - max_threat=np.float64(30.83112330437433)
10:44 14432   78ms    40M 1102G   0/ 48U INFO terranbot.builds.plans.acts.zone_defense:1062 Pulling worker [] for zone 0 to safety
10:44 14436   90ms    40M 1102G   0/ 48U INFO terranbot.builds.plans.acts.zone_defense:1062 Pulling worker [] for zone 1 to safety
10:44 14436   90ms    40M 1102G   0/ 48U INFO terranbot.builds.plans.acts.zone_defense:305 High working danger, should evacuate mining zone. mineral_center_enemy_influence=np.float64(18.9750800182899) - max_threat=np.float64(33.13168724279836)
10:44 14436   90ms    40M 1102G   0/ 48U INFO terranbot.builds.plans.acts.zone_defense:1062 Pulling worker [] for zone 0 to safety
10:44 14440   87ms    40M 1102G   0/ 48U INFO terranbot.builds.plans.acts.zone_defense:1062 Pulling worker [] for zone 1 to safety
10:44 14440   87ms    40M 1102G   0/ 48U INFO terranbot.builds.plans.acts.zone_defense:305 High working danger, should evacuate mining zone. mineral_center_enemy_influence=np.float64(21.10173754000914) - max_threat=np.float64(34.85531931108063)
10:44 14440   87ms    40M 1102G   0/ 48U INFO terranbot.builds.plans.acts.zone_defense:1062 Pulling worker [] for zone 0 to safety
10:44 14444   79ms    40M 1102G   0/ 48U INFO terranbot.builds.plans.acts.zone_defense:1062 Pulling worker [] for zone 1 to safety
10:44 14444   79ms    40M 1102G   0/ 48U INFO terranbot.builds.plans.acts.zone_defense:305 High working danger, should evacuate mining zone. mineral_center_enemy_influence=np.float64(23.34788904130468) - max_threat=np.float64(36.811423563481185)
10:44 14444   79ms    40M 1102G   0/ 48U INFO terranbot.builds.plans.acts.zone_defense:1062 Pulling worker [] for zone 0 to safety
10:45 14448   80ms    40M 1102G   0/ 48U INFO terranbot.builds.plans.acts.zone_defense:1062 Pulling worker [] for zone 1 to safety
10:45 14448   80ms    40M 1102G   0/ 48U INFO terranbot.builds.plans.acts.zone_defense:305 High working danger, should evacuate mining zone. mineral_center_enemy_influence=np.float64(25.034865112025614) - max_threat=np.float64(38.01196463953666)
10:45 14448   80ms    40M 1102G   0/ 48U INFO terranbot.builds.plans.acts.zone_defense:1062 Pulling worker [] for zone 0 to safety
10:45 14452   97ms    40M 1102G   0/ 48U INFO terranbot.builds.plans.acts.zone_defense:1062 Pulling worker [] for zone 1 to safety
10:45 14452   97ms    40M 1102G   0/ 48U INFO terranbot.builds.plans.acts.zone_defense:305 High working danger, should evacuate mining zone. mineral_center_enemy_influence=np.float64(27.0105547934766) - max_threat=np.float64(39.34148757811309)
10:45 14452   97ms    40M 1102G   0/ 48U INFO terranbot.builds.plans.acts.zone_defense:1062 Pulling worker [] for zone 0 to safety
10:45 14456   71ms    40M 1102G   0/ 48U INFO terranbot.builds.plans.acts.zone_defense:1062 Pulling worker [] for zone 1 to safety
10:45 14456   71ms    40M 1102G   0/ 48U INFO terranbot.builds.plans.acts.zone_defense:305 High working danger, should evacuate mining zone. mineral_center_enemy_influence=np.float64(28.599679926840423) - max_threat=np.float64(41.53048315805518)
10:45 14456   71ms    40M 1102G   0/ 48U INFO terranbot.builds.plans.acts.zone_defense:1062 Pulling worker [] for zone 0 to safety
10:45 14460   79ms    40M 1102G   0/ 48U INFO terranbot.builds.plans.acts.zone_defense:1062 Pulling worker [] for zone 1 to safety
10:45 14460   79ms    40M 1102G   0/ 48U INFO terranbot.builds.plans.acts.zone_defense:305 High working danger, should evacuate mining zone. mineral_center_enemy_influence=np.float64(29.984339277549157) - max_threat=np.float64(43.313481176649894)
10:45 14460   79ms    40M 1102G   0/ 48U INFO terranbot.builds.plans.acts.zone_defense:1062 Pulling worker [] for zone 0 to safety
10:45 14464   86ms    40M 1102G   0/ 48U INFO terranbot.builds.plans.acts.zone_defense:1062 Pulling worker [] for zone 1 to safety
10:45 14464   86ms    40M 1102G   0/ 48U INFO terranbot.builds.plans.acts.zone_defense:305 High working danger, should evacuate mining zone. mineral_center_enemy_influence=np.float64(31.425582990397807) - max_threat=np.float64(46.07220698064318)
10:45 14464   86ms    40M 1102G   0/ 48U INFO terranbot.builds.plans.acts.zone_defense:1062 Pulling worker [] for zone 0 to safety
10:45 14468  104ms    40M 1102G   0/ 48U INFO terranbot.builds.plans.acts.zone_defense:1062 Pulling worker [] for zone 1 to safety
10:45 14468  104ms    40M 1102G   0/ 48U INFO terranbot.builds.plans.acts.zone_defense:305 High working danger, should evacuate mining zone. mineral_center_enemy_influence=np.float64(33.835314738606925) - max_threat=np.float64(49.501257430269774)
10:45 14468  104ms    40M 1102G   0/ 48U INFO terranbot.builds.plans.acts.zone_defense:1062 Pulling worker [] for zone 0 to safety
10:46 14472   77ms    40M 1102G   0/ 40U INFO terranbot.builds.plans.acts.zone_defense:1062 Pulling worker [] for zone 1 to safety
10:46 14472   77ms    40M 1102G   0/ 40U INFO terranbot.builds.plans.acts.zone_defense:305 High working danger, should evacuate mining zone. mineral_center_enemy_influence=np.float64(37.881217448529696) - max_threat=np.float64(53.78858326457133)
10:46 14472   77ms    40M 1102G   0/ 40U INFO terranbot.builds.plans.acts.zone_defense:1062 Pulling worker [] for zone 0 to safety
10:46 14476   83ms    40M 1102G   0/ 40U INFO terranbot.builds.plans.acts.zone_defense:1062 Pulling worker [] for zone 1 to safety
10:46 14476   83ms    40M 1102G   0/ 40U INFO terranbot.builds.plans.acts.zone_defense:305 High working danger, should evacuate mining zone. mineral_center_enemy_influence=np.float64(40.121881981375296) - max_threat=np.float64(56.13212845585314)
10:46 14476   83ms    40M 1102G   0/ 40U INFO terranbot.builds.plans.acts.zone_defense:1062 Pulling worker [] for zone 0 to safety
10:46 14480   72ms    40M 1102G   0/ 40U INFO terranbot.builds.plans.acts.zone_defense:1062 Pulling worker [] for zone 1 to safety
10:46 14480   72ms    40M 1102G   0/ 40U INFO terranbot.builds.plans.acts.zone_defense:305 High working danger, should evacuate mining zone. mineral_center_enemy_influence=np.float64(42.66943373000271) - max_threat=np.float64(58.39391133063313)
10:46 14480   72ms    40M 1102G   0/ 40U INFO terranbot.builds.plans.acts.zone_defense:1062 Pulling worker [] for zone 0 to safety
10:46 14484  103ms    40M 1102G   0/ 40U INFO terranbot.builds.plans.acts.zone_defense:1062 Pulling worker [] for zone 1 to safety
10:46 14484  103ms    40M 1102G   0/ 40U INFO terranbot.builds.plans.acts.zone_defense:305 High working danger, should evacuate mining zone. mineral_center_enemy_influence=np.float64(44.97270304870409) - max_threat=np.float64(59.78113145868676)
10:46 14484  103ms    40M 1102G   0/ 40U INFO terranbot.builds.plans.acts.zone_defense:1062 Pulling worker [] for zone 0 to safety
10:46 14488   81ms    40M 1102G   0/ 40U INFO terranbot.builds.plans.acts.zone_defense:1062 Pulling worker [] for zone 1 to safety
10:46 14488   81ms    40M 1102G   0/ 40U INFO terranbot.builds.plans.acts.zone_defense:305 High working danger, should evacuate mining zone. mineral_center_enemy_influence=np.float64(46.84814124410116) - max_threat=np.float64(61.43087997263281)
10:46 14488   81ms    40M 1102G   0/ 40U INFO terranbot.builds.plans.acts.zone_defense:1062 Pulling worker [] for zone 0 to safety
10:46 14492   79ms    40M 1102G   0/ 40U INFO terranbot.builds.plans.acts.zone_defense:1062 Pulling worker [] for zone 1 to safety
10:46 14492   79ms    40M 1102G   0/ 40U INFO terranbot.builds.plans.acts.zone_defense:305 High working danger, should evacuate mining zone. mineral_center_enemy_influence=np.float64(48.52978276216241) - max_threat=np.float64(62.74767619272121)
10:46 14492   79ms    40M 1102G   0/ 40U INFO terranbot.builds.plans.acts.zone_defense:1062 Pulling worker [] for zone 0 to safety
10:47 14496   79ms    40M 1102G   0/ 40U INFO terranbot.builds.plans.acts.zone_defense:1062 Pulling worker [] for zone 1 to safety
10:47 14496   79ms    40M 1102G   0/ 40U INFO terranbot.builds.plans.acts.zone_defense:305 High working danger, should evacuate mining zone. mineral_center_enemy_influence=np.float64(49.88258721270351) - max_threat=np.float64(63.430194101576554)
10:47 14496   79ms    40M 1102G   0/ 40U INFO terranbot.builds.plans.acts.zone_defense:1062 Pulling worker [] for zone 0 to safety
10:47 14500  107ms    40M 1102G   0/ 40U INFO terranbot.builds.plans.acts.zone_defense:1062 Pulling worker [] for zone 1 to safety
10:47 14500  107ms    40M 1102G   0/ 40U INFO terranbot.builds.plans.acts.zone_defense:305 High working danger, should evacuate mining zone. mineral_center_enemy_influence=np.float64(52.137426414044754) - max_threat=np.float64(64.42162071337354)
10:47 14500  107ms    40M 1102G   0/ 40U INFO terranbot.builds.plans.acts.zone_defense:1062 Pulling worker [] for zone 0 to safety
10:47 14504   80ms    40M 1102G   0/ 40U INFO terranbot.builds.plans.acts.zone_defense:1062 Pulling worker [] for zone 1 to safety
10:47 14504   80ms    40M 1102G   0/ 40U INFO terranbot.builds.plans.acts.zone_defense:305 High working danger, should evacuate mining zone. mineral_center_enemy_influence=np.float64(54.94100865825998) - max_threat=np.float64(67.08511886021677)
10:47 14504   80ms    40M 1102G   0/ 40U INFO terranbot.builds.plans.acts.zone_defense:1062 Pulling worker [] for zone 0 to safety
10:47 14508   83ms    40M 1102G   0/ 40U INFO terranbot.builds.plans.acts.zone_defense:1062 Pulling worker [] for zone 1 to safety
10:47 14508   83ms    40M 1102G   0/ 40U INFO terranbot.builds.plans.acts.zone_defense:305 High working danger, should evacuate mining zone. mineral_center_enemy_influence=np.float64(56.05784660712884) - max_threat=np.float64(67.38353955894526)
10:47 14508   83ms    40M 1102G   0/ 40U INFO terranbot.builds.plans.acts.zone_defense:1062 Pulling worker [] for zone 0 to safety
10:47 14512   81ms    40M 1102G   0/ 40U INFO terranbot.builds.plans.acts.zone_defense:1062 Pulling worker [] for zone 1 to safety
10:47 14512   81ms    40M 1102G   0/ 40U INFO terranbot.builds.plans.acts.zone_defense:305 High working danger, should evacuate mining zone. mineral_center_enemy_influence=np.float64(56.70942411055819) - max_threat=np.float64(67.63165417478676)
10:47 14512   81ms    40M 1102G   0/ 40U INFO terranbot.builds.plans.acts.zone_defense:1062 Pulling worker [] for zone 0 to safety
10:48 14516   98ms    40M 1102G   0/ 40U INFO terranbot.builds.plans.acts.zone_defense:1062 Pulling worker [] for zone 1 to safety
10:48 14516   98ms    40M 1102G   0/ 40U INFO terranbot.builds.plans.acts.zone_defense:305 High working danger, should evacuate mining zone. mineral_center_enemy_influence=np.float64(58.24992860682399) - max_threat=np.float64(68.15234461831669)
10:48 14516   98ms    40M 1102G   0/ 40U INFO terranbot.builds.plans.acts.zone_defense:1062 Pulling worker [] for zone 0 to safety
10:48 14520   72ms    40M 1102G   0/ 40U INFO terranbot.builds.plans.acts.zone_defense:1062 Pulling worker [] for zone 1 to safety
10:48 14520   72ms    40M 1102G   0/ 40U INFO terranbot.builds.plans.acts.zone_defense:305 High working danger, should evacuate mining zone. mineral_center_enemy_influence=np.float64(59.17676902749159) - max_threat=np.float64(68.42684545660353)
10:48 14520   72ms    40M 1102G   0/ 40U INFO terranbot.builds.plans.acts.zone_defense:1062 Pulling worker [] for zone 0 to safety
10:48 14524   80ms    40M 1102G   0/ 32U INFO terranbot.builds.plans.acts.zone_defense:1062 Pulling worker [] for zone 1 to safety
10:48 14524   80ms    40M 1102G   0/ 32U INFO terranbot.builds.plans.acts.zone_defense:305 High working danger, should evacuate mining zone. mineral_center_enemy_influence=np.float64(59.63020600356231) - max_threat=np.float64(68.57667017844473)
10:48 14524   80ms    40M 1102G   0/ 32U INFO terranbot.builds.plans.acts.zone_defense:1062 Pulling worker [] for zone 0 to safety
10:48 14528   90ms    40M 1102G   0/ 16U INFO terranbot.builds.plans.acts.zone_defense:1062 Pulling worker [] for zone 1 to safety
10:48 14528   90ms    40M 1102G   0/ 16U INFO terranbot.builds.plans.acts.zone_defense:305 High working danger, should evacuate mining zone. mineral_center_enemy_influence=np.float64(59.83916805203053) - max_threat=np.float64(68.64388554195638)
10:48 14528   90ms    40M 1102G   0/ 16U INFO terranbot.builds.plans.acts.zone_defense:1062 Pulling worker [] for zone 0 to safety
10:48 14532  182ms    40M 1102G   0/ 16U INFO terranbot.builds.plans.acts.zone_defense:1062 Pulling worker [] for zone 1 to safety
10:48 14532  182ms    40M 1102G   0/ 16U INFO terranbot.builds.plans.acts.zone_defense:305 High working danger, should evacuate mining zone. mineral_center_enemy_influence=np.float64(60.09339759021067) - max_threat=np.float64(68.65882228940342)
10:48 14532  182ms    40M 1102G   0/ 16U INFO terranbot.builds.plans.acts.zone_defense:1062 Pulling worker [] for zone 0 to safety
10:48 14536   77ms    40M 1102G   0/ 16U INFO terranbot.builds.plans.acts.zone_defense:1062 Pulling worker [] for zone 1 to safety
10:48 14536   77ms    40M 1102G   0/ 16U INFO terranbot.builds.plans.acts.zone_defense:305 High working danger, should evacuate mining zone. mineral_center_enemy_influence=np.float64(60.26726590296785) - max_threat=np.float64(68.74895812235575)
10:48 14536   77ms    40M 1102G   0/ 16U INFO terranbot.builds.plans.acts.zone_defense:1062 Pulling worker [] for zone 0 to safety
10:49 14540   77ms    40M 1102G   0/ 16U INFO terranbot.builds.plans.acts.zone_defense:1062 Pulling worker [] for zone 1 to safety
10:49 14540   77ms    40M 1102G   0/ 16U INFO terranbot.builds.plans.acts.zone_defense:305 High working danger, should evacuate mining zone. mineral_center_enemy_influence=np.float64(59.85654345212197) - max_threat=np.float64(68.60938336241058)
10:49 14540   77ms    40M 1102G   0/ 16U INFO terranbot.builds.plans.acts.zone_defense:1062 Pulling worker [] for zone 0 to safety
10:49 14544   89ms    40M 1102G   0/ 16U INFO terranbot.builds.plans.acts.zone_defense:1062 Pulling worker [] for zone 1 to safety
10:49 14544   89ms    40M 1102G   0/ 16U INFO terranbot.builds.plans.acts.zone_defense:305 High working danger, should evacuate mining zone. mineral_center_enemy_influence=np.float64(59.98449650805857) - max_threat=np.float64(68.65206891177436)
10:49 14544   89ms    40M 1102G   0/ 16U INFO terranbot.builds.plans.acts.zone_defense:1062 Pulling worker [] for zone 0 to safety
10:49 14548  110ms    40M 1102G   0/ 16U INFO terranbot.builds.plans.acts.zone_defense:1062 Pulling worker [] for zone 1 to safety
10:49 14548  110ms    40M 1102G   0/ 16U INFO terranbot.builds.plans.acts.zone_defense:305 High working danger, should evacuate mining zone. mineral_center_enemy_influence=np.float64(60.57316439405156) - max_threat=np.float64(68.83401526141617)
10:49 14548  110ms    40M 1102G   0/ 16U INFO terranbot.builds.plans.acts.zone_defense:1062 Pulling worker [] for zone 0 to safety
10:49 14552   81ms    40M 1102G   0/ 16U INFO terranbot.builds.plans.acts.zone_defense:1062 Pulling worker [] for zone 1 to safety
10:49 14552   81ms    40M 1102G   0/ 16U INFO terranbot.builds.plans.acts.zone_defense:305 High working danger, should evacuate mining zone. mineral_center_enemy_influence=np.float64(61.13073945882829) - max_threat=np.float64(68.97663833716685)
10:49 14552   81ms    40M 1102G   0/ 16U INFO terranbot.builds.plans.acts.zone_defense:1062 Pulling worker [] for zone 0 to safety
10:49 14556   91ms    40M 1102G   0/ 16U INFO terranbot.builds.plans.acts.zone_defense:1062 Pulling worker [] for zone 1 to safety
10:49 14556   91ms    40M 1102G   0/ 16U INFO terranbot.builds.plans.acts.zone_defense:305 High working danger, should evacuate mining zone. mineral_center_enemy_influence=np.float64(60.68686657359736) - max_threat=np.float64(68.82140932482116)
10:49 14556   91ms    40M 1102G   0/ 16U INFO terranbot.builds.plans.acts.zone_defense:1062 Pulling worker [] for zone 0 to safety
10:50 14560   80ms    40M 1102G   0/ 16U INFO terranbot.builds.plans.acts.zone_defense:305 High working danger, should evacuate mining zone. mineral_center_enemy_influence=np.float64(60.60509550211435) - max_threat=np.float64(68.77515113247243)
10:50 14560   80ms    40M 1102G   0/ 16U INFO terranbot.builds.plans.acts.zone_defense:1062 Pulling worker [] for zone 0 to safety
10:50 14564   92ms    40M 1102G   0/ 16U INFO terranbot.builds.plans.acts.zone_defense:1062 Pulling worker [] for zone 1 to safety
10:50 14564   92ms    40M 1102G   0/ 16U INFO terranbot.builds.plans.acts.zone_defense:305 High working danger, should evacuate mining zone. mineral_center_enemy_influence=np.float64(60.60978228766531) - max_threat=np.float64(68.80201441550857)
10:50 14564   92ms    40M 1102G   0/ 16U INFO terranbot.builds.plans.acts.zone_defense:1062 Pulling worker [] for zone 0 to safety
10:50 14568   99ms    40M 1102G   0/  8U INFO terranbot.builds.plans.acts.zone_defense:1062 Pulling worker [] for zone 1 to safety
10:50 14568   99ms    40M 1102G   0/  8U INFO terranbot.builds.plans.acts.zone_defense:305 High working danger, should evacuate mining zone. mineral_center_enemy_influence=np.float64(60.96102447635609) - max_threat=np.float64(68.88485239752352)
10:50 14568   99ms    40M 1102G   0/  8U INFO terranbot.builds.plans.acts.zone_defense:1062 Pulling worker [] for zone 0 to safety
10:50 14572   93ms    40M 1102G   0/  8U INFO terranbot.builds.plans.acts.zone_defense:1062 Pulling worker [] for zone 1 to safety
10:50 14572   93ms    40M 1102G   0/  8U INFO terranbot.builds.plans.acts.zone_defense:305 High working danger, should evacuate mining zone. mineral_center_enemy_influence=np.float64(60.23777344754947) - max_threat=np.float64(68.69711424785116)
10:50 14572   93ms    40M 1102G   0/  8U INFO terranbot.builds.plans.acts.zone_defense:1062 Pulling worker [] for zone 0 to safety
10:50 14576   81ms    40M 1102G   0/  8U INFO terranbot.builds.plans.acts.zone_defense:1062 Pulling worker [] for zone 1 to safety
10:50 14576   81ms    40M 1102G   0/  8U INFO terranbot.builds.plans.acts.zone_defense:305 High working danger, should evacuate mining zone. mineral_center_enemy_influence=np.float64(58.52580118722334) - max_threat=np.float64(68.31687495506044)
10:50 14576   81ms    40M 1102G   0/  8U INFO terranbot.builds.plans.acts.zone_defense:1062 Pulling worker [] for zone 0 to safety
10:50 14580  109ms    40M 1102G   0/  8U INFO terranbot.builds.plans.acts.zone_defense:1062 Pulling worker [] for zone 1 to safety
10:50 14580  109ms    40M 1102G   0/  8U INFO terranbot.builds.plans.acts.zone_defense:305 High working danger, should evacuate mining zone. mineral_center_enemy_influence=np.float64(57.384130710161884) - max_threat=np.float64(68.11855584065982)
10:50 14580  109ms    40M 1102G   0/  8U INFO terranbot.builds.plans.acts.zone_defense:1062 Pulling worker [] for zone 0 to safety
10:51 14584   82ms    40M 1102G   0/  8U INFO terranbot.builds.plans.acts.zone_defense:1062 Pulling worker [] for zone 1 to safety
10:51 14584   82ms    40M 1102G   0/  8U INFO terranbot.builds.plans.acts.zone_defense:305 High working danger, should evacuate mining zone. mineral_center_enemy_influence=np.float64(56.05548416237954) - max_threat=np.float64(67.9033066408427)
10:51 14584   82ms    40M 1102G   0/  8U INFO terranbot.builds.plans.acts.zone_defense:1062 Pulling worker [] for zone 0 to safety
10:51 14588   71ms    40M 1102G   0/  8U INFO terranbot.builds.plans.acts.zone_defense:1062 Pulling worker [] for zone 1 to safety
10:51 14588   71ms    40M 1102G   0/  8U INFO terranbot.builds.plans.acts.zone_defense:305 High working danger, should evacuate mining zone. mineral_center_enemy_influence=np.float64(54.32887998618689) - max_threat=np.float64(67.61017297219463)
10:51 14588   71ms    40M 1102G   0/  8U INFO terranbot.builds.plans.acts.zone_defense:1062 Pulling worker [] for zone 0 to safety
10:51 14592   89ms    40M 1102G   0/  8U INFO terranbot.builds.plans.acts.zone_defense:1062 Pulling worker [] for zone 1 to safety
10:51 14592   89ms    40M 1102G   0/  8U INFO terranbot.builds.plans.acts.zone_defense:305 High working danger, should evacuate mining zone. mineral_center_enemy_influence=np.float64(52.9344660249005) - max_threat=np.float64(67.3736055586906)
10:51 14592   89ms    40M 1102G   0/  8U INFO terranbot.builds.plans.acts.zone_defense:1062 Pulling worker [] for zone 0 to safety
10:51 14596  106ms    40M 1102G   0/  0U INFO terranbot.builds.plans.acts.zone_defense:1062 Pulling worker [] for zone 1 to safety
10:51 14596  106ms    40M 1102G   0/  0U INFO terranbot.builds.plans.acts.zone_defense:305 High working danger, should evacuate mining zone. mineral_center_enemy_influence=np.float64(52.25492022395552) - max_threat=np.float64(67.2647044765385)
10:51 14596  106ms    40M 1102G   0/  0U INFO terranbot.builds.plans.acts.zone_defense:1062 Pulling worker [] for zone 0 to safety
10:51 14600   98ms    40M 1102G   0/  0U INFO terranbot.builds.plans.acts.zone_defense:1062 Pulling worker [] for zone 1 to safety
10:51 14600   98ms    40M 1102G   0/  0U INFO terranbot.builds.plans.acts.zone_defense:305 High working danger, should evacuate mining zone. mineral_center_enemy_influence=np.float64(52.29024258335198) - max_threat=np.float64(67.28402317795593)
10:51 14600   98ms    40M 1102G   0/  0U INFO terranbot.builds.plans.acts.zone_defense:1062 Pulling worker [] for zone 0 to safety
10:51 14604   85ms    40M 1102G   0/  0U INFO terranbot.builds.plans.acts.zone_defense:1062 Pulling worker [] for zone 1 to safety
10:51 14604   85ms    40M 1102G   0/  0U INFO terranbot.builds.plans.acts.zone_defense:305 High working danger, should evacuate mining zone. mineral_center_enemy_influence=np.float64(55.045081784693224) - max_threat=np.float64(67.8632793888994)
10:51 14604   85ms    40M 1102G   0/  0U INFO terranbot.builds.plans.acts.zone_defense:1062 Pulling worker [] for zone 0 to safety
10:52 14608   87ms    40M 1102G   0/  0U INFO terranbot.builds.plans.acts.zone_defense:1062 Pulling worker [] for zone 1 to safety
10:52 14608   87ms    40M 1102G   0/  0U INFO terranbot.builds.plans.acts.zone_defense:305 High working danger, should evacuate mining zone. mineral_center_enemy_influence=np.float64(56.7921477807304) - max_threat=np.float64(68.22560953058246)
10:52 14608   87ms    40M 1102G   0/  0U INFO terranbot.builds.plans.acts.zone_defense:1062 Pulling worker [] for zone 0 to safety
10:52 14612  116ms    40M 1102G   0/  0U INFO terranbot.builds.plans.acts.zone_defense:1062 Pulling worker [] for zone 1 to safety
10:52 14612  116ms    40M 1102G   0/  0U INFO terranbot.builds.plans.acts.zone_defense:305 High working danger, should evacuate mining zone. mineral_center_enemy_influence=np.float64(58.55765608739097) - max_threat=np.float64(68.62135713003376)
10:52 14612  116ms    40M 1102G   0/  0U INFO terranbot.builds.plans.acts.zone_defense:1062 Pulling worker [] for zone 0 to safety
10:52 14616   84ms    40M 1102G   0/  0U INFO terranbot.builds.plans.acts.zone_defense:1062 Pulling worker [] for zone 1 to safety
10:52 14616   84ms    40M 1102G   0/  0U INFO terranbot.builds.plans.acts.zone_defense:305 High working danger, should evacuate mining zone. mineral_center_enemy_influence=np.float64(60.2424221291529) - max_threat=np.float64(68.95701480416881)
10:52 14616   84ms    40M 1102G   0/  0U INFO terranbot.builds.plans.acts.zone_defense:1062 Pulling worker [] for zone 0 to safety
10:52 14620   94ms    40M 1102G   0/  0U INFO terranbot.builds.plans.acts.zone_defense:1062 Pulling worker [] for zone 1 to safety
10:52 14620   94ms    40M 1102G   0/  0U INFO terranbot.builds.plans.acts.zone_defense:305 High working danger, should evacuate mining zone. mineral_center_enemy_influence=np.float64(61.44113421572507) - max_threat=np.float64(69.16479563026239)
10:52 14620   94ms    40M 1102G   0/  0U INFO terranbot.builds.plans.acts.zone_defense:1062 Pulling worker [] for zone 0 to safety
10:52 14624   97ms    40M 1102G   0/  0U INFO terranbot.builds.plans.acts.zone_defense:1062 Pulling worker [] for zone 1 to safety
10:52 14624   97ms    40M 1102G   0/  0U INFO terranbot.builds.plans.acts.zone_defense:305 High working danger, should evacuate mining zone. mineral_center_enemy_influence=np.float64(62.66491869979764) - max_threat=np.float64(69.39322879593834)
10:52 14624   97ms    40M 1102G   0/  0U INFO terranbot.builds.plans.acts.zone_defense:1062 Pulling worker [] for zone 0 to safety
10:53 14628  105ms    40M 1102G   0/  0U INFO terranbot.builds.plans.acts.zone_defense:1062 Pulling worker [] for zone 1 to safety
10:53 14628  105ms    40M 1102G   0/  0U INFO terranbot.builds.plans.acts.zone_defense:305 High working danger, should evacuate mining zone. mineral_center_enemy_influence=np.float64(63.84812247970923) - max_threat=np.float64(69.63394041164089)
10:53 14628  105ms    40M 1102G   0/  0U INFO terranbot.builds.plans.acts.zone_defense:1062 Pulling worker [] for zone 0 to safety
10:53 14632   77ms    40M 1102G   0/  0U INFO terranbot.builds.plans.acts.zone_defense:1062 Pulling worker [] for zone 1 to safety
10:53 14632   77ms    40M 1102G   0/  0U INFO terranbot.builds.plans.acts.zone_defense:305 High working danger, should evacuate mining zone. mineral_center_enemy_influence=np.float64(64.60871537713341) - max_threat=np.float64(69.79050953220178)
10:53 14632   77ms    40M 1102G   0/  0U INFO terranbot.builds.plans.acts.zone_defense:1062 Pulling worker [] for zone 0 to safety
10:53 14636   74ms    40M 1102G   0/  0U INFO terranbot.builds.plans.acts.zone_defense:1062 Pulling worker [] for zone 1 to safety
10:53 14636   74ms    40M 1102G   0/  0U INFO terranbot.builds.plans.acts.zone_defense:305 High working danger, should evacuate mining zone. mineral_center_enemy_influence=np.float64(65.36241146004761) - max_threat=np.float64(69.95374684358725)
10:53 14636   74ms    40M 1102G   0/  0U INFO terranbot.builds.plans.acts.zone_defense:1062 Pulling worker [] for zone 0 to safety
10:53 14640   78ms    40M 1102G   0/  0U INFO terranbot.builds.plans.acts.zone_defense:1062 Pulling worker [] for zone 1 to safety
10:53 14640   78ms    40M 1102G   0/  0U INFO terranbot.builds.plans.acts.zone_defense:305 High working danger, should evacuate mining zone. mineral_center_enemy_influence=np.float64(66.35143752314775) - max_threat=np.float64(70.15082046041394)
10:53 14640   78ms    40M 1102G   0/  0U INFO terranbot.builds.plans.acts.zone_defense:1062 Pulling worker [] for zone 0 to safety
10:53 14644  106ms    40M 1102G   0/  0U INFO terranbot.builds.plans.acts.zone_defense:1062 Pulling worker [] for zone 1 to safety
10:53 14644  106ms    40M 1102G   0/  0U INFO terranbot.builds.plans.acts.zone_defense:305 High working danger, should evacuate mining zone. mineral_center_enemy_influence=np.float64(66.54237640441585) - max_threat=np.float64(70.13432145111656)
10:53 14644  106ms    40M 1102G   0/  0U INFO terranbot.builds.plans.acts.zone_defense:1062 Pulling worker [] for zone 0 to safety
10:53 14648   91ms    40M 1102G   0/  0U INFO terranbot.builds.plans.acts.zone_defense:1062 Pulling worker [] for zone 1 to safety
10:53 14648   91ms    40M 1102G   0/  0U INFO terranbot.builds.plans.acts.zone_defense:305 High working danger, should evacuate mining zone. mineral_center_enemy_influence=np.float64(67.07358353747485) - max_threat=np.float64(70.23352431736626)
10:53 14648   91ms    40M 1102G   0/  0U INFO terranbot.builds.plans.acts.zone_defense:1062 Pulling worker [] for zone 0 to safety
10:54 14652   87ms    40M 1102G   0/  0U INFO terranbot.builds.plans.acts.zone_defense:1062 Pulling worker [] for zone 1 to safety
10:54 14652   87ms    40M 1102G   0/  0U INFO terranbot.builds.plans.acts.zone_defense:305 High working danger, should evacuate mining zone. mineral_center_enemy_influence=np.float64(67.36987983377112) - max_threat=np.float64(70.31308535989025)
10:54 14652   87ms    40M 1102G   0/  0U INFO terranbot.builds.plans.acts.zone_defense:1062 Pulling worker [] for zone 0 to safety
10:54 14656   89ms    40M 1102G   0/  0U INFO terranbot.builds.plans.acts.zone_defense:1062 Pulling worker [] for zone 1 to safety
10:54 14656   89ms    40M 1102G   0/  0U INFO terranbot.builds.plans.acts.zone_defense:305 High working danger, should evacuate mining zone. mineral_center_enemy_influence=np.float64(67.53052607672188) - max_threat=np.float64(70.25836809118121)
10:54 14656   89ms    40M 1102G   0/  0U INFO terranbot.builds.plans.acts.zone_defense:1062 Pulling worker [] for zone 0 to safety
10:54 14660  103ms    40M 1102G   0/  0U INFO terranbot.builds.plans.acts.zone_defense:1062 Pulling worker [] for zone 1 to safety
10:54 14660  103ms    40M 1102G   0/  0U INFO terranbot.builds.plans.acts.zone_defense:305 High working danger, should evacuate mining zone. mineral_center_enemy_influence=np.float64(67.74333662389459) - max_threat=np.float64(70.24141183451302)
10:54 14660  103ms    40M 1102G   0/  0U INFO terranbot.builds.plans.acts.zone_defense:1062 Pulling worker [] for zone 0 to safety
10:54 14664   94ms    40M 1102G   0/  0U INFO terranbot.builds.plans.acts.zone_defense:1062 Pulling worker [] for zone 1 to safety
10:54 14664   94ms    40M 1102G   0/  0U INFO terranbot.builds.plans.acts.zone_defense:305 High working danger, should evacuate mining zone. mineral_center_enemy_influence=np.float64(67.82354543352724) - max_threat=np.float64(70.184217809212)
10:54 14664   94ms    40M 1102G   0/  0U INFO terranbot.builds.plans.acts.zone_defense:1062 Pulling worker [] for zone 0 to safety
10:54 14668  107ms    40M 1102G   0/  0U INFO terranbot.builds.plans.acts.zone_defense:1062 Pulling worker [] for zone 1 to safety
10:54 14668  107ms    40M 1102G   0/  0U INFO terranbot.builds.plans.acts.zone_defense:305 High working danger, should evacuate mining zone. mineral_center_enemy_influence=np.float64(68.05361706894867) - max_threat=np.float64(70.16600412227406)
10:54 14668  107ms    40M 1102G   0/  0U INFO terranbot.builds.plans.acts.zone_defense:1062 Pulling worker [] for zone 0 to safety
10:55 14672   89ms    40M 1102G   0/  0U INFO terranbot.builds.plans.acts.zone_defense:1062 Pulling worker [] for zone 1 to safety
10:55 14672   89ms    40M 1102G   0/  0U INFO terranbot.builds.plans.acts.zone_defense:305 High working danger, should evacuate mining zone. mineral_center_enemy_influence=np.float64(68.90276354052314) - max_threat=np.float64(71.03378342420973)
10:55 14672   89ms    40M 1102G   0/  0U INFO terranbot.builds.plans.acts.zone_defense:1062 Pulling worker [] for zone 0 to safety
10:55 14676   94ms    40M 1102G   0/  0U INFO terranbot.builds.plans.acts.zone_defense:1062 Pulling worker [] for zone 1 to safety
10:55 14676   94ms    40M 1102G   0/  0U INFO terranbot.builds.plans.acts.zone_defense:305 High working danger, should evacuate mining zone. mineral_center_enemy_influence=np.float64(69.00225294762572) - max_threat=np.float64(70.9876395437037)
10:55 14676   94ms    40M 1102G   0/  0U INFO terranbot.builds.plans.acts.zone_defense:1062 Pulling worker [] for zone 0 to safety
10:55 14680  105ms    40M 1102G   0/  0U INFO terranbot.builds.plans.acts.zone_defense:1062 Pulling worker [] for zone 1 to safety
10:55 14680  105ms    40M 1102G   0/  0U INFO terranbot.builds.plans.acts.zone_defense:305 High working danger, should evacuate mining zone. mineral_center_enemy_influence=np.float64(72.98500374018782) - max_threat=np.float64(74.94082460535465)
10:55 14680  105ms    40M 1102G   0/  0U INFO terranbot.builds.plans.acts.zone_defense:1062 Pulling worker [] for zone 0 to safety
10:55 14684   94ms    40M 1102G   0/  0U INFO terranbot.builds.plans.acts.zone_defense:1062 Pulling worker [] for zone 1 to safety
10:55 14684   94ms    40M 1102G   0/  0U INFO terranbot.builds.plans.acts.zone_defense:305 High working danger, should evacuate mining zone. mineral_center_enemy_influence=np.float64(72.99022398100476) - max_threat=np.float64(74.8626734088907)
10:55 14684   94ms    40M 1102G   0/  0U INFO terranbot.builds.plans.acts.zone_defense:1062 Pulling worker [] for zone 0 to safety
10:55 14688   79ms    40M 1102G   0/  0U INFO terranbot.builds.plans.acts.zone_defense:1062 Pulling worker [] for zone 1 to safety
10:55 14688   79ms    40M 1102G   0/  0U INFO terranbot.builds.plans.acts.zone_defense:305 High working danger, should evacuate mining zone. mineral_center_enemy_influence=np.float64(72.97757347041187) - max_threat=np.float64(74.83782963507572)
10:55 14688   79ms    40M 1102G   0/  0U INFO terranbot.builds.plans.acts.zone_defense:1062 Pulling worker [] for zone 0 to safety
10:55 14692  120ms    40M 1102G   0/  0U INFO terranbot.builds.plans.acts.zone_defense:1062 Pulling worker [] for zone 1 to safety
10:55 14692  120ms    40M 1102G   0/  0U INFO terranbot.builds.plans.acts.zone_defense:305 High working danger, should evacuate mining zone. mineral_center_enemy_influence=np.float64(72.85922260926264) - max_threat=np.float64(74.71399180547658)
10:55 14692  120ms    40M 1102G   0/  0U INFO terranbot.builds.plans.acts.zone_defense:1062 Pulling worker [] for zone 0 to safety
10:56 14696   86ms    40M 1102G   0/  0U INFO terranbot.builds.plans.acts.zone_defense:1062 Pulling worker [] for zone 1 to safety
10:56 14696   86ms    40M 1102G   0/  0U INFO terranbot.builds.plans.acts.zone_defense:305 High working danger, should evacuate mining zone. mineral_center_enemy_influence=np.float64(72.11722443825212) - max_threat=np.float64(74.0289209321341)
10:56 14696   86ms    40M 1102G   0/  0U INFO terranbot.builds.plans.acts.zone_defense:1062 Pulling worker [] for zone 0 to safety
10:56 14700   80ms    40M 1102G   0/  0U INFO terranbot.builds.plans.acts.zone_defense:1062 Pulling worker [] for zone 1 to safety
10:56 14700   80ms    40M 1102G   0/  0U INFO terranbot.builds.plans.acts.zone_defense:305 High working danger, should evacuate mining zone. mineral_center_enemy_influence=np.float64(71.12806501133551) - max_threat=np.float64(72.97429892329399)
10:56 14700   80ms    40M 1102G   0/  0U INFO terranbot.builds.plans.acts.zone_defense:1062 Pulling worker [] for zone 0 to safety
10:56 14704   97ms    40M 1102G   0/  0U INFO terranbot.builds.plans.acts.zone_defense:1062 Pulling worker [] for zone 1 to safety
10:56 14704   97ms    40M 1102G   0/  0U INFO terranbot.builds.plans.acts.zone_defense:305 High working danger, should evacuate mining zone. mineral_center_enemy_influence=np.float64(71.01813512259902) - max_threat=np.float64(72.92122012433042)
10:56 14704   97ms    40M 1102G   0/  0U INFO terranbot.builds.plans.acts.zone_defense:1062 Pulling worker [] for zone 0 to safety
10:56 14708   95ms    40M 1102G   0/  0U INFO terranbot.builds.plans.acts.zone_defense:1062 Pulling worker [] for zone 1 to safety
10:56 14708   95ms    40M 1102G   0/  0U INFO terranbot.builds.plans.acts.zone_defense:305 High working danger, should evacuate mining zone. mineral_center_enemy_influence=np.float64(70.69630918143152) - max_threat=np.float64(72.7447040228363)
10:56 14708   95ms    40M 1102G   0/  0U INFO terranbot.builds.plans.acts.zone_defense:1062 Pulling worker [] for zone 0 to safety
10:56 14712   79ms    40M 1102G   0/  0U INFO terranbot.builds.plans.acts.zone_defense:1062 Pulling worker [] for zone 1 to safety
10:56 14712   79ms    40M 1102G   0/  0U INFO terranbot.builds.plans.acts.zone_defense:305 High working danger, should evacuate mining zone. mineral_center_enemy_influence=np.float64(71.01870668181255) - max_threat=np.float64(73.23534950370812)
10:56 14712   79ms    40M 1102G   0/  0U INFO terranbot.builds.plans.acts.zone_defense:1062 Pulling worker [] for zone 0 to safety
10:56 14716   84ms    40M 1102G   0/  0U INFO terranbot.builds.plans.acts.zone_defense:1062 Pulling worker [] for zone 1 to safety
10:56 14716   84ms    40M 1102G   0/  0U INFO terranbot.builds.plans.acts.zone_defense:305 High working danger, should evacuate mining zone. mineral_center_enemy_influence=np.float64(70.89696456932973) - max_threat=np.float64(73.19248256269303)
10:56 14716   84ms    40M 1102G   0/  0U INFO terranbot.builds.plans.acts.zone_defense:1062 Pulling worker [] for zone 0 to safety
10:57 14720   82ms    40M 1102G   0/  0U INFO terranbot.builds.plans.acts.zone_defense:1062 Pulling worker [] for zone 1 to safety
10:57 14720   82ms    40M 1102G   0/  0U INFO terranbot.builds.plans.acts.zone_defense:305 High working danger, should evacuate mining zone. mineral_center_enemy_influence=np.float64(72.36542620627527) - max_threat=np.float64(74.95277821935312)
10:57 14720   82ms    40M 1102G   0/  0U INFO terranbot.builds.plans.acts.zone_defense:1062 Pulling worker [] for zone 0 to safety
10:57 14724  105ms    40M 1102G   0/  0U INFO terranbot.builds.plans.acts.zone_defense:1062 Pulling worker [] for zone 1 to safety
10:57 14724  105ms    40M 1102G   0/  0U INFO terranbot.builds.plans.acts.zone_defense:305 High working danger, should evacuate mining zone. mineral_center_enemy_influence=np.float64(70.32998205904164) - max_threat=np.float64(73.80905655340274)
10:57 14724  105ms    40M 1102G   0/  0U INFO terranbot.builds.plans.acts.zone_defense:1062 Pulling worker [] for zone 0 to safety
10:57 14728   91ms    40M 1102G   0/  0U INFO terranbot.builds.plans.acts.zone_defense:1062 Pulling worker [] for zone 1 to safety
10:57 14728   91ms    40M 1102G   0/  0U INFO terranbot.builds.plans.acts.zone_defense:305 High working danger, should evacuate mining zone. mineral_center_enemy_influence=np.float64(70.93968332409271) - max_threat=np.float64(74.80410304021878)
10:57 14728   91ms    40M 1102G   0/  0U INFO terranbot.builds.plans.acts.zone_defense:1062 Pulling worker [] for zone 0 to safety
10:57 14732   81ms    40M 1102G   0/  0U INFO terranbot.builds.plans.acts.zone_defense:305 High working danger, should evacuate mining zone. mineral_center_enemy_influence=np.float64(68.87728080161139) - max_threat=np.float64(73.18705609615536)
10:57 14732   81ms    40M 1102G   0/  0U INFO terranbot.builds.plans.acts.zone_defense:1062 Pulling worker [] for zone 0 to safety
10:57 14736   83ms    40M 1102G   0/  0U INFO terranbot.builds.plans.acts.zone_defense:305 High working danger, should evacuate mining zone. mineral_center_enemy_influence=np.float64(69.32545943291758) - max_threat=np.float64(74.96673907131157)
10:57 14736   83ms    40M 1102G   0/  0U INFO terranbot.builds.plans.acts.zone_defense:1062 Pulling worker [] for zone 0 to safety
10:58 14740  109ms    40M 1102G   0/  0U INFO terranbot.builds.plans.acts.zone_defense:305 High working danger, should evacuate mining zone. mineral_center_enemy_influence=np.float64(66.3755234475495) - max_threat=np.float64(72.43119589953898)
10:58 14740  109ms    40M 1102G   0/  0U INFO terranbot.builds.plans.acts.zone_defense:1062 Pulling worker [] for zone 0 to safety
10:58 14744   81ms    40M 1102G   0/  0U INFO terranbot.builds.plans.acts.zone_defense:305 High working danger, should evacuate mining zone. mineral_center_enemy_influence=np.float64(67.29272356948213) - max_threat=np.float64(73.9446313514518)
10:58 14744   81ms    40M 1102G   0/  0U INFO terranbot.builds.plans.acts.zone_defense:1062 Pulling worker [] for zone 0 to safety
10:58 14748   85ms    40M 1102G   0/  0U WARNING terranbot.activity.location_modifiers:41 No units to place beside for UnitTypeId.STARPORT
10:58 14748   85ms    40M 1102G   0/  0U INFO terranbot.builds.plans.acts.zone_defense:305 High working danger, should evacuate mining zone. mineral_center_enemy_influence=np.float64(66.7629262824832) - max_threat=np.float64(73.79709286646474)
10:58 14748   85ms    40M 1102G   0/  0U INFO terranbot.builds.plans.acts.zone_defense:1062 Pulling worker [] for zone 0 to safety
10:58 14752   98ms    40M 1102G   0/  0U WARNING terranbot.activity.location_modifiers:41 No units to place beside for UnitTypeId.STARPORT
10:58 14752   98ms    40M 1102G   0/  0U INFO terranbot.builds.plans.acts.zone_defense:305 High working danger, should evacuate mining zone. mineral_center_enemy_influence=np.float64(64.59698556875901) - max_threat=np.float64(73.14459007943154)
10:58 14752   98ms    40M 1102G   0/  0U INFO terranbot.builds.plans.acts.zone_defense:1062 Pulling worker [] for zone 0 to safety
10:58 14756  102ms    40M 1102G   0/  0U WARNING terranbot.activity.location_modifiers:41 No units to place beside for UnitTypeId.STARPORT
10:58 14756  102ms    40M 1102G   0/  0U INFO terranbot.builds.plans.acts.zone_defense:305 High working danger, should evacuate mining zone. mineral_center_enemy_influence=np.float64(62.799431842192945) - max_threat=np.float64(72.61772679639542)
10:58 14756  102ms    40M 1102G   0/  0U INFO terranbot.builds.plans.acts.zone_defense:1062 Pulling worker [] for zone 0 to safety
10:58 14760   88ms    40M 1102G   0/  0U WARNING terranbot.activity.location_modifiers:41 No units to place beside for UnitTypeId.STARPORT
10:58 14760   88ms    40M 1102G   0/  0U INFO terranbot.builds.plans.acts.zone_defense:305 High working danger, should evacuate mining zone. mineral_center_enemy_influence=np.float64(60.5360411791399) - max_threat=np.float64(71.955422358966)
10:58 14760   88ms    40M 1102G   0/  0U INFO terranbot.builds.plans.acts.zone_defense:1062 Pulling worker [] for zone 0 to safety
10:59 14764   94ms    40M 1102G   0/  0U WARNING terranbot.activity.location_modifiers:41 No units to place beside for UnitTypeId.STARPORT
10:59 14764   94ms    40M 1102G   0/  0U INFO terranbot.builds.plans.acts.zone_defense:305 High working danger, should evacuate mining zone. mineral_center_enemy_influence=np.float64(57.47479942205618) - max_threat=np.float64(70.82145835259875)
10:59 14764   94ms    40M 1102G   0/  0U INFO terranbot.builds.plans.acts.zone_defense:1062 Pulling worker [] for zone 0 to safety
10:59 14768   85ms    40M 1102G   0/  0U WARNING terranbot.activity.location_modifiers:41 No units to place beside for UnitTypeId.STARPORT
10:59 14768   85ms    40M 1102G   0/  0U INFO terranbot.builds.plans.acts.zone_defense:305 High working danger, should evacuate mining zone. mineral_center_enemy_influence=np.float64(53.24895846629374) - max_threat=np.float64(68.90894845470733)
10:59 14768   85ms    40M 1102G   0/  0U INFO terranbot.builds.plans.acts.zone_defense:1062 Pulling worker [] for zone 0 to safety
10:59 14772   97ms    40M 1102G   0/  0U WARNING terranbot.activity.location_modifiers:41 No units to place beside for UnitTypeId.STARPORT
10:59 14772   97ms    40M 1102G   0/  0U INFO terranbot.builds.plans.acts.zone_defense:305 High working danger, should evacuate mining zone. mineral_center_enemy_influence=np.float64(49.026318217142595) - max_threat=np.float64(66.86243718770758)
10:59 14772   97ms    40M 1102G   0/  0U INFO terranbot.builds.plans.acts.zone_defense:1062 Pulling worker [] for zone 0 to safety
10:59 14776   91ms    40M 1102G   0/  0U WARNING terranbot.activity.location_modifiers:41 No units to place beside for UnitTypeId.STARPORT
10:59 14776   91ms    40M 1102G   0/  0U INFO terranbot.builds.plans.acts.zone_defense:305 High working danger, should evacuate mining zone. mineral_center_enemy_influence=np.float64(45.56799865520729) - max_threat=np.float64(65.50314733650364)
10:59 14776   91ms    40M 1102G   0/  0U INFO terranbot.builds.plans.acts.zone_defense:1062 Pulling worker [] for zone 0 to safety
10:59 14780   79ms    40M 1102G   0/  0U WARNING terranbot.activity.location_modifiers:41 No units to place beside for UnitTypeId.STARPORT
10:59 14780   79ms    40M 1102G   0/  0U INFO terranbot.builds.plans.acts.zone_defense:305 High working danger, should evacuate mining zone. mineral_center_enemy_influence=np.float64(42.08289729870677) - max_threat=np.float64(63.64333175960987)
10:59 14780   79ms    40M 1102G   0/  0U INFO terranbot.builds.plans.acts.zone_defense:1062 Pulling worker [] for zone 0 to safety
11:00 14784   92ms    40M 1102G   0/  0U WARNING terranbot.activity.location_modifiers:41 No units to place beside for UnitTypeId.STARPORT
11:00 14784   92ms    40M 1102G   0/  0U INFO terranbot.builds.plans.acts.zone_defense:305 High working danger, should evacuate mining zone. mineral_center_enemy_influence=np.float64(38.60995110148073) - max_threat=np.float64(61.206698624417065)
11:00 14784   92ms    40M 1102G   0/  0U INFO terranbot.builds.plans.acts.zone_defense:1062 Pulling worker [] for zone 0 to safety
11:00 14788   92ms    40M 1102G   0/  0U WARNING terranbot.activity.location_modifiers:41 No units to place beside for UnitTypeId.STARPORT
11:00 14788   92ms    40M 1102G   0/  0U INFO terranbot.builds.plans.acts.zone_defense:305 High working danger, should evacuate mining zone. mineral_center_enemy_influence=np.float64(33.70643029672536) - max_threat=np.float64(58.48136215361286)
11:00 14788   92ms    40M 1102G   0/  0U INFO terranbot.builds.plans.acts.zone_defense:1062 Pulling worker [] for zone 0 to safety
11:00 14792   79ms    40M 1102G   0/  0U WARNING terranbot.activity.location_modifiers:41 No units to place beside for UnitTypeId.STARPORT
11:00 14792   79ms    40M 1102G   0/  0U INFO terranbot.builds.plans.acts.zone_defense:305 High working danger, should evacuate mining zone. mineral_center_enemy_influence=np.float64(29.343795027711483) - max_threat=np.float64(55.68921918760157)
11:00 14792   79ms    40M 1102G   0/  0U INFO terranbot.builds.plans.acts.zone_defense:1062 Pulling worker [] for zone 0 to safety
11:00 14796   82ms    40M 1102G   0/  0U WARNING terranbot.activity.location_modifiers:41 No units to place beside for UnitTypeId.STARPORT
11:00 14796   82ms    40M 1102G   0/  0U INFO terranbot.builds.plans.acts.zone_defense:305 High working danger, should evacuate mining zone. mineral_center_enemy_influence=np.float64(24.32180904996419) - max_threat=np.float64(51.19847844686085)
11:00 14796   82ms    40M 1102G   0/  0U INFO terranbot.builds.plans.acts.zone_defense:1062 Pulling worker [] for zone 0 to safety
11:00 14800   87ms    40M 1102G   0/  0U WARNING terranbot.activity.location_modifiers:41 No units to place beside for UnitTypeId.STARPORT
11:00 14800   87ms    40M 1102G   0/  0U INFO terranbot.builds.plans.acts.zone_defense:305 High working danger, should evacuate mining zone. mineral_center_enemy_influence=np.float64(21.4519797556493) - max_threat=np.float64(49.67674776556225)
11:00 14800   87ms    40M 1102G   0/  0U INFO terranbot.builds.plans.acts.zone_defense:1062 Pulling worker [] for zone 0 to safety
11:00 14804   97ms    40M 1102G   0/  0U WARNING terranbot.activity.location_modifiers:41 No units to place beside for UnitTypeId.STARPORT
11:00 14804   97ms    40M 1102G   0/  0U INFO terranbot.builds.plans.acts.zone_defense:305 High working danger, should evacuate mining zone. mineral_center_enemy_influence=np.float64(17.236578140041924) - max_threat=np.float64(46.54679425237827)
11:00 14804   97ms    40M 1102G   0/  0U INFO terranbot.builds.plans.acts.zone_defense:1062 Pulling worker [] for zone 0 to safety
11:01 14808   76ms    40M 1102G   0/  0U WARNING terranbot.activity.location_modifiers:41 No units to place beside for UnitTypeId.STARPORT
11:01 14808   76ms    40M 1102G   0/  0U INFO terranbot.builds.plans.acts.zone_defense:305 High working danger, should evacuate mining zone. mineral_center_enemy_influence=np.float64(12.405252739950477) - max_threat=np.float64(41.6582541213007)
11:01 14808   76ms    40M 1102G   0/  0U INFO terranbot.builds.plans.acts.zone_defense:1062 Pulling worker [] for zone 0 to safety
11:01 14812   84ms    40M 1102G   0/  0U WARNING terranbot.activity.location_modifiers:41 No units to place beside for UnitTypeId.STARPORT
11:01 14812   84ms    40M 1102G   0/  0U INFO terranbot.builds.plans.acts.zone_defense:305 High working danger, should evacuate mining zone. mineral_center_enemy_influence=np.float64(8.235400308918623) - max_threat=np.float64(37.12688714218166)
11:01 14812   84ms    40M 1102G   0/  0U INFO terranbot.builds.plans.acts.zone_defense:1062 Pulling worker [] for zone 0 to safety
11:01 14816   89ms    40M 1102G   0/  0U WARNING terranbot.activity.location_modifiers:41 No units to place beside for UnitTypeId.STARPORT
11:01 14816   89ms    40M 1102G   0/  0U INFO terranbot.builds.plans.acts.zone_defense:305 High working danger, should evacuate mining zone. mineral_center_enemy_influence=np.float64(7.340833931841958) - max_threat=np.float64(33.57022657214659)
11:01 14816   89ms    40M 1102G   0/  0U INFO terranbot.builds.plans.acts.zone_defense:1062 Pulling worker [] for zone 0 to safety
11:01 14820   89ms    40M 1102G   0/  0U WARNING terranbot.activity.location_modifiers:41 No units to place beside for UnitTypeId.STARPORT
11:01 14820   89ms    40M 1102G   0/  0U INFO terranbot.builds.plans.acts.zone_defense:305 High working danger, should evacuate mining zone. mineral_center_enemy_influence=np.float64(5.865563393814219) - max_threat=np.float64(31.206257664967815)
11:01 14820   89ms    40M 1102G   0/  0U INFO terranbot.builds.plans.acts.zone_defense:1062 Pulling worker [] for zone 0 to safety
11:01 14824   69ms    40M 1102G   0/  0U WARNING terranbot.activity.location_modifiers:41 No units to place beside for UnitTypeId.STARPORT
11:01 14824   69ms    40M 1102G   0/  0U INFO terranbot.builds.plans.acts.zone_defense:305 High working danger, should evacuate mining zone. mineral_center_enemy_influence=np.float64(5.165822500657688) - max_threat=np.float64(29.057347437868295)
11:01 14824   69ms    40M 1102G   0/  0U INFO terranbot.builds.plans.acts.zone_defense:1062 Pulling worker [] for zone 0 to safety
11:01 14828   81ms    40M 1102G   0/  0U WARNING terranbot.activity.location_modifiers:41 No units to place beside for UnitTypeId.STARPORT
11:01 14828   81ms    40M 1102G   0/  0U INFO terranbot.builds.plans.acts.zone_defense:305 High working danger, should evacuate mining zone. mineral_center_enemy_influence=np.float64(4.651076272948499) - max_threat=np.float64(26.79618298123058)
11:01 14828   81ms    40M 1102G   0/  0U INFO terranbot.builds.plans.acts.zone_defense:1062 Pulling worker [] for zone 0 to safety
11:02 14832   85ms    40M 1102G   0/  0U WARNING terranbot.activity.location_modifiers:41 No units to place beside for UnitTypeId.STARPORT
11:02 14832   85ms    40M 1102G   0/  0U INFO terranbot.builds.plans.acts.zone_defense:305 High working danger, should evacuate mining zone. mineral_center_enemy_influence=np.float64(4.368726021462445) - max_threat=np.float64(24.384241204062462)
11:02 14832   85ms    40M 1102G   0/  0U INFO terranbot.builds.plans.acts.zone_defense:1062 Pulling worker [] for zone 0 to safety
11:02 14836   90ms    40M 1102G   0/  0U WARNING terranbot.activity.location_modifiers:41 No units to place beside for UnitTypeId.STARPORT
11:02 14836   90ms    40M 1102G   0/  0U INFO terranbot.builds.plans.acts.zone_defense:305 High working danger, should evacuate mining zone. mineral_center_enemy_influence=np.float64(4.368726021462445) - max_threat=np.float64(22.54507796675108)
11:02 14836   90ms    40M 1102G   0/  0U INFO terranbot.builds.plans.acts.zone_defense:1062 Pulling worker [] for zone 0 to safety
11:02 14840   88ms    40M 1102G   0/  0U WARNING terranbot.activity.location_modifiers:41 No units to place beside for UnitTypeId.STARPORT
11:02 14840   88ms    40M 1102G   0/  0U INFO terranbot.builds.plans.acts.zone_defense:305 High working danger, should evacuate mining zone. mineral_center_enemy_influence=np.float64(4.368726021462445) - max_threat=np.float64(22.204962130750474)
11:02 14840   88ms    40M 1102G   0/  0U INFO terranbot.builds.plans.acts.zone_defense:1062 Pulling worker [] for zone 0 to safety
11:02 14844   78ms    40M 1102G   0/  0U WARNING terranbot.activity.location_modifiers:41 No units to place beside for UnitTypeId.STARPORT
11:02 14844   78ms    40M 1102G   0/  0U INFO terranbot.builds.plans.acts.zone_defense:305 High working danger, should evacuate mining zone. mineral_center_enemy_influence=np.float64(4.513183367272157) - max_threat=np.float64(23.372257230175254)
11:02 14844   78ms    40M 1102G   0/  0U INFO terranbot.builds.plans.acts.zone_defense:1062 Pulling worker [] for zone 0 to safety
11:02 14848   95ms    40M 1102G   0/  0U WARNING terranbot.activity.location_modifiers:41 No units to place beside for UnitTypeId.STARPORT
11:02 14848   95ms    40M 1102G   0/  0U INFO terranbot.builds.plans.acts.zone_defense:305 High working danger, should evacuate mining zone. mineral_center_enemy_influence=np.float64(4.240404868535732) - max_threat=np.float64(25.226936587004985)
11:02 14848   95ms    40M 1102G   0/  0U INFO terranbot.builds.plans.acts.zone_defense:1062 Pulling worker [] for zone 0 to safety
11:03 14852   89ms    40M 1102G   0/  0U WARNING terranbot.activity.location_modifiers:41 No units to place beside for UnitTypeId.STARPORT
11:03 14852   89ms    40M 1102G   0/  0U INFO terranbot.builds.plans.acts.zone_defense:305 High working danger, should evacuate mining zone. mineral_center_enemy_influence=np.float64(4.075151446860579) - max_threat=np.float64(27.37502730466266)
11:03 14852   89ms    40M 1102G   0/  0U INFO terranbot.builds.plans.acts.zone_defense:1062 Pulling worker [] for zone 0 to safety
11:03 14856   80ms    40M 1102G   0/  0U WARNING terranbot.activity.location_modifiers:41 No units to place beside for UnitTypeId.STARPORT
11:03 14856   80ms    40M 1102G   0/  0U INFO terranbot.builds.plans.acts.zone_defense:305 High working danger, should evacuate mining zone. mineral_center_enemy_influence=np.float64(4.258171015617689) - max_threat=np.float64(29.949737153290904)
11:03 14856   80ms    40M 1102G   0/  0U INFO terranbot.builds.plans.acts.zone_defense:1062 Pulling worker [] for zone 0 to safety
11:03 14860   76ms    40M 1102G   0/  0U WARNING terranbot.activity.location_modifiers:41 No units to place beside for UnitTypeId.STARPORT
11:03 14860   76ms    40M 1102G   0/  0U INFO terranbot.builds.plans.acts.zone_defense:305 High working danger, should evacuate mining zone. mineral_center_enemy_influence=np.float64(3.909640211289238) - max_threat=np.float64(30.94044689244545)
11:03 14860   76ms    40M 1102G   0/  0U INFO terranbot.builds.plans.acts.zone_defense:1062 Pulling worker [] for zone 0 to safety
11:03 14864   82ms    40M 1102G   0/  0U WARNING terranbot.activity.location_modifiers:41 No units to place beside for UnitTypeId.STARPORT
11:03 14864   82ms    40M 1102G   0/  0U INFO terranbot.builds.plans.acts.zone_defense:305 High working danger, should evacuate mining zone. mineral_center_enemy_influence=np.float64(3.8395630307687814) - max_threat=np.float64(32.69624287477522)
11:03 14864   82ms    40M 1102G   0/  0U INFO terranbot.builds.plans.acts.zone_defense:1062 Pulling worker [] for zone 0 to safety
11:03 14868   91ms    40M 1102G   0/  0U WARNING terranbot.activity.location_modifiers:41 No units to place beside for UnitTypeId.STARPORT
11:03 14868   91ms    40M 1102G   0/  0U INFO terranbot.builds.plans.acts.zone_defense:305 High working danger, should evacuate mining zone. mineral_center_enemy_influence=np.float64(3.1193253420863147) - max_threat=np.float64(33.771354546850546)
11:03 14868   91ms    40M 1102G   0/  0U INFO terranbot.builds.plans.acts.zone_defense:1062 Pulling worker [] for zone 0 to safety
11:03 14872   71ms    40M 1102G   0/  0U WARNING terranbot.activity.location_modifiers:41 No units to place beside for UnitTypeId.STARPORT
11:03 14872   71ms    40M 1102G   0/  0U INFO terranbot.builds.plans.acts.zone_defense:305 High working danger, should evacuate mining zone. mineral_center_enemy_influence=np.float64(3.14386428432073) - max_threat=np.float64(34.228144670307344)
11:03 14872   71ms    40M 1102G   0/  0U INFO terranbot.builds.plans.acts.zone_defense:1062 Pulling worker [] for zone 0 to safety
11:04 14876   70ms    40M 1102G   0/  0U WARNING terranbot.activity.location_modifiers:41 No units to place beside for UnitTypeId.STARPORT
11:04 14876   70ms    40M 1102G   0/  0U INFO terranbot.builds.plans.acts.zone_defense:305 High working danger, should evacuate mining zone. mineral_center_enemy_influence=np.float64(2.7548740364849094) - max_threat=np.float64(34.542018488604796)
11:04 14876   70ms    40M 1102G   0/  0U INFO terranbot.builds.plans.acts.zone_defense:1062 Pulling worker [] for zone 0 to safety
11:04 14880   72ms    40M 1102G   0/  0U WARNING terranbot.activity.location_modifiers:41 No units to place beside for UnitTypeId.STARPORT
11:04 14880   72ms    40M 1102G   0/  0U INFO terranbot.builds.plans.acts.zone_defense:305 High working danger, should evacuate mining zone. mineral_center_enemy_influence=np.float64(2.694098240112406) - max_threat=np.float64(34.52079458980889)
11:04 14880   72ms    40M 1102G   0/  0U INFO terranbot.builds.plans.acts.zone_defense:1062 Pulling worker [] for zone 0 to safety
11:04 14884   91ms    40M 1102G   0/  0U WARNING terranbot.activity.location_modifiers:41 No units to place beside for UnitTypeId.STARPORT
11:04 14884   91ms    40M 1102G   0/  0U INFO terranbot.builds.plans.acts.zone_defense:305 High working danger, should evacuate mining zone. mineral_center_enemy_influence=np.float64(2.694098240112406) - max_threat=np.float64(34.42629679983784)
11:04 14884   91ms    40M 1102G   0/  0U INFO terranbot.builds.plans.acts.zone_defense:1062 Pulling worker [] for zone 0 to safety
11:04 14888   82ms    40M 1102G   0/  0U WARNING terranbot.activity.location_modifiers:41 No units to place beside for UnitTypeId.STARPORT
11:04 14888   82ms    40M 1102G   0/  0U INFO terranbot.builds.plans.acts.zone_defense:305 High working danger, should evacuate mining zone. mineral_center_enemy_influence=np.float64(2.694098240112406) - max_threat=np.float64(34.42629679983784)
11:04 14888   82ms    40M 1102G   0/  0U INFO terranbot.builds.plans.acts.zone_defense:1062 Pulling worker [] for zone 0 to safety
11:04 14892   66ms    40M 1102G   0/  0U WARNING terranbot.activity.location_modifiers:41 No units to place beside for UnitTypeId.STARPORT
11:04 14892   66ms    40M 1102G   0/  0U INFO terranbot.builds.plans.acts.zone_defense:305 High working danger, should evacuate mining zone. mineral_center_enemy_influence=np.float64(2.694098240112406) - max_threat=np.float64(34.5195371595391)
11:04 14892   66ms    40M 1102G   0/  0U INFO terranbot.builds.plans.acts.zone_defense:1062 Pulling worker [] for zone 0 to safety
11:05 14896   77ms    40M 1102G   0/  0U WARNING terranbot.activity.location_modifiers:41 No units to place beside for UnitTypeId.STARPORT
11:05 14896   77ms    40M 1102G   0/  0U INFO terranbot.builds.plans.acts.zone_defense:305 High working danger, should evacuate mining zone. mineral_center_enemy_influence=np.float64(2.694098240112406) - max_threat=np.float64(34.4587613631666)
11:05 14896   77ms    40M 1102G   0/  0U INFO terranbot.builds.plans.acts.zone_defense:1062 Pulling worker [] for zone 0 to safety
11:05 14900   88ms    40M 1102G   0/  0U WARNING terranbot.activity.location_modifiers:41 No units to place beside for UnitTypeId.STARPORT
11:05 14900   88ms    40M 1102G   0/  0U INFO terranbot.builds.plans.acts.zone_defense:305 High working danger, should evacuate mining zone. mineral_center_enemy_influence=np.float64(2.2235525915832177) - max_threat=np.float64(29.814842753198608)
11:05 14900   88ms    40M 1102G   0/  0U INFO terranbot.builds.plans.acts.zone_defense:1062 Pulling worker [] for zone 0 to safety
11:05 14904   69ms    40M 1102G   0/  0U WARNING terranbot.activity.location_modifiers:41 No units to place beside for UnitTypeId.STARPORT
11:05 14904   69ms    40M 1102G   0/  0U INFO terranbot.builds.plans.acts.zone_defense:305 High working danger, should evacuate mining zone. mineral_center_enemy_influence=np.float64(2.2235525915832177) - max_threat=np.float64(29.814842753198608)
11:05 14904   69ms    40M 1102G   0/  0U INFO terranbot.builds.plans.acts.zone_defense:1062 Pulling worker [] for zone 0 to safety
11:05 14908   74ms    40M 1102G   0/  0U WARNING terranbot.activity.location_modifiers:41 No units to place beside for UnitTypeId.STARPORT
11:05 14908   74ms    40M 1102G   0/  0U INFO terranbot.builds.plans.acts.zone_defense:305 High working danger, should evacuate mining zone. mineral_center_enemy_influence=np.float64(2.2235525915832177) - max_threat=np.float64(29.814842753198608)
11:05 14908   74ms    40M 1102G   0/  0U INFO terranbot.builds.plans.acts.zone_defense:1062 Pulling worker [] for zone 0 to safety
11:05 14912   67ms    40M 1102G   0/  0U WARNING terranbot.activity.location_modifiers:41 No units to place beside for UnitTypeId.STARPORT
11:05 14912   67ms    40M 1102G   0/  0U INFO terranbot.builds.plans.acts.zone_defense:305 High working danger, should evacuate mining zone. mineral_center_enemy_influence=np.float64(2.2235525915832177) - max_threat=np.float64(29.814842753198608)
11:05 14912   67ms    40M 1102G   0/  0U INFO terranbot.builds.plans.acts.zone_defense:1062 Pulling worker [] for zone 0 to safety
11:05 14916   87ms    40M 1102G   0/  0U WARNING terranbot.activity.location_modifiers:41 No units to place beside for UnitTypeId.STARPORT
11:05 14916   87ms    40M 1102G   0/  0U INFO terranbot.builds.plans.acts.zone_defense:305 High working danger, should evacuate mining zone. mineral_center_enemy_influence=np.float64(2.2235525915832177) - max_threat=np.float64(29.814842753198608)
11:05 14916   87ms    40M 1102G   0/  0U INFO terranbot.builds.plans.acts.zone_defense:1062 Pulling worker [] for zone 0 to safety
11:06 14920   78ms    40M 1102G   0/  0U WARNING terranbot.activity.location_modifiers:41 No units to place beside for UnitTypeId.STARPORT
11:06 14920   78ms    40M 1102G   0/  0U INFO terranbot.builds.plans.acts.zone_defense:1062 Pulling worker [] for zone 1 to safety
11:06 14920   78ms    40M 1102G   0/  0U INFO terranbot.builds.plans.acts.zone_defense:305 High working danger, should evacuate mining zone. mineral_center_enemy_influence=np.float64(2.2235525915832177) - max_threat=np.float64(29.814842753198608)
11:06 14920   78ms    40M 1102G   0/  0U INFO terranbot.builds.plans.acts.zone_defense:1062 Pulling worker [] for zone 0 to safety
11:06 14924   79ms    40M 1102G   0/  0U WARNING terranbot.activity.location_modifiers:41 No units to place beside for UnitTypeId.STARPORT
11:06 14924   79ms    40M 1102G   0/  0U INFO terranbot.builds.plans.acts.zone_defense:1062 Pulling worker [] for zone 1 to safety
11:06 14924   79ms    40M 1102G   0/  0U INFO terranbot.builds.plans.acts.zone_defense:305 High working danger, should evacuate mining zone. mineral_center_enemy_influence=np.float64(2.2235525915832177) - max_threat=np.float64(29.814842753198608)
11:06 14924   79ms    40M 1102G   0/  0U INFO terranbot.builds.plans.acts.zone_defense:1062 Pulling worker [] for zone 0 to safety
11:06 14928   77ms    40M 1102G   0/  0U WARNING terranbot.activity.location_modifiers:41 No units to place beside for UnitTypeId.STARPORT
11:06 14928   77ms    40M 1102G   0/  0U INFO terranbot.builds.plans.acts.zone_defense:1062 Pulling worker [] for zone 1 to safety
11:06 14928   77ms    40M 1102G   0/  0U INFO terranbot.builds.plans.acts.zone_defense:305 High working danger, should evacuate mining zone. mineral_center_enemy_influence=np.float64(2.2235525915832177) - max_threat=np.float64(29.814842753198608)
11:06 14928   77ms    40M 1102G   0/  0U INFO terranbot.builds.plans.acts.zone_defense:1062 Pulling worker [] for zone 0 to safety
11:06 14932   83ms    40M 1102G   0/  0U WARNING terranbot.activity.location_modifiers:41 No units to place beside for UnitTypeId.STARPORT
11:06 14932   83ms    40M 1102G   0/  0U INFO terranbot.builds.plans.acts.zone_defense:1062 Pulling worker [] for zone 1 to safety
11:06 14932   83ms    40M 1102G   0/  0U INFO terranbot.builds.plans.acts.zone_defense:305 High working danger, should evacuate mining zone. mineral_center_enemy_influence=np.float64(2.2235525915832177) - max_threat=np.float64(28.155815928019525)
11:06 14932   83ms    40M 1102G   0/  0U INFO terranbot.builds.plans.acts.zone_defense:1062 Pulling worker [] for zone 0 to safety
11:06 14936   78ms    40M 1102G   0/  0U WARNING terranbot.activity.location_modifiers:41 No units to place beside for UnitTypeId.STARPORT
11:06 14936   78ms    40M 1102G   0/  0U INFO terranbot.builds.plans.acts.zone_defense:1062 Pulling worker [] for zone 1 to safety
11:06 14936   78ms    40M 1102G   0/  0U INFO terranbot.builds.plans.acts.zone_defense:305 High working danger, should evacuate mining zone. mineral_center_enemy_influence=np.float64(2.2112831204660104) - max_threat=np.float64(26.008963314088728)
11:06 14936   78ms    40M 1102G   0/  0U INFO terranbot.builds.plans.acts.zone_defense:1062 Pulling worker [] for zone 0 to safety
11:06 14940   72ms    40M 1102G   0/  0U WARNING terranbot.activity.location_modifiers:41 No units to place beside for UnitTypeId.STARPORT
11:06 14940   72ms    40M 1102G   0/  0U INFO terranbot.builds.plans.acts.zone_defense:1062 Pulling worker [] for zone 1 to safety
11:06 14940   72ms    40M 1102G   0/  0U INFO terranbot.builds.plans.acts.zone_defense:305 High working danger, should evacuate mining zone. mineral_center_enemy_influence=np.float64(2.2112831204660104) - max_threat=np.float64(23.58261824473954)
11:06 14940   72ms    40M 1102G   0/  0U INFO terranbot.builds.plans.acts.zone_defense:1062 Pulling worker [] for zone 0 to safety
11:07 14944   77ms    40M 1102G   0/  0U WARNING terranbot.activity.location_modifiers:41 No units to place beside for UnitTypeId.STARPORT
11:07 14944   77ms    40M 1102G   0/  0U INFO terranbot.builds.plans.acts.zone_defense:1062 Pulling worker [] for zone 1 to safety
11:07 14948   98ms    40M 1102G   0/  0U WARNING terranbot.activity.location_modifiers:41 No units to place beside for UnitTypeId.STARPORT
11:07 14948   98ms    40M 1102G   0/  0U INFO terranbot.builds.plans.acts.zone_defense:1062 Pulling worker [] for zone 1 to safety
11:07 14952   73ms    40M 1102G   0/  0U WARNING terranbot.activity.location_modifiers:41 No units to place beside for UnitTypeId.STARPORT
11:07 14952   73ms    40M 1102G   0/  0U INFO terranbot.builds.plans.acts.zone_defense:1062 Pulling worker [] for zone 1 to safety
11:07 14956   96ms    40M 1102G   0/  0U WARNING terranbot.activity.location_modifiers:41 No units to place beside for UnitTypeId.STARPORT
11:07 14956   96ms    40M 1102G   0/  0U INFO terranbot.builds.plans.acts.zone_defense:1062 Pulling worker [] for zone 1 to safety
11:07 14960   71ms    40M 1102G   0/  0U WARNING terranbot.activity.location_modifiers:41 No units to place beside for UnitTypeId.STARPORT
11:07 14960   71ms    40M 1102G   0/  0U INFO terranbot.builds.plans.acts.zone_defense:1062 Pulling worker [] for zone 1 to safety
11:08 14964   87ms    40M 1102G   0/  0U WARNING terranbot.activity.location_modifiers:41 No units to place beside for UnitTypeId.STARPORT
11:08 14964   87ms    40M 1102G   0/  0U INFO terranbot.builds.plans.acts.zone_defense:1062 Pulling worker [] for zone 1 to safety
11:08 14968   65ms    40M 1102G   0/  0U WARNING terranbot.activity.location_modifiers:41 No units to place beside for UnitTypeId.STARPORT
11:08 14968   65ms    40M 1102G   0/  0U INFO terranbot.builds.plans.acts.zone_defense:1062 Pulling worker [] for zone 1 to safety
11:08 14972   64ms    40M 1102G   0/  0U WARNING terranbot.activity.location_modifiers:41 No units to place beside for UnitTypeId.STARPORT
11:08 14972   64ms    40M 1102G   0/  0U INFO terranbot.builds.plans.acts.zone_defense:1062 Pulling worker [] for zone 1 to safety
11:08 14976   67ms    40M 1102G   0/  0U WARNING terranbot.activity.location_modifiers:41 No units to place beside for UnitTypeId.STARPORT
11:08 14976   67ms    40M 1102G   0/  0U INFO terranbot.builds.plans.acts.zone_defense:1062 Pulling worker [] for zone 1 to safety
11:08 14980   94ms    40M 1102G   0/  0U WARNING terranbot.activity.location_modifiers:41 No units to place beside for UnitTypeId.STARPORT
11:08 14980   94ms    40M 1102G   0/  0U INFO terranbot.builds.plans.acts.zone_defense:1062 Pulling worker [] for zone 1 to safety
11:08 14984   83ms    40M 1102G   0/  0U WARNING terranbot.activity.location_modifiers:41 No units to place beside for UnitTypeId.STARPORT
11:08 14984   83ms    40M 1102G   0/  0U INFO terranbot.builds.plans.acts.zone_defense:1062 Pulling worker [] for zone 1 to safety
11:09 14988   82ms    40M 1102G   0/  0U WARNING terranbot.activity.location_modifiers:41 No units to place beside for UnitTypeId.STARPORT
11:09 14988   82ms    40M 1102G   0/  0U INFO terranbot.builds.plans.acts.zone_defense:1062 Pulling worker [] for zone 1 to safety
11:09 14992   84ms    40M 1102G   0/  0U WARNING terranbot.activity.location_modifiers:41 No units to place beside for UnitTypeId.STARPORT
11:09 14992   84ms    40M 1102G   0/  0U INFO terranbot.builds.plans.acts.zone_defense:1062 Pulling worker [] for zone 1 to safety
11:09 14996  103ms    40M 1102G   0/  0U WARNING terranbot.activity.location_modifiers:41 No units to place beside for UnitTypeId.STARPORT
11:09 14996  103ms    40M 1102G   0/  0U INFO terranbot.builds.plans.acts.zone_defense:1062 Pulling worker [] for zone 1 to safety
11:09 15000   73ms    40M 1102G   0/  0U WARNING terranbot.activity.location_modifiers:41 No units to place beside for UnitTypeId.STARPORT
11:09 15000   73ms    40M 1102G   0/  0U INFO terranbot.builds.plans.acts.zone_defense:1062 Pulling worker [] for zone 1 to safety
11:09 15004   90ms    40M 1102G   0/  0U WARNING terranbot.activity.location_modifiers:41 No units to place beside for UnitTypeId.STARPORT
11:09 15004   90ms    40M 1102G   0/  0U INFO terranbot.builds.plans.acts.zone_defense:1062 Pulling worker [] for zone 1 to safety
11:10 15008   78ms    40M 1102G   0/  0U WARNING terranbot.activity.location_modifiers:41 No units to place beside for UnitTypeId.STARPORT
11:10 15008   78ms    40M 1102G   0/  0U INFO terranbot.builds.plans.acts.zone_defense:1062 Pulling worker [] for zone 1 to safety
11:10 15012   81ms    40M 1102G   0/  0U WARNING terranbot.activity.location_modifiers:41 No units to place beside for UnitTypeId.STARPORT
11:10 15012   81ms    40M 1102G   0/  0U INFO terranbot.builds.plans.acts.zone_defense:1062 Pulling worker [] for zone 1 to safety
11:10 15016   72ms    40M 1102G   0/  0U WARNING terranbot.activity.location_modifiers:41 No units to place beside for UnitTypeId.STARPORT
11:10 15016   72ms    40M 1102G   0/  0U INFO terranbot.builds.plans.acts.zone_defense:1062 Pulling worker [] for zone 1 to safety
11:10 15020   76ms    40M 1102G   0/  0U WARNING terranbot.activity.location_modifiers:41 No units to place beside for UnitTypeId.STARPORT
11:10 15020   76ms    40M 1102G   0/  0U INFO terranbot.builds.plans.acts.zone_defense:1062 Pulling worker [] for zone 1 to safety
11:10 15024   70ms    40M 1102G   0/  0U WARNING terranbot.activity.location_modifiers:41 No units to place beside for UnitTypeId.STARPORT
11:10 15024   70ms    40M 1102G   0/  0U INFO terranbot.builds.plans.acts.zone_defense:1062 Pulling worker [] for zone 1 to safety
11:10 15028   92ms    40M 1102G   0/  0U WARNING terranbot.activity.location_modifiers:41 No units to place beside for UnitTypeId.STARPORT
11:10 15028   92ms    40M 1102G   0/  0U INFO terranbot.builds.plans.acts.zone_defense:1062 Pulling worker [] for zone 1 to safety
11:11 15032   60ms    40M 1102G   0/  0U WARNING terranbot.activity.location_modifiers:41 No units to place beside for UnitTypeId.STARPORT
11:11 15032   60ms    40M 1102G   0/  0U INFO terranbot.builds.plans.acts.zone_defense:1062 Pulling worker [] for zone 1 to safety
11:11 15036   71ms    40M 1102G   0/  0U WARNING terranbot.activity.location_modifiers:41 No units to place beside for UnitTypeId.STARPORT
11:11 15036   71ms    40M 1102G   0/  0U INFO terranbot.builds.plans.acts.zone_defense:1062 Pulling worker [] for zone 1 to safety
11:11 15040   69ms    40M 1102G   0/  0U WARNING terranbot.activity.location_modifiers:41 No units to place beside for UnitTypeId.STARPORT
11:11 15040   69ms    40M 1102G   0/  0U INFO terranbot.builds.plans.acts.zone_defense:1062 Pulling worker [] for zone 1 to safety
11:11 15044   91ms    40M 1102G   0/  0U WARNING terranbot.activity.location_modifiers:41 No units to place beside for UnitTypeId.STARPORT
11:11 15044   91ms    40M 1102G   0/  0U INFO terranbot.builds.plans.acts.zone_defense:1062 Pulling worker [] for zone 1 to safety
11:11 15048   68ms    40M 1102G   0/  0U WARNING terranbot.activity.location_modifiers:41 No units to place beside for UnitTypeId.STARPORT
11:11 15048   68ms    40M 1102G   0/  0U INFO terranbot.builds.plans.acts.zone_defense:1062 Pulling worker [] for zone 1 to safety
11:11 15052   73ms    40M 1102G   0/  0U WARNING terranbot.activity.location_modifiers:41 No units to place beside for UnitTypeId.STARPORT
11:11 15052   73ms    40M 1102G   0/  0U INFO terranbot.builds.plans.acts.zone_defense:1062 Pulling worker [] for zone 1 to safety
11:12 15056   62ms    40M 1102G   0/  0U WARNING terranbot.activity.location_modifiers:41 No units to place beside for UnitTypeId.STARPORT
11:12 15056   62ms    40M 1102G   0/  0U INFO terranbot.builds.plans.acts.zone_defense:1062 Pulling worker [] for zone 1 to safety
11:12 15060   84ms    40M 1102G   0/  0U WARNING terranbot.activity.location_modifiers:41 No units to place beside for UnitTypeId.STARPORT
11:12 15060   84ms    40M 1102G   0/  0U INFO terranbot.builds.plans.acts.zone_defense:1062 Pulling worker [] for zone 1 to safety
11:12 15064   72ms    40M 1102G   0/  0U WARNING terranbot.activity.location_modifiers:41 No units to place beside for UnitTypeId.STARPORT
11:12 15064   72ms    40M 1102G   0/  0U INFO terranbot.builds.plans.acts.zone_defense:1062 Pulling worker [] for zone 1 to safety
11:12 15068   60ms    40M 1102G   0/  0U WARNING terranbot.activity.location_modifiers:41 No units to place beside for UnitTypeId.STARPORT
11:12 15068   60ms    40M 1102G   0/  0U INFO terranbot.builds.plans.acts.zone_defense:1062 Pulling worker [] for zone 1 to safety
11:12 15072   67ms    40M 1102G   0/  0U WARNING terranbot.activity.location_modifiers:41 No units to place beside for UnitTypeId.STARPORT
11:12 15072   67ms    40M 1102G   0/  0U INFO terranbot.builds.plans.acts.zone_defense:1062 Pulling worker [] for zone 1 to safety
11:13 15076   95ms    40M 1102G   0/  0U WARNING terranbot.activity.location_modifiers:41 No units to place beside for UnitTypeId.STARPORT
11:13 15076   95ms    40M 1102G   0/  0U INFO terranbot.builds.plans.acts.zone_defense:1062 Pulling worker [] for zone 1 to safety
11:13 15080   61ms    40M 1102G   0/  0U WARNING terranbot.activity.location_modifiers:41 No units to place beside for UnitTypeId.STARPORT
11:13 15080   61ms    40M 1102G   0/  0U INFO terranbot.builds.plans.acts.zone_defense:1062 Pulling worker [] for zone 1 to safety
11:13 15084   74ms    40M 1102G   0/  0U WARNING terranbot.activity.location_modifiers:41 No units to place beside for UnitTypeId.STARPORT
11:13 15084   74ms    40M 1102G   0/  0U INFO terranbot.builds.plans.acts.zone_defense:1062 Pulling worker [] for zone 1 to safety
11:13 15088   77ms    40M 1102G   0/  0U WARNING terranbot.activity.location_modifiers:41 No units to place beside for UnitTypeId.STARPORT
11:13 15088   77ms    40M 1102G   0/  0U INFO terranbot.builds.plans.acts.zone_defense:1062 Pulling worker [] for zone 1 to safety
11:13 15092   89ms    40M 1102G   0/  0U WARNING terranbot.activity.location_modifiers:41 No units to place beside for UnitTypeId.STARPORT
11:13 15092   89ms    40M 1102G   0/  0U INFO terranbot.builds.plans.acts.zone_defense:1062 Pulling worker [] for zone 1 to safety
11:13 15096   68ms    40M 1102G   0/  0U WARNING terranbot.activity.location_modifiers:41 No units to place beside for UnitTypeId.STARPORT
11:13 15096   68ms    40M 1102G   0/  0U INFO terranbot.builds.plans.acts.zone_defense:1062 Pulling worker [] for zone 1 to safety
11:14 15100   77ms    40M 1102G   0/  0U WARNING terranbot.activity.location_modifiers:41 No units to place beside for UnitTypeId.STARPORT
11:14 15100   77ms    40M 1102G   0/  0U INFO terranbot.builds.plans.acts.zone_defense:1062 Pulling worker [] for zone 1 to safety
11:14 15104   82ms    40M 1102G   0/  0U WARNING terranbot.activity.location_modifiers:41 No units to place beside for UnitTypeId.STARPORT
11:14 15104   82ms    40M 1102G   0/  0U INFO terranbot.builds.plans.acts.zone_defense:1062 Pulling worker [] for zone 1 to safety
11:14 15108   87ms    40M 1102G   0/  0U WARNING terranbot.activity.location_modifiers:41 No units to place beside for UnitTypeId.STARPORT
11:14 15108   87ms    40M 1102G   0/  0U INFO terranbot.builds.plans.acts.zone_defense:1062 Pulling worker [] for zone 1 to safety
11:14 15112   72ms    40M 1102G   0/  0U WARNING terranbot.activity.location_modifiers:41 No units to place beside for UnitTypeId.STARPORT
11:14 15112   72ms    40M 1102G   0/  0U INFO terranbot.builds.plans.acts.zone_defense:1062 Pulling worker [] for zone 1 to safety
11:14 15116   73ms    40M 1102G   0/  0U WARNING terranbot.activity.location_modifiers:41 No units to place beside for UnitTypeId.STARPORT
11:14 15116   73ms    40M 1102G   0/  0U INFO terranbot.builds.plans.acts.zone_defense:1062 Pulling worker [] for zone 1 to safety
11:15 15120   70ms    40M 1102G   0/  0U WARNING terranbot.activity.location_modifiers:41 No units to place beside for UnitTypeId.STARPORT
11:15 15120   70ms    40M 1102G   0/  0U INFO terranbot.builds.plans.acts.zone_defense:1062 Pulling worker [] for zone 1 to safety
11:15 15124   80ms    40M 1102G   0/  0U WARNING terranbot.activity.location_modifiers:41 No units to place beside for UnitTypeId.STARPORT
11:15 15124   80ms    40M 1102G   0/  0U INFO terranbot.builds.plans.acts.zone_defense:1062 Pulling worker [] for zone 1 to safety
11:15 15128   80ms    40M 1102G   0/  0U WARNING terranbot.activity.location_modifiers:41 No units to place beside for UnitTypeId.STARPORT
11:15 15128   80ms    40M 1102G   0/  0U INFO terranbot.builds.plans.acts.zone_defense:1062 Pulling worker [] for zone 1 to safety
11:15 15132   64ms    40M 1102G   0/  0U WARNING terranbot.activity.location_modifiers:41 No units to place beside for UnitTypeId.STARPORT
11:15 15132   64ms    40M 1102G   0/  0U INFO terranbot.builds.plans.acts.zone_defense:1062 Pulling worker [] for zone 1 to safety
11:15 15136   73ms    40M 1102G   0/  0U WARNING terranbot.activity.location_modifiers:41 No units to place beside for UnitTypeId.STARPORT
11:15 15136   73ms    40M 1102G   0/  0U INFO terranbot.builds.plans.acts.zone_defense:1062 Pulling worker [] for zone 1 to safety
11:15 15140   87ms    40M 1102G   0/  0U WARNING terranbot.activity.location_modifiers:41 No units to place beside for UnitTypeId.STARPORT
11:15 15140   87ms    40M 1102G   0/  0U INFO terranbot.builds.plans.acts.zone_defense:1062 Pulling worker [] for zone 1 to safety
11:16 15144   82ms    40M 1102G   0/  0U WARNING terranbot.activity.location_modifiers:41 No units to place beside for UnitTypeId.STARPORT
11:16 15144   82ms    40M 1102G   0/  0U INFO terranbot.builds.plans.acts.zone_defense:1062 Pulling worker [] for zone 1 to safety
11:16 15148   79ms    40M 1102G   0/  0U WARNING terranbot.activity.location_modifiers:41 No units to place beside for UnitTypeId.STARPORT
11:16 15148   79ms    40M 1102G   0/  0U INFO terranbot.builds.plans.acts.zone_defense:1062 Pulling worker [] for zone 1 to safety
11:16 15152   79ms    40M 1102G   0/  0U WARNING terranbot.activity.location_modifiers:41 No units to place beside for UnitTypeId.STARPORT
11:16 15152   79ms    40M 1102G   0/  0U INFO terranbot.builds.plans.acts.zone_defense:1062 Pulling worker [] for zone 1 to safety
11:16 15156   94ms    40M 1102G   0/  0U WARNING terranbot.activity.location_modifiers:41 No units to place beside for UnitTypeId.STARPORT
11:16 15156   94ms    40M 1102G   0/  0U INFO terranbot.builds.plans.acts.zone_defense:1062 Pulling worker [] for zone 1 to safety
11:16 15160  163ms    40M 1102G   0/  0U WARNING terranbot.activity.location_modifiers:41 No units to place beside for UnitTypeId.STARPORT
11:16 15160  163ms    40M 1102G   0/  0U INFO terranbot.builds.plans.acts.zone_defense:1062 Pulling worker [] for zone 1 to safety
11:16 15164   73ms    40M 1102G   0/  0U WARNING terranbot.activity.location_modifiers:41 No units to place beside for UnitTypeId.STARPORT
11:16 15164   73ms    40M 1102G   0/  0U INFO terranbot.builds.plans.acts.zone_defense:1062 Pulling worker [] for zone 1 to safety
11:17 15168   72ms    40M 1102G   0/  0U WARNING terranbot.activity.location_modifiers:41 No units to place beside for UnitTypeId.STARPORT
11:17 15168   72ms    40M 1102G   0/  0U INFO terranbot.builds.plans.acts.zone_defense:1062 Pulling worker [] for zone 1 to safety
11:17 15172  107ms    40M 1102G   0/  0U WARNING terranbot.activity.location_modifiers:41 No units to place beside for UnitTypeId.STARPORT
11:17 15172  107ms    40M 1102G   0/  0U INFO terranbot.builds.plans.acts.zone_defense:1062 Pulling worker [] for zone 1 to safety
11:17 15176   76ms    40M 1102G   0/  0U WARNING terranbot.activity.location_modifiers:41 No units to place beside for UnitTypeId.STARPORT
11:17 15176   76ms    40M 1102G   0/  0U INFO terranbot.builds.plans.acts.zone_defense:1062 Pulling worker [] for zone 1 to safety
11:17 15180   75ms    40M 1102G   0/  0U WARNING terranbot.activity.location_modifiers:41 No units to place beside for UnitTypeId.STARPORT
11:17 15180   75ms    40M 1102G   0/  0U INFO terranbot.builds.plans.acts.zone_defense:1062 Pulling worker [] for zone 1 to safety
11:17 15184   88ms    40M 1102G   0/  0U WARNING terranbot.activity.location_modifiers:41 No units to place beside for UnitTypeId.STARPORT
11:17 15184   88ms    40M 1102G   0/  0U INFO terranbot.builds.plans.acts.zone_defense:1062 Pulling worker [] for zone 1 to safety
11:18 15188   95ms    40M 1102G   0/  0U WARNING terranbot.activity.location_modifiers:41 No units to place beside for UnitTypeId.STARPORT
11:18 15188   95ms    40M 1102G   0/  0U INFO terranbot.builds.plans.acts.zone_defense:1062 Pulling worker [] for zone 1 to safety
11:18 15192   68ms    40M 1102G   0/  0U WARNING terranbot.activity.location_modifiers:41 No units to place beside for UnitTypeId.STARPORT
11:18 15192   68ms    40M 1102G   0/  0U INFO terranbot.builds.plans.acts.zone_defense:1062 Pulling worker [] for zone 1 to safety
11:18 15196   69ms    40M 1102G   0/  0U WARNING terranbot.activity.location_modifiers:41 No units to place beside for UnitTypeId.STARPORT
11:18 15196   69ms    40M 1102G   0/  0U INFO terranbot.builds.plans.acts.zone_defense:1062 Pulling worker [] for zone 1 to safety
11:18 15200   64ms    40M 1102G   0/  0U WARNING terranbot.activity.location_modifiers:41 No units to place beside for UnitTypeId.STARPORT
11:18 15200   64ms    40M 1102G   0/  0U INFO terranbot.builds.plans.acts.zone_defense:1062 Pulling worker [] for zone 1 to safety
11:18 15204   76ms    40M 1102G   0/  0U WARNING terranbot.activity.location_modifiers:41 No units to place beside for UnitTypeId.STARPORT
11:18 15204   76ms    40M 1102G   0/  0U INFO terranbot.builds.plans.acts.zone_defense:1062 Pulling worker [] for zone 1 to safety
11:18 15208   71ms    40M 1102G   0/  0U WARNING terranbot.activity.location_modifiers:41 No units to place beside for UnitTypeId.STARPORT
11:18 15208   71ms    40M 1102G   0/  0U INFO terranbot.builds.plans.acts.zone_defense:1062 Pulling worker [] for zone 1 to safety
11:19 15212   69ms    40M 1102G   0/  0U WARNING terranbot.activity.location_modifiers:41 No units to place beside for UnitTypeId.STARPORT
11:19 15212   69ms    40M 1102G   0/  0U INFO terranbot.builds.plans.acts.zone_defense:1062 Pulling worker [] for zone 1 to safety
11:19 15216   60ms    40M 1102G   0/  0U WARNING terranbot.activity.location_modifiers:41 No units to place beside for UnitTypeId.STARPORT
11:19 15216   60ms    40M 1102G   0/  0U INFO terranbot.builds.plans.acts.zone_defense:1062 Pulling worker [] for zone 1 to safety
11:19 15220   96ms    40M 1102G   0/  0U WARNING terranbot.activity.location_modifiers:41 No units to place beside for UnitTypeId.STARPORT
11:19 15220   96ms    40M 1102G   0/  0U INFO terranbot.builds.plans.acts.zone_defense:1062 Pulling worker [] for zone 1 to safety
11:19 15224   69ms    40M 1102G   0/  0U WARNING terranbot.activity.location_modifiers:41 No units to place beside for UnitTypeId.STARPORT
11:19 15224   69ms    40M 1102G   0/  0U INFO terranbot.builds.plans.acts.zone_defense:1062 Pulling worker [] for zone 1 to safety
11:19 15228   82ms    40M 1102G   0/  0U WARNING terranbot.activity.location_modifiers:41 No units to place beside for UnitTypeId.STARPORT
11:19 15228   82ms    40M 1102G   0/  0U INFO terranbot.builds.plans.acts.zone_defense:1062 Pulling worker [] for zone 1 to safety
11:19 15228   85ms    40M 1102G   0/  0U INFO sc2.protocol:72 Client status changed to Status.ended (was Status.in_game)
11:19 15228   85ms    40M 1102G   0/  0U INFO sharpy.managers.core.log_manager:80 Result: Defeat
11:19 15228   85ms    40M 1102G   0/  0U INFO sharpy.managers.core.log_manager:80 Duration: 11:19
11:19 15228   85ms    40M 1102G   0/  0U INFO sharpy.managers.core.log_manager:80 Step time min: 21
11:19 15228   85ms    40M 1102G   0/  0U INFO sharpy.managers.core.log_manager:80 Step time avg: 80
11:19 15228   85ms    40M 1102G   0/  0U INFO sharpy.managers.core.log_manager:80 Step time max: 306
11:19 15228   85ms    40M 1102G   0/  0U INFO sharpy.managers.core.log_manager:80 [LostUnitsContents] My lost units minerals and gas: (9025.0, 1200.0)
11:19 15228   85ms    40M 1102G   0/  0U INFO sharpy.managers.core.log_manager:80 [LostUnitsContents] My lost units minerals by score: 9700.0
11:19 15228   85ms    40M 1102G   0/  0U INFO sharpy.managers.core.log_manager:80 [LostUnitsContents] Enemy lost units minerals and gas: (650, 0)
11:19 15228   85ms    40M 1102G   0/  0U INFO sharpy.managers.core.log_manager:80 [LostUnitsContents] Enemy lost units minerals by score: 650.0
11:19 15228   85ms    40M 1102G   0/  0U INFO sharpy.managers.core.log_manager:80 [GameAnalyzerEnd] Own units:
11:19 15228   85ms    40M 1102G   0/  0U INFO sharpy.managers.core.log_manager:80 [GameAnalyzerEnd] MARINE            total:  54 alive:   0 dead:  54 
11:19 15228   85ms    40M 1102G   0/  0U INFO sharpy.managers.core.log_manager:80 [GameAnalyzerEnd] SCV               total:  47 alive:   0 dead:  47 
11:19 15228   85ms    40M 1102G   0/  0U INFO sharpy.managers.core.log_manager:80 [GameAnalyzerEnd] SUPPLYDEPOT       total:  11 alive:   0 dead:  11 
11:19 15228   85ms    40M 1102G   0/  0U INFO sharpy.managers.core.log_manager:80 [GameAnalyzerEnd] REACTOR           total:  10 alive:   0 dead:  10 
11:19 15228   85ms    40M 1102G   0/  0U INFO sharpy.managers.core.log_manager:80 [GameAnalyzerEnd] BARRACKS          total:   5 alive:   0 dead:   5 
11:19 15228   85ms    40M 1102G   0/  0U INFO sharpy.managers.core.log_manager:80 [GameAnalyzerEnd] MEDIVAC           total:   4 alive:   0 dead:   4 
11:19 15228   85ms    40M 1102G   0/  0U INFO sharpy.managers.core.log_manager:80 [GameAnalyzerEnd] REFINERY          total:   4 alive:   0 dead:   4 
11:19 15228   85ms    40M 1102G   0/  0U INFO sharpy.managers.core.log_manager:80 [GameAnalyzerEnd] TECHLAB           total:   2 alive:   1 dead:   1 
11:19 15228   85ms    40M 1102G   0/  0U INFO sharpy.managers.core.log_manager:80 [GameAnalyzerEnd] ORBITALCOMMAND    total:   2 alive:   0 dead:   2 
11:19 15228   85ms    40M 1102G   0/  0U INFO sharpy.managers.core.log_manager:80 [GameAnalyzerEnd] VIKINGFIGHTER     total:   1 alive:   0 dead:   1 
11:19 15228   85ms    40M 1102G   0/  0U INFO sharpy.managers.core.log_manager:80 [GameAnalyzerEnd] FACTORY           total:   1 alive:   0 dead:   1 
11:19 15228   85ms    40M 1102G   0/  0U INFO sharpy.managers.core.log_manager:80 [GameAnalyzerEnd] ENGINEERINGBAY    total:   1 alive:   0 dead:   1 
11:19 15228   85ms    40M 1102G   0/  0U INFO sharpy.managers.core.log_manager:80 [GameAnalyzerEnd] STARPORT          total:   1 alive:   0 dead:   1 
11:19 15228   85ms    40M 1102G   0/  0U INFO sharpy.managers.core.log_manager:80 [GameAnalyzerEnd] Enemy units:
11:19 15228   85ms    40M 1102G   0/  0U INFO sharpy.managers.core.log_manager:80 [GameAnalyzerEnd] MARINE            total:  90 alive:  78 dead:  12 
11:19 15228   85ms    40M 1102G   0/  0U INFO sharpy.managers.core.log_manager:80 [GameAnalyzerEnd] SCV               total:  47 alive:  46 dead:   1 
11:19 15228   85ms    40M 1102G   0/  0U INFO sharpy.managers.core.log_manager:80 [GameAnalyzerEnd] VIKINGFIGHTER     total:   9 alive:   9 dead:   0 
11:19 15228   85ms    40M 1102G   0/  0U INFO sharpy.managers.core.log_manager:80 [GameAnalyzerEnd] SUPPLYDEPOT       total:   6 alive:   6 dead:   0 
11:19 15228   85ms    40M 1102G   0/  0U INFO sharpy.managers.core.log_manager:80 [GameAnalyzerEnd] MEDIVAC           total:   5 alive:   5 dead:   0 
11:19 15228   85ms    40M 1102G   0/  0U INFO sharpy.managers.core.log_manager:80 [GameAnalyzerEnd] BARRACKS          total:   4 alive:   4 dead:   0 
11:19 15228   85ms    40M 1102G   0/  0U INFO sharpy.managers.core.log_manager:80 [GameAnalyzerEnd] REFINERY          total:   4 alive:   4 dead:   0 
11:19 15228   85ms    40M 1102G   0/  0U INFO sharpy.managers.core.log_manager:80 [GameAnalyzerEnd] TECHLAB           total:   3 alive:   3 dead:   0 
11:19 15228   85ms    40M 1102G   0/  0U INFO sharpy.managers.core.log_manager:80 [GameAnalyzerEnd] MISSILETURRET     total:   3 alive:   3 dead:   0 
11:19 15228   85ms    40M 1102G   0/  0U INFO sharpy.managers.core.log_manager:80 [GameAnalyzerEnd] SIEGETANK         total:   3 alive:   3 dead:   0 
11:19 15228   85ms    40M 1102G   0/  0U INFO sharpy.managers.core.log_manager:80 [GameAnalyzerEnd] ORBITALCOMMAND    total:   2 alive:   2 dead:   0 
11:19 15228   85ms    40M 1102G   0/  0U INFO sharpy.managers.core.log_manager:80 [GameAnalyzerEnd] REACTOR           total:   1 alive:   1 dead:   0 
11:19 15228   85ms    40M 1102G   0/  0U INFO sharpy.managers.core.log_manager:80 [GameAnalyzerEnd] FACTORY           total:   1 alive:   1 dead:   0 
11:19 15228   85ms    40M 1102G   0/  0U INFO sharpy.managers.core.log_manager:80 [GameAnalyzerEnd] COMMANDCENTER     total:   1 alive:   1 dead:   0 
11:19 15228   85ms    40M 1102G   0/  0U INFO sharpy.managers.core.log_manager:80 [GameAnalyzerEnd] ENGINEERINGBAY    total:   1 alive:   1 dead:   0 
11:19 15228   85ms    40M 1102G   0/  0U INFO sharpy.managers.core.log_manager:80 [GameAnalyzerEnd] Minerals max 740 Average 129
11:19 15228   85ms    40M 1102G   0/  0U INFO sharpy.managers.core.log_manager:80 [GameAnalyzerEnd] Vespene max 1136 Average 599
11:19 15228   85ms    40M 1102G   0/  0U INFO sc2.main:228 Result for player 2 - Bot T2(Terran): Defeat
Unclosed client session
client_session: <aiohttp.client.ClientSession object at 0x7fdfe73d6ff0>
